Id,MSSubClass,MSZoning,LotFrontage,LotArea,Street,LotShape,LandContour,Utilities,LotConfig,LandSlope,Neighborhood,Condition1,Condition2,BldgType,HouseStyle,OverallQual,OverallCond,YearBuilt,YearRemodAdd,RoofStyle,RoofMatl,Exterior1st,Exterior2nd,MasVnrArea,ExterQual,ExterCond,Foundation,BsmtQual,BsmtCond,BsmtExposure,BsmtFinType1,BsmtFinSF1,BsmtFinType2,BsmtFinSF2,BsmtUnfSF,TotalBsmtSF,Heating,HeatingQC,CentralAir,Electrical,1stFlrSF,2ndFlrSF,LowQualFinSF,GrLivArea,BsmtFullBath,BsmtHalfBath,FullBath,HalfBath,BedroomAbvGr,KitchenAbvGr,KitchenQual,TotRmsAbvGrd,Functional,Fireplaces,FireplaceQu,GarageType,GarageYrBlt,GarageFinish,GarageCars,GarageArea,GarageQual,GarageCond,PavedDrive,WoodDeckSF,OpenPorchSF,EnclosedPorch,3SsnPorch,ScreenPorch,PoolArea,MiscVal,MoSold,YrSold,SaleType,SaleCondition,SalePrice,TotalSF,TotalBaths,TotalPorchSF,FinishedToUnfinishedRatio,LivingArea_to_LotArea,BasementRatio,HouseAge,IsNewHouse,HasSecondFloor,HasGarage,Quality_x_Area,Bath_x_Bed,OverallQual_Squared,GrLivArea_Squared
1,60,RL,65.0,8450,Pave,Reg,Lvl,AllPub,Inside,Gtl,CollgCr,Norm,Norm,1Fam,2Story,7,5,2003,2003,Gable,CompShg,VinylSd,VinylSd,196.0,Gd,TA,PConc,Gd,TA,No,GLQ,706,Unf,0,150,856,GasA,Ex,Y,SBrkr,856,854,0,1710,1,0,2,1,3,1,Gd,8,Typ,0,,Attchd,2003.0,RFn,2,548,TA,TA,Y,0,61,0,0,0,0,0,2,2008,WD,Normal,208500,2566,3.5,61,16.0,0.20236686390532543,0.33359314107560406,5,0,1,1,11970,10.5,49,2924100
2,20,RL,80.0,9600,Pave,Reg,Lvl,AllPub,FR2,Gtl,Veenker,Feedr,Norm,1Fam,1Story,6,8,1976,1976,Gable,CompShg,MetalSd,MetalSd,0.0,TA,TA,CBlock,Gd,TA,Gd,ALQ,978,Unf,0,284,1262,GasA,Ex,Y,SBrkr,1262,0,0,1262,0,1,2,0,3,1,TA,6,Typ,1,TA,Attchd,1976.0,RFn,2,460,TA,TA,Y,298,0,0,0,0,0,0,5,2007,WD,Normal,181500,2524,2.5,0,7.859649122807017,0.13145833333333334,0.5,31,0,0,1,7572,7.5,36,1592644
3,60,RL,68.0,11250,Pave,IR1,Lvl,AllPub,Inside,Gtl,CollgCr,Norm,Norm,1Fam,2Story,7,5,2001,2002,Gable,CompShg,VinylSd,VinylSd,162.0,Gd,TA,PConc,Gd,TA,Mn,GLQ,486,Unf,0,434,920,GasA,Ex,Y,SBrkr,920,866,0,1786,1,0,2,1,3,1,Gd,6,Typ,1,TA,Attchd,2001.0,RFn,2,608,TA,TA,Y,0,42,0,0,0,0,0,9,2008,WD,Normal,223500,2706,3.5,42,5.222988505747127,0.15875555555555557,0.3399852180339985,7,0,1,1,12502,10.5,49,3189796
4,70,RL,60.0,9550,Pave,IR1,Lvl,AllPub,Corner,Gtl,Crawfor,Norm,Norm,1Fam,2Story,7,5,1915,1970,Gable,CompShg,Wd Sdng,Wd Shng,0.0,TA,TA,BrkTil,TA,Gd,No,ALQ,216,Unf,0,540,756,GasA,Gd,Y,SBrkr,961,756,0,1717,1,0,1,0,3,1,Gd,7,Typ,1,Gd,Detchd,1998.0,Unf,3,642,TA,TA,Y,0,35,272,0,0,0,0,2,2006,WD,Abnorml,140000,2473,2.0,307,3.5730129390018486,0.17979057591623038,0.305701577031945,91,0,1,1,12019,6.0,49,2948089
5,60,RL,84.0,14260,Pave,IR1,Lvl,AllPub,FR2,Gtl,NoRidge,Norm,Norm,1Fam,2Story,8,5,2000,2000,Gable,CompShg,VinylSd,VinylSd,350.0,Gd,TA,PConc,Gd,TA,Av,GLQ,655,Unf,0,490,1145,GasA,Ex,Y,SBrkr,1145,1053,0,2198,1,0,2,1,4,1,Gd,9,Typ,1,TA,Attchd,2000.0,RFn,3,836,TA,TA,Y,192,84,0,0,0,0,0,12,2008,WD,Normal,250000,3343,3.5,84,5.810590631364562,0.1541374474053296,0.34250673048160335,8,0,1,1,17584,14.0,64,4831204
6,50,RL,85.0,14115,Pave,IR1,Lvl,AllPub,Inside,Gtl,Mitchel,Norm,Norm,1Fam,1.5Fin,5,5,1993,1995,Gable,CompShg,VinylSd,VinylSd,0.0,TA,TA,Wood,Gd,TA,No,GLQ,732,Unf,0,64,796,GasA,Ex,Y,SBrkr,796,566,0,1362,1,0,1,1,1,1,TA,5,Typ,0,,Attchd,1993.0,Unf,2,480,TA,TA,Y,40,30,0,320,0,0,700,10,2009,WD,Normal,143000,2158,2.5,350,32.215384615384615,0.09649309245483528,0.36886005560704355,16,0,1,1,6810,2.5,25,1855044
7,20,RL,75.0,10084,Pave,Reg,Lvl,AllPub,Inside,Gtl,Somerst,Norm,Norm,1Fam,1Story,8,5,2004,2005,Gable,CompShg,VinylSd,VinylSd,186.0,Gd,TA,PConc,Ex,TA,Av,GLQ,1369,Unf,0,317,1686,GasA,Ex,Y,SBrkr,1694,0,0,1694,1,0,2,0,3,1,Gd,7,Typ,1,Gd,Attchd,2004.0,RFn,2,636,TA,TA,Y,255,57,0,0,0,0,0,8,2007,WD,Normal,307000,3380,3.0,57,9.632075471698114,0.16798889329631098,0.49881656804733726,3,1,0,1,13552,9.0,64,2869636
8,60,RL,69.0,10382,Pave,IR1,Lvl,AllPub,Corner,Gtl,NWAmes,PosN,Norm,1Fam,2Story,7,6,1973,1973,Gable,CompShg,HdBoard,HdBoard,240.0,TA,TA,CBlock,Gd,TA,Mn,ALQ,859,BLQ,32,216,1107,GasA,Ex,Y,SBrkr,1107,983,0,2090,1,0,2,1,3,1,TA,7,Typ,2,TA,Attchd,1973.0,RFn,2,484,TA,TA,Y,235,204,228,0,0,0,350,11,2009,WD,Normal,200000,3197,3.5,432,13.737327188940093,0.20130995954536698,0.34626212073819207,36,0,1,1,14630,10.5,49,4368100
9,50,RM,51.0,6120,Pave,Reg,Lvl,AllPub,Inside,Gtl,OldTown,Artery,Norm,1Fam,1.5Fin,7,5,1931,1950,Gable,CompShg,BrkFace,Wd Shng,0.0,TA,TA,BrkTil,TA,TA,No,Unf,0,Unf,0,952,952,GasA,Gd,Y,FuseF,1022,752,0,1774,0,0,2,0,2,2,TA,8,Min1,2,TA,Detchd,1931.0,Unf,2,468,Fa,TA,Y,90,0,205,0,0,0,0,4,2008,WD,Abnorml,129900,2726,2.0,205,1.8614900314795384,0.28986928104575166,0.3492296404988995,77,0,1,1,12418,4.0,49,3147076
10,190,RL,50.0,7420,Pave,Reg,Lvl,AllPub,Corner,Gtl,BrkSide,Artery,Artery,2fmCon,1.5Unf,5,6,1939,1950,Gable,CompShg,MetalSd,MetalSd,0.0,TA,TA,BrkTil,TA,TA,No,GLQ,851,Unf,0,140,991,GasA,Ex,Y,SBrkr,1077,0,0,1077,1,0,1,0,2,2,TA,5,Typ,2,TA,Attchd,1939.0,RFn,1,205,Gd,TA,Y,0,4,0,0,0,0,0,1,2008,WD,Normal,118000,2068,2.0,4,13.673758865248226,0.14514824797843665,0.47920696324951645,69,0,0,1,5385,4.0,25,1159929
11,20,RL,70.0,11200,Pave,Reg,Lvl,AllPub,Inside,Gtl,Sawyer,Norm,Norm,1Fam,1Story,5,5,1965,1965,Hip,CompShg,HdBoard,HdBoard,0.0,TA,TA,CBlock,TA,TA,No,Rec,906,Unf,0,134,1040,GasA,Ex,Y,SBrkr,1040,0,0,1040,1,0,1,0,3,1,TA,5,Typ,0,,Detchd,1965.0,Unf,1,384,TA,TA,Y,0,0,0,0,0,0,0,2,2008,WD,Normal,129500,2080,2.0,0,14.414814814814815,0.09285714285714286,0.5,43,0,0,1,5200,6.0,25,1081600
12,60,RL,85.0,11924,Pave,IR1,Lvl,AllPub,Inside,Gtl,NridgHt,Norm,Norm,1Fam,2Story,9,5,2005,2006,Hip,CompShg,WdShing,Wd Shng,286.0,Ex,TA,PConc,Ex,TA,No,GLQ,998,Unf,0,177,1175,GasA,Ex,Y,SBrkr,1182,1142,0,2324,1,0,3,0,4,1,Ex,11,Typ,2,Gd,BuiltIn,2005.0,Fin,3,736,TA,TA,Y,147,21,0,0,0,0,0,7,2006,New,Partial,345000,3499,4.0,21,18.662921348314608,0.1949010399194901,0.3358102314947128,1,1,1,1,20916,16.0,81,5400976
13,20,RL,69.0,12968,Pave,IR2,Lvl,AllPub,Inside,Gtl,Sawyer,Norm,Norm,1Fam,1Story,5,6,1962,1962,Hip,CompShg,HdBoard,Plywood,0.0,TA,TA,CBlock,TA,TA,No,ALQ,737,Unf,0,175,912,GasA,TA,Y,SBrkr,912,0,0,912,1,0,1,0,2,1,TA,4,Typ,0,,Detchd,1962.0,Unf,1,352,TA,TA,Y,140,0,0,0,176,0,0,9,2008,WD,Normal,144000,1824,2.0,176,9.369318181818182,0.0703269586674892,0.5,46,0,0,1,4560,4.0,25,831744
14,20,RL,91.0,10652,Pave,IR1,Lvl,AllPub,Inside,Gtl,CollgCr,Norm,Norm,1Fam,1Story,7,5,2006,2007,Gable,CompShg,VinylSd,VinylSd,306.0,Gd,TA,PConc,Gd,TA,Av,Unf,0,Unf,0,1494,1494,GasA,Ex,Y,SBrkr,1494,0,0,1494,0,0,2,0,3,1,Gd,7,Typ,1,Gd,Attchd,2006.0,RFn,3,840,TA,TA,Y,160,33,0,0,0,0,0,8,2007,New,Partial,279500,2988,2.0,33,0.9993311036789297,0.14025535110777318,0.5,1,1,0,1,10458,6.0,49,2232036
15,20,RL,69.0,10920,Pave,IR1,Lvl,AllPub,Corner,Gtl,NAmes,Norm,Norm,1Fam,1Story,6,5,1960,1960,Hip,CompShg,MetalSd,MetalSd,212.0,TA,TA,CBlock,TA,TA,No,BLQ,733,Unf,0,520,1253,GasA,TA,Y,SBrkr,1253,0,0,1253,1,0,1,1,2,1,TA,5,Typ,1,Fa,Attchd,1960.0,RFn,1,352,TA,TA,Y,0,213,176,0,0,0,0,5,2008,WD,Normal,157000,2506,2.5,389,3.8119001919385798,0.11474358974358974,0.5,48,0,0,1,7518,5.0,36,1570009
16,45,RM,51.0,6120,Pave,Reg,Lvl,AllPub,Corner,Gtl,BrkSide,Norm,Norm,1Fam,1.5Unf,7,8,1929,2001,Gable,CompShg,Wd Sdng,Wd Sdng,0.0,TA,TA,BrkTil,TA,TA,No,Unf,0,Unf,0,832,832,GasA,Ex,Y,FuseA,854,0,0,854,0,0,1,0,2,1,TA,5,Typ,0,,Detchd,1991.0,Unf,2,576,TA,TA,Y,48,112,0,0,0,0,0,7,2007,WD,Normal,132000,1686,1.0,112,1.0252100840336134,0.13954248366013072,0.49347568208778175,78,0,0,1,5978,2.0,49,729316
17,20,RL,69.0,11241,Pave,IR1,Lvl,AllPub,CulDSac,Gtl,NAmes,Norm,Norm,1Fam,1Story,6,7,1970,1970,Gable,CompShg,Wd Sdng,Wd Sdng,180.0,TA,TA,CBlock,TA,TA,No,ALQ,578,Unf,0,426,1004,GasA,Ex,Y,SBrkr,1004,0,0,1004,1,0,1,0,2,1,TA,5,Typ,1,TA,Attchd,1970.0,Fin,2,480,TA,TA,Y,0,0,0,0,0,0,700,3,2010,WD,Normal,149000,2008,2.0,0,3.7049180327868854,0.08931589716217418,0.5,40,0,0,1,6024,4.0,36,1008016
18,90,RL,72.0,10791,Pave,Reg,Lvl,AllPub,Inside,Gtl,Sawyer,Norm,Norm,Duplex,1Story,4,5,1967,1967,Gable,CompShg,MetalSd,MetalSd,0.0,TA,TA,Slab,,,,,0,,0,0,0,GasA,TA,Y,SBrkr,1296,0,0,1296,0,0,2,0,2,2,TA,6,Typ,0,,CarPort,1967.0,Unf,2,516,TA,TA,Y,0,0,0,0,0,0,500,10,2006,WD,Normal,90000,1296,2.0,0,1296.0,0.12010008340283569,0.0,39,0,0,1,5184,4.0,16,1679616
19,20,RL,66.0,13695,Pave,Reg,Lvl,AllPub,Inside,Gtl,SawyerW,RRAe,Norm,1Fam,1Story,5,5,2004,2004,Gable,CompShg,VinylSd,VinylSd,0.0,TA,TA,PConc,TA,TA,No,GLQ,646,Unf,0,468,1114,GasA,Ex,Y,SBrkr,1114,0,0,1114,1,0,1,1,3,1,Gd,6,Typ,0,,Detchd,2004.0,Unf,2,576,TA,TA,Y,0,102,0,0,0,0,0,6,2008,WD,Normal,159000,2228,2.5,102,3.7526652452025586,0.08134355604235122,0.5,4,0,0,1,5570,7.5,25,1240996
20,20,RL,70.0,7560,Pave,Reg,Lvl,AllPub,Inside,Gtl,NAmes,Norm,Norm,1Fam,1Story,5,6,1958,1965,Hip,CompShg,BrkFace,Plywood,0.0,TA,TA,CBlock,TA,TA,No,LwQ,504,Unf,0,525,1029,GasA,TA,Y,SBrkr,1339,0,0,1339,0,0,1,0,3,1,TA,6,Min1,0,,Attchd,1958.0,Unf,1,294,TA,TA,Y,0,0,0,0,0,0,0,5,2009,COD,Abnorml,139000,2368,1.0,0,3.5038022813688214,0.17711640211640212,0.4345439189189189,51,0,0,1,6695,3.0,25,1792921
21,60,RL,101.0,14215,Pave,IR1,Lvl,AllPub,Corner,Gtl,NridgHt,Norm,Norm,1Fam,2Story,8,5,2005,2006,Gable,CompShg,VinylSd,VinylSd,380.0,Gd,TA,PConc,Ex,TA,Av,Unf,0,Unf,0,1158,1158,GasA,Ex,Y,SBrkr,1158,1218,0,2376,0,0,3,1,4,1,Gd,9,Typ,1,Gd,BuiltIn,2005.0,RFn,3,853,TA,TA,Y,240,154,0,0,0,0,0,11,2006,New,Partial,325300,3534,3.5,154,2.0500431406384814,0.1671473795286669,0.32767402376910015,1,1,1,1,19008,14.0,64,5645376
22,45,RM,57.0,7449,Pave,Reg,Bnk,AllPub,Inside,Gtl,IDOTRR,Norm,Norm,1Fam,1.5Unf,7,7,1930,1950,Gable,CompShg,Wd Sdng,Wd Sdng,0.0,TA,TA,PConc,TA,TA,No,Unf,0,Unf,0,637,637,GasA,Ex,Y,FuseF,1108,0,0,1108,0,0,1,0,3,1,Gd,6,Typ,1,Gd,Attchd,1930.0,Unf,1,280,TA,TA,N,0,0,205,0,0,0,0,6,2007,WD,Normal,139400,1745,1.0,205,1.7366771159874608,0.14874479795945764,0.3650429799426934,77,0,0,1,7756,3.0,49,1227664
23,20,RL,75.0,9742,Pave,Reg,Lvl,AllPub,Inside,Gtl,CollgCr,Norm,Norm,1Fam,1Story,8,5,2002,2002,Hip,CompShg,VinylSd,VinylSd,281.0,Gd,TA,PConc,Gd,TA,No,Unf,0,Unf,0,1777,1777,GasA,Ex,Y,SBrkr,1795,0,0,1795,0,0,2,0,3,1,Gd,7,Typ,1,Gd,Attchd,2002.0,RFn,2,534,TA,TA,Y,171,159,0,0,0,0,0,9,2008,WD,Normal,230000,3572,2.0,159,1.0095613048368954,0.18425374666392938,0.4974804031354983,6,0,0,1,14360,6.0,64,3222025
24,120,RM,44.0,4224,Pave,Reg,Lvl,AllPub,Inside,Gtl,MeadowV,Norm,Norm,TwnhsE,1Story,5,7,1976,1976,Gable,CompShg,CemntBd,CmentBd,0.0,TA,TA,PConc,Gd,TA,No,GLQ,840,Unf,0,200,1040,GasA,TA,Y,SBrkr,1060,0,0,1060,1,0,1,0,3,1,TA,6,Typ,1,TA,Attchd,1976.0,Unf,2,572,TA,TA,Y,100,110,0,0,0,0,0,6,2007,WD,Normal,129900,2100,2.0,110,9.45273631840796,0.2509469696969697,0.49523809523809526,31,0,0,1,5300,6.0,25,1123600
25,20,RL,69.0,8246,Pave,IR1,Lvl,AllPub,Inside,Gtl,Sawyer,Norm,Norm,1Fam,1Story,5,8,1968,2001,Gable,CompShg,Plywood,Plywood,0.0,TA,Gd,CBlock,TA,TA,Mn,Rec,188,ALQ,668,204,1060,GasA,Ex,Y,SBrkr,1060,0,0,1060,1,0,1,0,3,1,Gd,6,Typ,1,TA,Attchd,1968.0,Unf,1,270,TA,TA,Y,406,90,0,0,0,0,0,5,2010,WD,Normal,154000,2120,2.0,90,9.346341463414634,0.12854717438758187,0.5,42,0,0,1,5300,6.0,25,1123600
26,20,RL,110.0,14230,Pave,Reg,Lvl,AllPub,Corner,Gtl,NridgHt,Norm,Norm,1Fam,1Story,8,5,2007,2007,Gable,CompShg,VinylSd,VinylSd,640.0,Gd,TA,PConc,Gd,TA,No,Unf,0,Unf,0,1566,1566,GasA,Ex,Y,SBrkr,1600,0,0,1600,0,0,2,0,3,1,Gd,7,Typ,1,Gd,Attchd,2007.0,RFn,3,890,TA,TA,Y,0,56,0,0,0,0,0,7,2009,WD,Normal,256300,3166,2.0,56,1.021059349074665,0.11243851018973998,0.49463044851547694,2,1,0,1,12800,6.0,64,2560000
27,20,RL,60.0,7200,Pave,Reg,Lvl,AllPub,Corner,Gtl,NAmes,Norm,Norm,1Fam,1Story,5,7,1951,2000,Gable,CompShg,Wd Sdng,Wd Sdng,0.0,TA,TA,CBlock,TA,TA,Mn,BLQ,234,Rec,486,180,900,GasA,TA,Y,SBrkr,900,0,0,900,0,1,1,0,3,1,Gd,5,Typ,0,,Detchd,2005.0,Unf,2,576,TA,TA,Y,222,32,0,0,0,0,0,5,2010,WD,Normal,134800,1800,1.5,32,8.950276243093922,0.125,0.5,59,0,0,1,4500,4.5,25,810000
28,20,RL,98.0,11478,Pave,Reg,Lvl,AllPub,Inside,Gtl,NridgHt,Norm,Norm,1Fam,1Story,8,5,2007,2008,Gable,CompShg,VinylSd,VinylSd,200.0,Gd,TA,PConc,Ex,TA,No,GLQ,1218,Unf,0,486,1704,GasA,Ex,Y,SBrkr,1704,0,0,1704,1,0,2,0,3,1,Gd,7,Typ,1,Gd,Attchd,2008.0,RFn,3,772,TA,TA,Y,0,50,0,0,0,0,0,5,2010,WD,Normal,306000,3408,3.0,50,6.0,0.14845791949817042,0.5,3,1,0,1,13632,9.0,64,2903616
29,20,RL,47.0,16321,Pave,IR1,Lvl,AllPub,CulDSac,Gtl,NAmes,Norm,Norm,1Fam,1Story,5,6,1957,1997,Gable,CompShg,MetalSd,MetalSd,0.0,TA,TA,CBlock,TA,TA,Gd,BLQ,1277,Unf,0,207,1484,GasA,TA,Y,SBrkr,1600,0,0,1600,1,0,1,0,2,1,TA,6,Typ,2,Gd,Attchd,1957.0,RFn,1,319,TA,TA,Y,288,258,0,0,0,0,0,12,2006,WD,Normal,207500,3084,2.0,258,13.83173076923077,0.09803320874946388,0.48119325551232167,49,0,0,1,8000,4.0,25,2560000
30,30,RM,60.0,6324,Pave,IR1,Lvl,AllPub,Inside,Gtl,BrkSide,Feedr,RRNn,1Fam,1Story,4,6,1927,1950,Gable,CompShg,MetalSd,MetalSd,0.0,TA,TA,BrkTil,TA,TA,No,Unf,0,Unf,0,520,520,GasA,Fa,N,SBrkr,520,0,0,520,0,0,1,0,1,1,Fa,4,Typ,0,,Detchd,1920.0,Unf,1,240,Fa,TA,Y,49,0,87,0,0,0,0,5,2008,WD,Normal,68500,1040,1.0,87,0.9980806142034548,0.08222643896268185,0.5,81,0,0,1,2080,1.0,16,270400
31,70,C (all),50.0,8500,Pave,Reg,Lvl,AllPub,Inside,Gtl,IDOTRR,Feedr,Norm,1Fam,2Story,4,4,1920,1950,Gambrel,CompShg,BrkFace,BrkFace,0.0,TA,Fa,BrkTil,TA,TA,No,Unf,0,Unf,0,649,649,GasA,TA,N,SBrkr,649,668,0,1317,0,0,1,0,3,1,TA,6,Typ,0,,Detchd,1920.0,Unf,1,250,TA,Fa,N,0,54,172,0,0,0,0,7,2008,WD,Normal,40000,1966,1.0,226,2.026153846153846,0.15494117647058825,0.3301119023397762,88,0,1,1,5268,3.0,16,1734489
32,20,RL,69.0,8544,Pave,IR1,Lvl,AllPub,CulDSac,Gtl,Sawyer,Norm,Norm,1Fam,1Story,5,6,1966,2006,Gable,CompShg,HdBoard,HdBoard,0.0,TA,TA,CBlock,TA,TA,No,Unf,0,Unf,0,1228,1228,GasA,Gd,Y,SBrkr,1228,0,0,1228,0,0,1,1,3,1,Gd,6,Typ,0,,Attchd,1966.0,Unf,1,271,TA,TA,Y,0,65,0,0,0,0,0,6,2008,WD,Normal,149350,2456,1.5,65,0.9991863303498779,0.14372659176029962,0.5,42,0,0,1,6140,4.5,25,1507984
33,20,RL,85.0,11049,Pave,Reg,Lvl,AllPub,Corner,Gtl,CollgCr,Norm,Norm,1Fam,1Story,8,5,2007,2007,Gable,CompShg,VinylSd,VinylSd,0.0,Gd,TA,PConc,Ex,TA,Av,Unf,0,Unf,0,1234,1234,GasA,Ex,Y,SBrkr,1234,0,0,1234,0,0,2,0,3,1,Gd,7,Typ,0,,Attchd,2007.0,RFn,2,484,TA,TA,Y,0,30,0,0,0,0,0,1,2008,WD,Normal,179900,2468,2.0,30,0.9991902834008097,0.11168431532265363,0.5,1,1,0,1,9872,6.0,64,1522756
34,20,RL,70.0,10552,Pave,IR1,Lvl,AllPub,Inside,Gtl,NAmes,Norm,Norm,1Fam,1Story,5,5,1959,1959,Hip,CompShg,BrkFace,BrkFace,0.0,TA,TA,CBlock,TA,TA,No,Rec,1018,Unf,0,380,1398,GasA,Gd,Y,SBrkr,1700,0,0,1700,0,1,1,1,4,1,Gd,6,Typ,1,Gd,Attchd,1959.0,RFn,2,447,TA,TA,Y,0,38,0,0,0,0,0,4,2010,WD,Normal,165500,3098,2.0,38,7.133858267716535,0.16110689916603488,0.4512588766946417,51,0,0,1,8500,8.0,25,2890000
35,120,RL,60.0,7313,Pave,Reg,Lvl,AllPub,Inside,Gtl,NridgHt,Norm,Norm,TwnhsE,1Story,9,5,2005,2005,Hip,CompShg,MetalSd,MetalSd,246.0,Ex,TA,PConc,Ex,TA,No,GLQ,1153,Unf,0,408,1561,GasA,Ex,Y,SBrkr,1561,0,0,1561,1,0,2,0,2,1,Ex,6,Typ,1,Gd,Attchd,2005.0,Fin,2,556,TA,TA,Y,203,47,0,0,0,0,0,8,2007,WD,Normal,277500,3122,3.0,47,6.635696821515892,0.21345549022289073,0.5,2,1,0,1,14049,6.0,81,2436721
36,60,RL,108.0,13418,Pave,Reg,Lvl,AllPub,Inside,Gtl,NridgHt,Norm,Norm,1Fam,2Story,8,5,2004,2005,Gable,CompShg,VinylSd,VinylSd,132.0,Gd,TA,PConc,Ex,TA,Av,Unf,0,Unf,0,1117,1117,GasA,Ex,Y,SBrkr,1132,1320,0,2452,0,0,3,1,4,1,Gd,9,Typ,1,Gd,BuiltIn,2004.0,Fin,3,691,TA,TA,Y,113,32,0,0,0,0,0,9,2006,WD,Normal,309000,3569,3.5,32,2.1932021466905187,0.18273960351766283,0.31297282151863265,2,1,1,1,19616,14.0,64,6012304
37,20,RL,112.0,10859,Pave,Reg,Lvl,AllPub,Corner,Gtl,CollgCr,Norm,Norm,1Fam,1Story,5,5,1994,1995,Gable,CompShg,VinylSd,VinylSd,0.0,TA,TA,PConc,Gd,TA,No,Unf,0,Unf,0,1097,1097,GasA,Ex,Y,SBrkr,1097,0,0,1097,0,0,1,1,3,1,TA,6,Typ,0,,Attchd,1995.0,Unf,2,672,TA,TA,Y,392,64,0,0,0,0,0,6,2009,WD,Normal,145000,2194,1.5,64,0.9990892531876139,0.10102219357215213,0.5,15,0,0,1,5485,4.5,25,1203409
38,20,RL,74.0,8532,Pave,Reg,Lvl,AllPub,Inside,Gtl,NAmes,Norm,Norm,1Fam,1Story,5,6,1954,1990,Hip,CompShg,Wd Sdng,Wd Sdng,650.0,TA,TA,CBlock,TA,TA,No,Rec,1213,Unf,0,84,1297,GasA,Gd,Y,SBrkr,1297,0,0,1297,0,1,1,0,3,1,TA,5,Typ,1,TA,Attchd,1954.0,Fin,2,498,TA,TA,Y,0,0,0,0,0,0,0,10,2009,WD,Normal,153000,2594,1.5,0,29.529411764705884,0.15201593999062354,0.5,55,0,0,1,6485,4.5,25,1682209
39,20,RL,68.0,7922,Pave,Reg,Lvl,AllPub,Inside,Gtl,NAmes,Norm,Norm,1Fam,1Story,5,7,1953,2007,Gable,CompShg,VinylSd,VinylSd,0.0,TA,Gd,CBlock,TA,TA,No,GLQ,731,Unf,0,326,1057,GasA,TA,Y,SBrkr,1057,0,0,1057,1,0,1,0,3,1,Gd,5,Typ,0,,Detchd,1953.0,Unf,1,246,TA,TA,Y,0,52,0,0,0,0,0,1,2010,WD,Abnorml,109000,2114,2.0,52,5.467889908256881,0.13342590254986114,0.5,57,0,0,1,5285,6.0,25,1117249
40,90,RL,65.0,6040,Pave,Reg,Lvl,AllPub,Inside,Gtl,Edwards,Norm,Norm,Duplex,1Story,4,5,1955,1955,Gable,CompShg,AsbShng,Plywood,0.0,TA,TA,PConc,,,,,0,,0,0,0,GasA,TA,N,FuseP,1152,0,0,1152,0,0,2,0,2,2,Fa,6,Typ,0,,,0.0,,0,0,,,N,0,0,0,0,0,0,0,6,2008,WD,AdjLand,82000,1152,2.0,0,1152.0,0.19072847682119207,0.0,53,0,0,0,4608,4.0,16,1327104
41,20,RL,84.0,8658,Pave,Reg,Lvl,AllPub,Inside,Gtl,NAmes,Norm,Norm,1Fam,1Story,6,5,1965,1965,Gable,CompShg,Wd Sdng,Wd Sdng,101.0,TA,TA,CBlock,TA,TA,No,Rec,643,Unf,0,445,1088,GasA,Ex,Y,SBrkr,1324,0,0,1324,0,0,2,0,3,1,TA,6,Typ,1,TA,Attchd,1965.0,RFn,2,440,TA,TA,Y,0,138,0,0,0,0,0,12,2006,WD,Abnorml,160000,2412,2.0,138,4.410313901345291,0.15292215292215292,0.45107794361525705,41,0,0,1,7944,6.0,36,1752976
42,20,RL,115.0,16905,Pave,Reg,Lvl,AllPub,Inside,Gtl,Timber,Norm,Norm,1Fam,1Story,5,6,1959,1959,Gable,CompShg,VinylSd,VinylSd,0.0,TA,Gd,CBlock,TA,TA,Gd,BLQ,967,Unf,0,383,1350,GasA,Gd,Y,SBrkr,1328,0,0,1328,0,1,1,1,2,1,TA,5,Typ,2,Gd,Attchd,1959.0,RFn,1,308,TA,TA,P,0,104,0,0,0,0,0,7,2007,WD,Normal,170000,2678,2.0,104,5.9765625,0.07855664004732328,0.5041075429424944,48,0,0,1,6640,4.0,25,1763584
43,85,RL,69.0,9180,Pave,IR1,Lvl,AllPub,CulDSac,Gtl,SawyerW,Norm,Norm,1Fam,SFoyer,5,7,1983,1983,Gable,CompShg,HdBoard,HdBoard,0.0,TA,TA,CBlock,Gd,TA,Av,ALQ,747,LwQ,93,0,840,GasA,Gd,Y,SBrkr,884,0,0,884,1,0,1,0,2,1,Gd,5,Typ,0,,Attchd,1983.0,RFn,2,504,TA,Gd,Y,240,0,0,0,0,0,0,12,2007,WD,Normal,144000,1724,2.0,0,1724.0,0.0962962962962963,0.4872389791183295,24,0,0,1,4420,4.0,25,781456
44,20,RL,69.0,9200,Pave,IR1,Lvl,AllPub,CulDSac,Gtl,CollgCr,Norm,Norm,1Fam,1Story,5,6,1975,1980,Hip,CompShg,VinylSd,VinylSd,0.0,TA,TA,CBlock,Gd,TA,Av,LwQ,280,BLQ,491,167,938,GasA,TA,Y,SBrkr,938,0,0,938,1,0,1,0,3,1,TA,5,Typ,0,,Detchd,1977.0,Unf,1,308,TA,TA,Y,145,0,0,0,0,0,0,7,2008,WD,Normal,130250,1876,2.0,0,10.172619047619047,0.10195652173913043,0.5,33,0,0,1,4690,6.0,25,879844
45,20,RL,70.0,7945,Pave,Reg,Lvl,AllPub,Inside,Gtl,NAmes,Norm,Norm,1Fam,1Story,5,6,1959,1959,Gable,CompShg,BrkFace,Wd Sdng,0.0,TA,TA,CBlock,TA,TA,No,ALQ,179,BLQ,506,465,1150,GasA,Ex,Y,FuseA,1150,0,0,1150,1,0,1,0,3,1,TA,6,Typ,0,,Attchd,1959.0,RFn,1,300,TA,TA,Y,0,0,0,0,0,0,0,5,2006,WD,Normal,141000,2300,2.0,0,3.9377682403433476,0.144745122718691,0.5,47,0,0,1,5750,6.0,25,1322500
46,120,RL,61.0,7658,Pave,Reg,Lvl,AllPub,Inside,Gtl,NridgHt,Norm,Norm,TwnhsE,1Story,9,5,2005,2005,Hip,CompShg,MetalSd,MetalSd,412.0,Ex,TA,PConc,Ex,TA,No,GLQ,456,Unf,0,1296,1752,GasA,Ex,Y,SBrkr,1752,0,0,1752,1,0,2,0,2,1,Ex,6,Typ,1,Gd,Attchd,2005.0,RFn,2,576,TA,TA,Y,196,82,0,0,0,0,0,2,2010,WD,Normal,319900,3504,3.0,82,1.702390131071704,0.2287803604074171,0.5,5,0,0,1,15768,6.0,81,3069504
47,50,RL,48.0,12822,Pave,IR1,Lvl,AllPub,CulDSac,Gtl,Mitchel,Norm,Norm,1Fam,1.5Fin,7,5,2003,2003,Gable,CompShg,VinylSd,VinylSd,0.0,Gd,TA,PConc,Ex,TA,No,GLQ,1351,Unf,0,83,1434,GasA,Ex,Y,SBrkr,1518,631,0,2149,1,0,1,1,1,1,Gd,6,Typ,1,Ex,Attchd,2003.0,RFn,2,670,TA,TA,Y,168,43,0,0,198,0,0,8,2009,WD,Abnorml,239686,3583,2.5,241,41.666666666666664,0.16760255810326002,0.40022327658386825,6,0,1,1,15043,2.5,49,4618201
48,20,FV,84.0,11096,Pave,Reg,Lvl,AllPub,Inside,Gtl,Somerst,Norm,Norm,1Fam,1Story,8,5,2006,2006,Gable,CompShg,VinylSd,VinylSd,0.0,Gd,TA,PConc,Gd,TA,Av,GLQ,24,Unf,0,1632,1656,GasA,Ex,Y,SBrkr,1656,0,0,1656,0,0,2,0,3,1,Gd,7,Typ,0,,Attchd,2006.0,RFn,3,826,TA,TA,Y,0,146,0,0,0,0,0,7,2007,WD,Normal,249700,3312,2.0,146,1.0287813839559095,0.14924297043979812,0.5,1,1,0,1,13248,6.0,64,2742336
49,190,RM,33.0,4456,Pave,Reg,Lvl,AllPub,Inside,Gtl,OldTown,Norm,Norm,2fmCon,2Story,4,5,1920,2008,Gable,CompShg,MetalSd,MetalSd,0.0,TA,TA,BrkTil,TA,TA,No,Unf,0,Unf,0,736,736,GasA,Gd,Y,SBrkr,736,716,0,1452,0,0,2,0,2,3,TA,8,Typ,0,,,0.0,,0,0,,,N,0,0,102,0,0,0,0,6,2009,New,Partial,113000,2188,2.0,102,1.9701492537313432,0.3258527827648115,0.33638025594149906,89,0,1,0,5808,4.0,16,2108304
50,20,RL,66.0,7742,Pave,Reg,Lvl,AllPub,Inside,Gtl,Sawyer,Norm,Norm,1Fam,1Story,5,7,1966,1966,Gable,CompShg,HdBoard,HdBoard,0.0,TA,TA,CBlock,TA,TA,No,BLQ,763,Unf,0,192,955,GasA,Ex,Y,SBrkr,955,0,0,955,1,0,1,0,3,1,TA,6,Typ,0,,Attchd,1966.0,Unf,1,386,TA,TA,Y,0,0,0,0,0,0,0,1,2007,WD,Normal,127000,1910,2.0,0,8.901554404145077,0.12335313872384397,0.5,41,0,0,1,4775,6.0,25,912025
51,60,RL,69.0,13869,Pave,IR2,Lvl,AllPub,Corner,Gtl,Gilbert,Norm,Norm,1Fam,2Story,6,6,1997,1997,Gable,CompShg,VinylSd,VinylSd,0.0,TA,TA,PConc,Gd,TA,Av,GLQ,182,Unf,0,612,794,GasA,Gd,Y,SBrkr,794,676,0,1470,0,1,2,0,3,1,TA,6,Typ,0,,Attchd,1997.0,Fin,2,388,TA,TA,Y,0,75,0,0,0,0,0,7,2007,WD,Normal,177000,2264,2.5,75,2.694942903752039,0.10599178022928835,0.3507067137809187,10,0,1,1,8820,7.5,36,2160900
52,50,RM,52.0,6240,Pave,Reg,Lvl,AllPub,Inside,Gtl,BrkSide,Norm,Norm,1Fam,1.5Fin,6,6,1934,1950,Gable,CompShg,Wd Sdng,Wd Sdng,0.0,TA,TA,PConc,TA,TA,No,Unf,0,Unf,0,816,816,GasA,TA,Y,SBrkr,816,0,360,1176,0,0,1,0,3,1,TA,6,Typ,1,Gd,Detchd,1985.0,Unf,2,528,TA,TA,Y,112,0,0,0,0,0,400,9,2006,WD,Normal,114500,1632,1.0,0,1.4394124847001224,0.18846153846153846,0.5,72,0,0,1,7056,3.0,36,1382976
53,90,RM,110.0,8472,Grvl,IR2,Bnk,AllPub,Corner,Mod,IDOTRR,RRNn,Norm,Duplex,1Story,5,5,1963,1963,Gable,CompShg,Wd Sdng,Wd Sdng,0.0,Fa,TA,CBlock,Gd,TA,Gd,LwQ,104,GLQ,712,0,816,GasA,TA,N,SBrkr,816,0,0,816,1,0,1,0,2,1,TA,5,Typ,0,,CarPort,1963.0,Unf,2,516,TA,TA,Y,106,0,0,0,0,0,0,5,2010,WD,Normal,110000,1632,2.0,0,1632.0,0.09631728045325778,0.5,47,0,0,1,4080,4.0,25,665856
54,20,RL,68.0,50271,Pave,IR1,Low,AllPub,Inside,Gtl,Veenker,Norm,Norm,1Fam,1Story,9,5,1981,1987,Gable,WdShngl,WdShing,Wd Shng,0.0,Gd,TA,CBlock,Ex,TA,Gd,GLQ,1810,Unf,0,32,1842,GasA,Gd,Y,SBrkr,1842,0,0,1842,2,0,0,1,0,1,Gd,5,Typ,1,Gd,Attchd,1981.0,Fin,3,894,TA,TA,Y,857,72,0,0,0,0,0,11,2006,WD,Normal,385000,3684,2.5,72,110.66666666666667,0.036641403592528494,0.5,25,0,0,1,16578,0.0,81,3392964
55,80,RL,60.0,7134,Pave,Reg,Bnk,AllPub,Inside,Mod,NAmes,Norm,Norm,1Fam,SLvl,5,5,1955,1955,Gable,CompShg,MetalSd,MetalSd,0.0,TA,TA,CBlock,TA,TA,No,ALQ,384,Unf,0,0,384,GasA,TA,Y,SBrkr,1360,0,0,1360,0,0,1,0,3,1,TA,6,Min1,1,TA,Detchd,1962.0,Unf,2,572,TA,TA,Y,0,50,0,0,0,0,0,2,2007,WD,Normal,130000,1744,1.0,50,1744.0,0.1906363891225119,0.22018348623853212,52,0,0,1,6800,3.0,25,1849600
56,20,RL,100.0,10175,Pave,IR1,Lvl,AllPub,Inside,Gtl,NAmes,Norm,Norm,1Fam,1Story,6,5,1964,1964,Gable,CompShg,HdBoard,Plywood,272.0,TA,TA,CBlock,TA,TA,No,BLQ,490,Unf,0,935,1425,GasA,Gd,Y,SBrkr,1425,0,0,1425,0,0,2,0,3,1,TA,7,Typ,1,Gd,Attchd,1964.0,RFn,2,576,TA,TA,Y,0,0,0,407,0,0,0,7,2008,WD,Normal,180500,2850,2.0,407,2.0459401709401708,0.14004914004914004,0.5,44,0,0,1,8550,6.0,36,2030625
57,160,FV,24.0,2645,Pave,Reg,Lvl,AllPub,Inside,Gtl,Somerst,Norm,Norm,Twnhs,2Story,8,5,1999,2000,Gable,CompShg,MetalSd,MetalSd,456.0,Gd,TA,PConc,Gd,TA,No,GLQ,649,Unf,0,321,970,GasA,Ex,Y,SBrkr,983,756,0,1739,1,0,2,1,3,1,Gd,7,Typ,0,,Attchd,1999.0,Fin,2,480,TA,TA,Y,115,0,0,0,0,0,0,8,2009,WD,Abnorml,172500,2709,3.5,0,7.416149068322981,0.6574669187145558,0.3580657069029162,10,0,1,1,13912,10.5,64,3024121
58,60,RL,89.0,11645,Pave,IR1,Lvl,AllPub,Corner,Gtl,CollgCr,Norm,Norm,1Fam,2Story,7,5,2004,2004,Gable,CompShg,VinylSd,VinylSd,0.0,Gd,TA,PConc,Gd,TA,No,Unf,0,Unf,0,860,860,GasA,Ex,Y,SBrkr,860,860,0,1720,0,0,2,1,3,1,Gd,7,Typ,0,,Attchd,2004.0,RFn,2,565,TA,TA,Y,0,70,0,0,0,0,0,8,2006,WD,Normal,196500,2580,2.5,70,1.9976771196283392,0.1477028767711464,0.3333333333333333,2,1,1,1,12040,7.5,49,2958400
59,60,RL,66.0,13682,Pave,IR2,HLS,AllPub,CulDSac,Gtl,StoneBr,Norm,Norm,1Fam,2Story,10,5,2006,2006,Hip,CompShg,VinylSd,VinylSd,1031.0,Ex,TA,PConc,Ex,TA,Gd,Unf,0,Unf,0,1410,1410,GasA,Ex,Y,SBrkr,1426,1519,0,2945,0,0,3,1,3,1,Gd,10,Typ,1,Gd,BuiltIn,2006.0,Fin,3,641,TA,TA,Y,192,0,37,0,0,0,0,10,2006,New,Partial,438780,4355,3.5,37,2.087172218284904,0.21524630901914923,0.3237657864523536,0,1,1,1,29450,10.5,100,8673025
60,20,RL,60.0,7200,Pave,Reg,Bnk,AllPub,Inside,Gtl,CollgCr,Norm,Norm,1Fam,1Story,5,7,1972,1972,Gable,CompShg,HdBoard,HdBoard,0.0,TA,TA,CBlock,TA,TA,Av,ALQ,632,Unf,0,148,780,GasA,Ex,Y,SBrkr,780,0,0,780,0,0,1,0,2,1,TA,4,Typ,0,,Detchd,1973.0,Unf,1,352,TA,TA,Y,196,0,0,0,0,0,0,1,2008,WD,Normal,124900,1560,1.0,0,9.476510067114093,0.10833333333333334,0.5,36,0,0,1,3900,2.0,25,608400
61,20,RL,63.0,13072,Pave,Reg,Lvl,AllPub,Inside,Gtl,SawyerW,RRAe,Norm,1Fam,1Story,6,5,2004,2004,Gable,CompShg,VinylSd,VinylSd,0.0,TA,TA,PConc,Gd,TA,No,ALQ,941,Unf,0,217,1158,GasA,Ex,Y,SBrkr,1158,0,0,1158,1,0,1,1,3,1,Gd,5,Typ,0,,Detchd,2006.0,Unf,2,576,TA,TA,Y,0,50,0,0,0,0,0,5,2006,New,Partial,158000,2316,2.5,50,9.628440366972477,0.08858629130966952,0.5,2,1,0,1,6948,7.5,36,1340964
62,75,RM,60.0,7200,Pave,Reg,Lvl,AllPub,Inside,Gtl,IDOTRR,Norm,Norm,1Fam,2.5Unf,5,7,1920,1996,Gable,CompShg,MetalSd,MetalSd,0.0,TA,TA,BrkTil,TA,Fa,No,Unf,0,Unf,0,530,530,GasA,TA,N,SBrkr,581,530,0,1111,0,0,1,0,3,1,Fa,6,Typ,0,,Detchd,1935.0,Unf,1,288,TA,TA,N,0,0,144,0,0,0,0,3,2007,WD,Normal,101000,1641,1.0,144,2.0922787193973633,0.15430555555555556,0.3229737964655698,87,0,1,1,5555,3.0,25,1234321
63,120,RL,44.0,6442,Pave,IR1,Lvl,AllPub,Inside,Gtl,NridgHt,Norm,Norm,TwnhsE,1Story,8,5,2006,2006,Gable,CompShg,VinylSd,VinylSd,178.0,Gd,TA,PConc,Gd,Gd,Mn,GLQ,24,Unf,0,1346,1370,GasA,Ex,Y,SBrkr,1370,0,0,1370,0,0,2,0,2,1,Gd,6,Typ,1,Gd,Attchd,2006.0,RFn,2,484,TA,TA,Y,120,49,0,0,0,0,0,10,2007,WD,Normal,202500,2740,2.0,49,1.0348923533778767,0.21266687364172618,0.5,1,1,0,1,10960,4.0,64,1876900
64,70,RM,50.0,10300,Pave,IR1,Bnk,AllPub,Inside,Gtl,OldTown,RRAn,Feedr,1Fam,2Story,7,6,1921,1950,Gable,CompShg,Stucco,Stucco,0.0,TA,TA,BrkTil,TA,TA,No,Unf,0,Unf,0,576,576,GasA,Gd,Y,SBrkr,902,808,0,1710,0,0,2,0,3,1,TA,9,Typ,0,,Detchd,1990.0,Unf,2,480,TA,TA,Y,12,11,64,0,0,0,0,4,2010,WD,Normal,140000,2286,2.0,75,2.9636048526863084,0.16601941747572815,0.25196850393700787,89,0,1,1,11970,6.0,49,2924100
65,60,RL,69.0,9375,Pave,Reg,Lvl,AllPub,Inside,Gtl,CollgCr,Norm,Norm,1Fam,2Story,7,5,1997,1998,Gable,CompShg,VinylSd,VinylSd,573.0,TA,TA,PConc,Gd,TA,No,GLQ,739,Unf,0,318,1057,GasA,Ex,Y,SBrkr,1057,977,0,2034,1,0,2,1,3,1,Gd,8,Typ,0,,Attchd,1998.0,RFn,2,645,TA,TA,Y,576,36,0,0,0,0,0,2,2009,WD,Normal,219500,3091,3.5,36,8.692789968652038,0.21696,0.3419605305726302,12,0,1,1,14238,10.5,49,4137156
66,60,RL,76.0,9591,Pave,Reg,Lvl,AllPub,Inside,Gtl,NridgHt,Norm,Norm,1Fam,2Story,8,5,2004,2005,Gable,CompShg,VinylSd,VinylSd,344.0,Gd,TA,PConc,Ex,TA,Av,Unf,0,Unf,0,1143,1143,GasA,Ex,Y,SBrkr,1143,1330,0,2473,0,0,2,1,4,1,Gd,9,Typ,1,Gd,BuiltIn,2004.0,RFn,3,852,TA,TA,Y,192,151,0,0,0,0,0,10,2007,WD,Normal,317000,3616,2.5,151,2.1617132867132867,0.2578458971952872,0.3160951327433628,3,1,1,1,19784,10.0,64,6115729
67,20,RL,69.0,19900,Pave,Reg,Lvl,AllPub,Inside,Gtl,NAmes,PosA,Norm,1Fam,1Story,7,5,1970,1989,Gable,CompShg,Plywood,Plywood,287.0,TA,TA,CBlock,Gd,TA,Gd,GLQ,912,Unf,0,1035,1947,GasA,TA,Y,SBrkr,2207,0,0,2207,1,0,2,0,3,1,TA,7,Min1,1,Gd,Attchd,1970.0,RFn,2,576,TA,TA,Y,301,0,0,0,0,0,0,7,2010,WD,Normal,180000,4154,3.0,0,3.0106177606177607,0.11090452261306533,0.4687048627828599,40,0,0,1,15449,9.0,49,4870849
68,20,RL,72.0,10665,Pave,IR1,Lvl,AllPub,Inside,Gtl,CollgCr,Norm,Norm,1Fam,1Story,7,5,2003,2003,Gable,CompShg,VinylSd,VinylSd,167.0,Gd,TA,PConc,Gd,TA,Av,GLQ,1013,Unf,0,440,1453,GasA,Ex,Y,SBrkr,1479,0,0,1479,1,0,2,0,3,1,Gd,7,Typ,0,,Attchd,2003.0,RFn,2,558,TA,TA,Y,144,29,0,0,0,0,0,6,2007,WD,Normal,226000,2932,3.0,29,5.650793650793651,0.13867791842475385,0.4955661664392906,4,0,0,1,10353,9.0,49,2187441
69,30,RM,47.0,4608,Pave,Reg,Lvl,AllPub,Corner,Gtl,OldTown,Artery,Norm,1Fam,1Story,4,6,1945,1950,Gable,CompShg,MetalSd,MetalSd,0.0,TA,Gd,CBlock,TA,TA,No,Unf,0,Unf,0,747,747,GasA,TA,Y,SBrkr,747,0,0,747,0,0,1,0,2,1,TA,4,Typ,0,,Attchd,1945.0,Unf,1,220,TA,TA,Y,0,0,0,0,0,0,0,6,2010,WD,Normal,80000,1494,1.0,0,0.9986631016042781,0.162109375,0.5,65,0,0,1,2988,2.0,16,558009
70,50,RL,81.0,15593,Pave,Reg,Lvl,AllPub,Corner,Gtl,ClearCr,Norm,Norm,1Fam,1.5Fin,7,4,1953,1953,Gable,CompShg,BrkFace,AsbShng,0.0,Gd,TA,CBlock,TA,TA,No,BLQ,603,Unf,0,701,1304,GasW,TA,Y,SBrkr,1304,983,0,2287,0,0,2,0,3,1,TA,7,Typ,1,TA,Attchd,1953.0,Fin,2,667,TA,TA,Y,0,21,114,0,0,0,0,7,2006,WD,Normal,225000,3591,2.0,135,4.116809116809117,0.14666837683575965,0.36313004734057364,53,0,1,1,16009,6.0,49,5230369
71,20,RL,95.0,13651,Pave,IR1,Lvl,AllPub,Inside,Gtl,NAmes,Norm,Norm,1Fam,1Story,7,6,1973,1973,Gable,CompShg,Plywood,Plywood,1115.0,TA,Gd,CBlock,Gd,TA,Gd,ALQ,1880,Unf,0,343,2223,GasA,Ex,Y,SBrkr,2223,0,0,2223,1,0,2,0,3,1,TA,8,Typ,2,Gd,Attchd,1973.0,Fin,2,516,TA,TA,Y,300,0,0,0,0,0,0,2,2007,WD,Normal,244000,4446,3.0,0,11.92732558139535,0.16284521280492273,0.5,34,0,0,1,15561,9.0,49,4941729
72,20,RL,69.0,7599,Pave,Reg,Lvl,AllPub,Corner,Gtl,Mitchel,Norm,Norm,1Fam,1Story,4,6,1982,2006,Gable,CompShg,HdBoard,Plywood,0.0,TA,TA,CBlock,TA,TA,No,ALQ,565,Unf,0,280,845,GasA,TA,Y,SBrkr,845,0,0,845,1,0,1,0,2,1,TA,4,Typ,0,,Detchd,1987.0,Unf,2,360,TA,TA,Y,0,0,0,0,0,0,0,6,2007,WD,Normal,129500,1690,2.0,0,5.01779359430605,0.11119884195288854,0.5,25,0,0,1,3380,4.0,16,714025
73,60,RL,74.0,10141,Pave,IR1,Lvl,AllPub,Corner,Gtl,Gilbert,Norm,Norm,1Fam,2Story,7,5,1998,1998,Gable,CompShg,VinylSd,VinylSd,40.0,TA,TA,PConc,Gd,TA,No,Unf,0,Unf,0,832,832,GasA,Gd,Y,SBrkr,885,833,0,1718,0,0,2,1,3,1,TA,7,Typ,1,TA,Attchd,1998.0,Fin,2,427,TA,TA,Y,0,94,0,0,291,0,0,12,2009,WD,Normal,185000,2550,2.5,385,2.0624249699879953,0.16941130066068436,0.3262745098039216,11,0,1,1,12026,7.5,49,2951524
74,20,RL,85.0,10200,Pave,Reg,Lvl,AllPub,Inside,Gtl,NAmes,Norm,Norm,1Fam,1Story,5,7,1954,2003,Gable,CompShg,Wd Sdng,Wd Sdng,104.0,TA,TA,CBlock,TA,TA,No,ALQ,320,BLQ,362,404,1086,GasA,Gd,Y,SBrkr,1086,0,0,1086,1,0,1,0,3,1,TA,6,Typ,0,,Attchd,1989.0,Unf,2,490,TA,TA,Y,0,0,0,0,0,0,0,5,2010,WD,Normal,144900,2172,2.0,0,4.3654320987654325,0.10647058823529412,0.5,56,0,0,1,5430,6.0,25,1179396
75,50,RM,60.0,5790,Pave,Reg,Lvl,AllPub,Corner,Gtl,OldTown,Norm,Norm,1Fam,2Story,3,6,1915,1950,Gambrel,CompShg,VinylSd,VinylSd,0.0,Gd,Gd,CBlock,Fa,TA,No,Unf,0,Unf,0,840,840,GasA,Gd,N,SBrkr,840,765,0,1605,0,0,2,0,3,2,TA,8,Typ,0,,Detchd,1915.0,Unf,1,379,TA,TA,Y,0,0,202,0,0,0,0,5,2010,WD,Normal,107400,2445,2.0,202,1.9084423305588585,0.2772020725388601,0.34355828220858897,95,0,1,1,4815,6.0,9,2576025
76,180,RM,21.0,1596,Pave,Reg,Lvl,AllPub,Inside,Gtl,MeadowV,Norm,Norm,Twnhs,SLvl,4,5,1973,1973,Gable,CompShg,CemntBd,CmentBd,0.0,TA,TA,CBlock,Gd,TA,Gd,GLQ,462,Unf,0,0,462,GasA,TA,Y,SBrkr,526,462,0,988,1,0,1,0,2,1,TA,5,Typ,0,,BuiltIn,1973.0,Unf,1,297,TA,TA,Y,120,101,0,0,0,0,0,11,2009,WD,Normal,91000,1450,2.0,101,1450.0,0.6190476190476191,0.31862068965517243,36,0,1,1,3952,4.0,16,976144
77,20,RL,69.0,8475,Pave,IR1,Lvl,AllPub,Inside,Gtl,NAmes,Norm,Norm,1Fam,1Story,4,7,1956,1956,Gable,CompShg,VinylSd,VinylSd,0.0,TA,TA,CBlock,TA,TA,No,ALQ,228,Unf,0,724,952,GasA,Ex,Y,FuseA,952,0,0,952,0,0,1,0,2,1,TA,4,Typ,0,,Detchd,1956.0,Unf,1,283,TA,TA,Y,0,0,0,0,0,0,0,4,2008,WD,Normal,135750,1904,1.0,0,1.6275862068965516,0.11233038348082595,0.5,52,0,0,1,3808,2.0,16,906304
78,50,RM,50.0,8635,Pave,Reg,Lvl,AllPub,Inside,Gtl,BrkSide,Norm,Norm,1Fam,1.5Fin,5,5,1948,2001,Gable,CompShg,Wd Sdng,Wd Sdng,0.0,TA,TA,CBlock,TA,TA,No,BLQ,336,GLQ,41,295,672,GasA,TA,Y,SBrkr,1072,213,0,1285,1,0,1,0,2,1,TA,6,Min1,0,,Detchd,1948.0,Unf,1,240,TA,TA,Y,0,0,0,0,0,0,0,1,2008,WD,Normal,127000,1957,2.0,0,5.614864864864865,0.14881297046902142,0.343382728666326,60,0,1,1,6425,4.0,25,1651225
79,90,RL,72.0,10778,Pave,Reg,Lvl,AllPub,Inside,Gtl,Sawyer,Norm,Norm,Duplex,1Story,4,5,1968,1968,Hip,CompShg,HdBoard,HdBoard,0.0,TA,TA,CBlock,TA,TA,No,Unf,0,Unf,0,1768,1768,GasA,TA,N,SBrkr,1768,0,0,1768,0,0,2,0,4,2,TA,8,Typ,0,,,0.0,,0,0,,,Y,0,0,0,0,0,0,0,4,2010,WD,Normal,136500,3536,2.0,0,0.9994347088750707,0.1640378548895899,0.5,42,0,0,0,7072,8.0,16,3125824
80,50,RM,60.0,10440,Pave,Reg,Lvl,AllPub,Corner,Gtl,OldTown,Norm,Norm,1Fam,2Story,5,6,1910,1981,Gable,CompShg,Wd Sdng,Wd Sdng,0.0,TA,TA,PConc,TA,TA,No,Unf,0,Unf,0,440,440,GasA,Gd,Y,SBrkr,682,548,0,1230,0,0,1,1,2,1,TA,5,Typ,0,,Detchd,1966.0,Unf,2,440,TA,TA,Y,74,0,128,0,0,0,0,5,2009,WD,Normal,110000,1670,1.5,128,2.7891156462585034,0.11781609195402298,0.2634730538922156,99,0,1,1,6150,3.0,25,1512900
81,60,RL,100.0,13000,Pave,Reg,Lvl,AllPub,Corner,Gtl,NAmes,Norm,Norm,1Fam,2Story,6,6,1968,1968,Gable,CompShg,VinylSd,VinylSd,576.0,TA,Gd,CBlock,Gd,TA,No,Rec,448,Unf,0,448,896,GasA,TA,Y,SBrkr,1182,960,0,2142,0,0,2,1,4,1,Gd,8,Typ,1,Gd,Attchd,1968.0,Fin,1,509,TA,TA,Y,0,72,0,0,252,0,0,6,2009,WD,Normal,193500,3038,2.5,324,5.76837416481069,0.16476923076923078,0.29493087557603687,41,0,1,1,12852,10.0,36,4588164
82,120,RM,32.0,4500,Pave,Reg,Lvl,AllPub,FR2,Gtl,Mitchel,Norm,Norm,TwnhsE,1Story,6,5,1998,1998,Hip,CompShg,VinylSd,VinylSd,443.0,TA,Gd,PConc,Ex,Gd,No,GLQ,1201,Unf,0,36,1237,GasA,Ex,Y,SBrkr,1337,0,0,1337,1,0,2,0,2,1,TA,5,Typ,0,,Attchd,1998.0,Fin,2,405,TA,TA,Y,0,199,0,0,0,0,0,3,2006,WD,Normal,153500,2574,3.0,199,68.5945945945946,0.2971111111111111,0.48057498057498055,8,0,0,1,8022,6.0,36,1787569
83,20,RL,78.0,10206,Pave,Reg,Lvl,AllPub,Inside,Gtl,Somerst,Norm,Norm,1Fam,1Story,8,5,2007,2007,Gable,CompShg,VinylSd,VinylSd,468.0,TA,TA,PConc,Gd,TA,No,GLQ,33,Unf,0,1530,1563,GasA,Ex,Y,SBrkr,1563,0,0,1563,0,0,2,0,3,1,Gd,6,Typ,1,Gd,Attchd,2007.0,RFn,3,758,TA,TA,Y,144,99,0,0,0,0,0,10,2008,WD,Normal,245000,3126,2.0,99,1.0424559111691705,0.15314520870076426,0.5,1,1,0,1,12504,6.0,64,2442969
84,20,RL,80.0,8892,Pave,IR1,Lvl,AllPub,Inside,Gtl,NAmes,Norm,Norm,1Fam,1Story,5,5,1960,1960,Gable,CompShg,MetalSd,MetalSd,66.0,TA,TA,CBlock,TA,TA,No,Unf,0,Unf,0,1065,1065,GasA,Gd,Y,SBrkr,1065,0,0,1065,0,0,1,1,3,1,TA,6,Typ,0,,Detchd,1974.0,Unf,2,461,TA,TA,Y,74,0,0,0,0,0,0,7,2007,COD,Normal,126500,2130,1.5,0,0.99906191369606,0.11977058029689609,0.5,47,0,0,1,5325,4.5,25,1134225
85,80,RL,69.0,8530,Pave,IR1,Lvl,AllPub,Inside,Gtl,Gilbert,Norm,Norm,1Fam,SLvl,7,5,1995,1996,Gable,CompShg,HdBoard,HdBoard,22.0,TA,TA,PConc,Gd,TA,No,Unf,0,Unf,0,384,384,GasA,Gd,Y,SBrkr,804,670,0,1474,0,0,2,1,3,1,TA,7,Typ,1,TA,BuiltIn,1995.0,Fin,2,400,TA,TA,Y,120,72,0,0,0,0,700,5,2009,WD,Normal,168500,1858,2.5,72,3.8285714285714287,0.17280187573270808,0.20667384284176535,14,0,1,1,10318,7.5,49,2172676
86,60,RL,121.0,16059,Pave,Reg,Lvl,AllPub,Corner,Gtl,NoRidge,Norm,Norm,1Fam,2Story,8,5,1991,1992,Hip,CompShg,HdBoard,HdBoard,284.0,Gd,TA,CBlock,Gd,TA,No,Unf,0,Unf,0,1288,1288,GasA,Ex,Y,SBrkr,1301,1116,0,2417,0,0,2,1,4,1,Gd,9,Typ,1,TA,Attchd,1991.0,Unf,2,462,TA,TA,Y,127,82,0,0,0,0,0,4,2006,WD,Normal,260000,3705,2.5,82,1.8750969743987587,0.15050750358054674,0.347638326585695,15,0,1,1,19336,10.0,64,5841889
87,60,RL,122.0,11911,Pave,IR2,Lvl,AllPub,Inside,Gtl,Gilbert,Norm,Norm,1Fam,2Story,6,5,2005,2005,Gable,CompShg,VinylSd,VinylSd,0.0,Gd,TA,PConc,Gd,TA,Av,Unf,0,Unf,0,684,684,GasA,Ex,Y,SBrkr,684,876,0,1560,0,0,2,1,3,1,Gd,6,Typ,1,Gd,BuiltIn,2005.0,Fin,2,400,TA,TA,Y,100,38,0,0,0,0,0,3,2009,WD,Normal,174000,2244,2.5,38,2.2773722627737225,0.13097137100159517,0.3048128342245989,4,0,1,1,9360,7.5,36,2433600
88,160,FV,40.0,3951,Pave,Reg,Lvl,AllPub,Corner,Gtl,Somerst,Norm,Norm,TwnhsE,2Story,6,5,2009,2009,Gable,CompShg,VinylSd,VinylSd,76.0,Gd,TA,PConc,Gd,TA,Av,Unf,0,Unf,0,612,612,GasA,Ex,Y,SBrkr,612,612,0,1224,0,0,2,1,2,1,Gd,4,Typ,0,,Detchd,2009.0,RFn,2,528,TA,TA,Y,0,234,0,0,0,0,0,6,2009,New,Partial,164500,1836,2.5,234,1.99673735725938,0.3097949886104784,0.3333333333333333,0,1,1,1,7344,5.0,36,1498176
89,50,C (all),105.0,8470,Pave,IR1,Lvl,AllPub,Corner,Gtl,IDOTRR,Feedr,Feedr,1Fam,1.5Fin,3,2,1915,1982,Hip,CompShg,Plywood,Plywood,0.0,Fa,Fa,CBlock,TA,Fa,No,Unf,0,Unf,0,1013,1013,GasA,TA,N,SBrkr,1013,0,513,1526,0,0,1,0,2,1,Fa,6,Typ,0,,,0.0,,0,0,,,N,0,0,156,0,0,0,0,10,2009,ConLD,Abnorml,85000,2026,1.0,156,1.504930966469428,0.18016528925619835,0.5,94,0,0,0,4578,2.0,9,2328676
90,20,RL,60.0,8070,Pave,Reg,Lvl,AllPub,Inside,Gtl,CollgCr,Norm,Norm,1Fam,1Story,4,5,1994,1995,Gable,CompShg,VinylSd,VinylSd,0.0,TA,TA,PConc,Gd,TA,No,GLQ,588,Unf,0,402,990,GasA,Ex,Y,SBrkr,990,0,0,990,1,0,1,0,3,1,TA,5,Typ,0,,,0.0,,0,0,,,Y,0,0,0,0,0,0,0,8,2007,WD,Normal,123600,1980,2.0,0,3.9156327543424316,0.12267657992565056,0.5,13,0,0,0,3960,6.0,16,980100
91,20,RL,60.0,7200,Pave,Reg,Lvl,AllPub,Inside,Gtl,NAmes,Norm,Norm,1Fam,1Story,4,5,1950,1950,Gable,CompShg,BrkFace,Wd Sdng,0.0,TA,TA,Slab,,,,,0,,0,0,0,GasA,TA,Y,FuseA,1040,0,0,1040,0,0,1,0,2,1,TA,4,Typ,0,,Detchd,1950.0,Unf,2,420,TA,TA,Y,0,29,0,0,0,0,0,7,2006,WD,Normal,109900,1040,1.0,29,1040.0,0.14444444444444443,0.0,56,0,0,1,4160,2.0,16,1081600
92,20,RL,85.0,8500,Pave,Reg,Lvl,AllPub,Inside,Gtl,NAmes,Norm,Norm,1Fam,1Story,5,3,1961,1961,Hip,CompShg,HdBoard,HdBoard,203.0,TA,TA,CBlock,TA,TA,No,Rec,600,Unf,0,635,1235,GasA,TA,Y,SBrkr,1235,0,0,1235,0,0,1,0,2,1,TA,6,Typ,0,,Attchd,1961.0,Unf,2,480,TA,TA,Y,0,0,0,0,0,0,0,12,2006,WD,Abnorml,98600,2470,1.0,0,2.8852201257861636,0.14529411764705882,0.5,45,0,0,1,6175,2.0,25,1525225
93,30,RL,80.0,13360,Pave,IR1,HLS,AllPub,Inside,Gtl,Crawfor,Norm,Norm,1Fam,1Story,5,7,1921,2006,Gable,CompShg,Wd Sdng,Wd Sdng,0.0,TA,Gd,BrkTil,Gd,TA,No,ALQ,713,Unf,0,163,876,GasA,Ex,Y,SBrkr,964,0,0,964,1,0,1,0,2,1,TA,5,Typ,0,,Detchd,1921.0,Unf,2,432,TA,TA,Y,0,0,44,0,0,0,0,8,2009,WD,Normal,163500,1840,2.0,44,10.225609756097562,0.0721556886227545,0.47608695652173916,88,0,0,1,4820,4.0,25,929296
94,190,C (all),60.0,7200,Pave,Reg,Lvl,AllPub,Corner,Gtl,OldTown,Norm,Norm,2fmCon,2.5Unf,6,6,1910,1998,Hip,CompShg,MetalSd,MetalSd,0.0,TA,TA,BrkTil,TA,Fa,Mn,Rec,1046,Unf,0,168,1214,GasW,Ex,N,SBrkr,1260,1031,0,2291,0,1,2,0,4,2,TA,9,Typ,1,Gd,Detchd,1900.0,Unf,2,506,TA,TA,Y,0,0,0,0,99,0,0,11,2007,WD,Normal,133900,3505,2.5,99,19.745562130177515,0.31819444444444445,0.3463623395149786,97,0,1,1,13746,10.0,36,5248681
95,60,RL,69.0,9337,Pave,IR1,Lvl,AllPub,Inside,Gtl,CollgCr,Norm,Norm,1Fam,2Story,6,5,1997,1997,Gable,CompShg,VinylSd,VinylSd,0.0,TA,Gd,PConc,Gd,TA,No,GLQ,648,Unf,0,176,824,GasA,Ex,Y,SBrkr,905,881,0,1786,1,0,2,1,3,1,Gd,7,Typ,0,,Attchd,1997.0,RFn,2,684,TA,TA,Y,0,162,0,0,0,0,0,5,2007,WD,Normal,204750,2610,3.5,162,13.751412429378531,0.19128199635857343,0.3157088122605364,10,0,1,1,10716,10.5,36,3189796
96,60,RL,69.0,9765,Pave,IR2,Lvl,AllPub,Corner,Gtl,Gilbert,Norm,Norm,1Fam,2Story,6,8,1993,1993,Gable,CompShg,VinylSd,VinylSd,68.0,Ex,Gd,PConc,Gd,Gd,No,ALQ,310,Unf,0,370,680,GasA,Gd,Y,SBrkr,680,790,0,1470,0,0,2,1,3,1,TA,6,Typ,1,TA,BuiltIn,1993.0,Fin,2,420,TA,TA,Y,232,63,0,0,0,0,480,4,2009,WD,Normal,185000,2150,2.5,63,4.797843665768194,0.15053763440860216,0.31627906976744186,16,0,1,1,8820,7.5,36,2160900
97,20,RL,78.0,10264,Pave,IR1,Lvl,AllPub,Inside,Gtl,CollgCr,Norm,Norm,1Fam,1Story,7,5,1999,1999,Gable,CompShg,VinylSd,VinylSd,183.0,Gd,TA,PConc,Gd,TA,Av,ALQ,1162,Unf,0,426,1588,GasA,Ex,Y,SBrkr,1588,0,0,1588,0,0,2,0,3,1,Gd,6,Typ,0,,Attchd,1999.0,RFn,2,472,TA,TA,Y,158,29,0,0,0,0,0,8,2006,WD,Normal,214000,3176,2.0,29,6.4402810304449645,0.15471551052221355,0.5,7,0,0,1,11116,6.0,49,2521744
98,20,RL,73.0,10921,Pave,Reg,HLS,AllPub,Inside,Gtl,Edwards,Norm,Norm,1Fam,1Story,4,5,1965,1965,Hip,CompShg,HdBoard,HdBoard,48.0,TA,TA,CBlock,TA,TA,No,Rec,520,Unf,0,440,960,GasA,TA,Y,FuseF,960,0,0,960,1,0,1,0,3,1,TA,6,Typ,0,,Attchd,1965.0,Fin,1,432,TA,TA,P,120,0,0,0,0,0,0,5,2007,WD,Normal,94750,1920,2.0,0,3.3560090702947845,0.08790403809174983,0.5,42,0,0,1,3840,6.0,16,921600
99,30,RL,85.0,10625,Pave,Reg,Lvl,AllPub,Corner,Gtl,Edwards,Norm,Norm,1Fam,1Story,5,5,1920,1950,Gable,CompShg,Wd Sdng,Wd Sdng,0.0,TA,TA,BrkTil,TA,TA,No,ALQ,108,Unf,0,350,458,GasA,Fa,N,SBrkr,835,0,0,835,0,0,1,0,2,1,TA,5,Typ,0,,Basment,1920.0,Unf,1,366,Fa,TA,Y,0,0,77,0,0,0,400,5,2010,COD,Abnorml,83000,1293,1.0,77,2.6866096866096867,0.07858823529411765,0.354215003866976,90,0,0,1,4175,2.0,25,697225
100,20,RL,77.0,9320,Pave,IR1,Lvl,AllPub,Inside,Gtl,NAmes,Norm,Norm,1Fam,1Story,4,5,1959,1959,Gable,CompShg,Plywood,Plywood,0.0,TA,TA,CBlock,TA,TA,No,ALQ,569,Unf,0,381,950,GasA,Fa,Y,SBrkr,1225,0,0,1225,1,0,1,1,3,1,TA,6,Typ,0,,,0.0,,0,0,,,Y,352,0,0,0,0,0,400,1,2010,WD,Normal,128950,2175,2.5,0,4.696335078534031,0.13143776824034334,0.4367816091954023,51,0,0,0,4900,7.5,16,1500625
101,20,RL,69.0,10603,Pave,IR1,Lvl,AllPub,Inside,Gtl,NWAmes,Norm,Norm,1Fam,1Story,6,7,1977,2001,Gable,CompShg,Plywood,Plywood,28.0,TA,TA,PConc,TA,TA,Mn,ALQ,1200,Unf,0,410,1610,GasA,Gd,Y,SBrkr,1610,0,0,1610,1,0,2,0,3,1,Gd,6,Typ,2,TA,Attchd,1977.0,RFn,2,480,TA,TA,Y,168,68,0,0,0,0,0,2,2010,WD,Normal,205000,3220,3.0,68,6.8369829683698295,0.15184381778741865,0.5,33,0,0,1,9660,9.0,36,2592100
102,60,RL,77.0,9206,Pave,Reg,Lvl,AllPub,Inside,Gtl,SawyerW,Norm,Norm,1Fam,2Story,6,5,1985,1985,Gable,CompShg,HdBoard,HdBoard,336.0,Gd,TA,CBlock,Gd,TA,No,Unf,0,Unf,0,741,741,GasA,TA,Y,SBrkr,977,755,0,1732,0,0,2,1,3,1,Gd,7,Typ,1,TA,Attchd,1985.0,Fin,2,476,TA,TA,Y,192,46,0,0,0,0,0,6,2010,WD,Normal,178000,2473,2.5,46,2.334231805929919,0.18813817075820116,0.29963606955115246,25,0,1,1,10392,7.5,36,2999824
103,90,RL,64.0,7018,Pave,Reg,Bnk,AllPub,Inside,Gtl,SawyerW,Norm,Norm,Duplex,1Story,5,5,1979,1979,Gable,CompShg,HdBoard,HdBoard,0.0,TA,Fa,Slab,,,,,0,,0,0,0,GasA,TA,Y,SBrkr,1535,0,0,1535,0,0,2,0,4,2,TA,8,Typ,0,,Attchd,1979.0,Unf,2,410,TA,TA,Y,0,0,0,0,0,0,0,6,2009,WD,Alloca,118964,1535,2.0,0,1535.0,0.21872328298660587,0.0,30,0,0,1,7675,8.0,25,2356225
104,20,RL,94.0,10402,Pave,IR1,Lvl,AllPub,Corner,Gtl,CollgCr,Norm,Norm,1Fam,1Story,7,5,2009,2009,Gable,CompShg,VinylSd,VinylSd,0.0,TA,TA,PConc,Gd,TA,No,Unf,0,Unf,0,1226,1226,GasA,Ex,Y,SBrkr,1226,0,0,1226,0,0,2,0,3,1,Gd,6,Typ,0,,Attchd,2009.0,RFn,3,740,TA,TA,Y,0,36,0,0,0,0,0,5,2010,WD,Normal,198900,2452,2.0,36,0.9991850040749797,0.1178619496250721,0.5,1,1,0,1,8582,6.0,49,1503076
105,50,RM,69.0,7758,Pave,Reg,Lvl,AllPub,Corner,Gtl,IDOTRR,Norm,Norm,1Fam,1.5Fin,7,4,1931,1950,Gable,CompShg,Stucco,Stucco,600.0,TA,Fa,PConc,TA,TA,No,LwQ,224,Unf,0,816,1040,GasA,Ex,Y,FuseF,1226,592,0,1818,0,0,1,1,4,1,TA,7,Typ,2,TA,Detchd,1951.0,Unf,1,240,TA,TA,Y,0,0,0,0,184,0,0,6,2007,WD,Normal,169500,2858,1.5,184,2.4993880048959607,0.23433874709976799,0.363890832750175,76,0,1,1,12726,6.0,49,3305124
106,60,FV,75.0,9375,Pave,Reg,Lvl,AllPub,Inside,Gtl,Somerst,Norm,Norm,1Fam,2Story,8,5,2003,2004,Hip,CompShg,VinylSd,VinylSd,768.0,Gd,TA,PConc,Ex,TA,No,Unf,0,Unf,0,1053,1053,GasA,Ex,Y,SBrkr,1053,939,0,1992,0,0,2,1,3,1,Gd,9,Typ,1,Gd,Attchd,2003.0,RFn,2,648,TA,TA,Y,140,45,0,0,0,0,0,8,2008,WD,Normal,250000,3045,2.5,45,1.889943074003795,0.21248,0.3458128078817734,5,0,1,1,15936,7.5,64,3968064
107,30,RM,60.0,10800,Pave,Reg,Lvl,AllPub,Inside,Gtl,OldTown,Norm,Norm,1Fam,1Story,4,7,1885,1995,Mansard,CompShg,VinylSd,VinylSd,0.0,TA,TA,BrkTil,Fa,TA,No,Unf,0,Unf,0,641,641,GasA,Gd,Y,SBrkr,1047,0,0,1047,0,0,1,0,2,1,TA,6,Typ,0,,Detchd,1954.0,Unf,1,273,Fa,Fa,N,0,0,0,0,0,0,450,8,2007,WD,Normal,100000,1688,1.0,0,1.6308411214953271,0.09694444444444444,0.379739336492891,122,0,0,1,4188,2.0,16,1096209
108,20,RM,50.0,6000,Pave,Reg,Lvl,AllPub,Inside,Gtl,OldTown,Norm,Norm,1Fam,1Story,5,5,1948,1950,Gable,CompShg,VinylSd,VinylSd,0.0,TA,TA,CBlock,TA,TA,No,ALQ,104,BLQ,169,516,789,GasA,Ex,Y,SBrkr,789,0,0,789,0,0,1,0,2,1,TA,5,Typ,0,,Detchd,1948.0,Unf,1,250,TA,TA,Y,0,0,0,0,0,0,0,4,2008,WD,Partial,115000,1578,1.0,0,2.0541586073500966,0.1315,0.5,60,0,0,1,3945,2.0,25,622521
109,50,RM,85.0,8500,Pave,Reg,Lvl,AllPub,Corner,Gtl,IDOTRR,Artery,Norm,1Fam,1.5Fin,5,7,1919,2005,Gable,CompShg,CemntBd,CmentBd,0.0,TA,TA,CBlock,TA,TA,No,Unf,0,Unf,0,793,793,GasW,TA,N,FuseF,997,520,0,1517,0,0,2,0,3,1,Fa,7,Typ,0,,,0.0,,0,0,,,N,0,0,144,0,0,0,0,8,2007,WD,Normal,115000,2310,2.0,144,1.9105793450881612,0.17847058823529413,0.3432900432900433,88,0,1,0,7585,6.0,25,2301289
110,20,RL,105.0,11751,Pave,IR1,Lvl,AllPub,Inside,Gtl,NWAmes,Norm,Norm,1Fam,1Story,6,6,1977,1977,Hip,CompShg,Plywood,Plywood,480.0,TA,TA,CBlock,Gd,TA,No,BLQ,705,Unf,0,1139,1844,GasA,Ex,Y,SBrkr,1844,0,0,1844,0,0,2,0,3,1,TA,7,Typ,1,TA,Attchd,1977.0,RFn,2,546,TA,TA,Y,0,122,0,0,0,0,0,1,2010,COD,Normal,190000,3688,2.0,122,2.2359649122807017,0.1569228150795677,0.5,33,0,0,1,11064,6.0,36,3400336
111,50,RL,75.0,9525,Pave,Reg,Lvl,AllPub,Inside,Gtl,Edwards,Norm,Norm,1Fam,1.5Fin,6,4,1954,1972,Gable,CompShg,Wd Sdng,Wd Sdng,0.0,TA,TA,CBlock,TA,Fa,No,Rec,444,Unf,0,550,994,GasA,Gd,Y,SBrkr,1216,639,0,1855,0,0,2,0,4,1,TA,7,Typ,0,,Attchd,1954.0,Unf,1,325,TA,TA,Y,182,0,0,0,0,0,0,10,2006,WD,Normal,136900,2849,2.0,0,4.172413793103448,0.194750656167979,0.3488943488943489,52,0,1,1,11130,8.0,36,3441025
112,80,RL,69.0,7750,Pave,IR1,Lvl,AllPub,Inside,Gtl,Gilbert,Norm,Norm,1Fam,SLvl,7,5,2000,2000,Gable,CompShg,VinylSd,VinylSd,0.0,TA,TA,PConc,Gd,TA,No,GLQ,250,Unf,0,134,384,GasA,Ex,Y,SBrkr,774,656,0,1430,0,0,2,1,3,1,TA,7,Typ,1,TA,BuiltIn,2000.0,Fin,2,400,TA,TA,Y,180,0,0,0,0,0,0,4,2010,WD,Normal,180000,1814,2.5,0,12.444444444444445,0.18451612903225806,0.21168687982359427,10,0,1,1,10010,7.5,49,2044900
113,60,RL,77.0,9965,Pave,Reg,Lvl,AllPub,Inside,Gtl,CollgCr,Norm,Norm,1Fam,2Story,7,5,2007,2007,Gable,CompShg,VinylSd,VinylSd,220.0,Gd,TA,PConc,Ex,TA,Av,GLQ,984,Unf,0,280,1264,GasA,Ex,Y,SBrkr,1282,1414,0,2696,1,0,2,1,4,1,Ex,10,Typ,1,Gd,BuiltIn,2007.0,Fin,3,792,TA,TA,Y,120,184,0,0,168,0,0,10,2007,New,Partial,383970,3960,3.5,352,13.09608540925267,0.27054691419969895,0.3191919191919192,0,1,1,1,18872,14.0,49,7268416
114,20,RL,69.0,21000,Pave,Reg,Bnk,AllPub,Corner,Gtl,Crawfor,Norm,Norm,1Fam,1Story,6,5,1953,1953,Hip,CompShg,Wd Sdng,Wd Sdng,184.0,TA,Gd,CBlock,Gd,TA,Mn,ALQ,35,Rec,869,905,1809,GasA,TA,Y,SBrkr,2259,0,0,2259,1,0,2,0,3,1,Gd,7,Typ,2,Gd,Basment,1953.0,Unf,2,450,TA,TA,Y,166,120,192,0,0,0,0,10,2007,COD,Abnorml,217000,4068,3.0,312,3.4911699779249448,0.10757142857142857,0.4446902654867257,54,0,0,1,13554,9.0,36,5103081
115,70,RL,61.0,7259,Pave,IR1,Lvl,AllPub,Inside,Mod,Crawfor,Norm,Norm,1Fam,2Story,6,8,1945,2002,Gambrel,CompShg,Wd Sdng,Wd Sdng,0.0,TA,TA,CBlock,TA,TA,No,ALQ,774,LwQ,150,104,1028,GasA,Ex,Y,SBrkr,1436,884,0,2320,1,0,2,1,3,1,Gd,9,Typ,1,TA,Detchd,1945.0,Unf,1,180,TA,TA,Y,224,0,0,0,0,0,0,7,2007,WD,Normal,259500,3348,3.5,0,30.895238095238096,0.31960325113652016,0.3070489844683393,62,0,1,1,13920,10.5,36,5382400
116,160,FV,34.0,3230,Pave,Reg,Lvl,AllPub,Corner,Gtl,Somerst,Norm,Norm,TwnhsE,2Story,6,5,1999,1999,Gable,CompShg,MetalSd,MetalSd,1129.0,TA,TA,PConc,Gd,TA,No,GLQ,419,Unf,0,310,729,GasA,Gd,Y,SBrkr,729,729,0,1458,0,0,2,1,2,1,TA,5,Typ,1,Fa,Detchd,1999.0,Unf,2,440,TA,TA,Y,0,32,0,0,0,0,0,6,2007,WD,Normal,176000,2187,2.5,32,6.035369774919614,0.45139318885448915,0.3333333333333333,8,0,1,1,8748,5.0,36,2125764
117,20,RL,69.0,11616,Pave,Reg,Lvl,AllPub,Inside,Gtl,Sawyer,Norm,Norm,1Fam,1Story,5,5,1962,1962,Gable,CompShg,Wd Sdng,Wd Sdng,116.0,TA,TA,CBlock,TA,TA,No,LwQ,170,BLQ,670,252,1092,GasA,TA,Y,SBrkr,1092,0,0,1092,0,1,1,0,3,1,TA,6,Typ,1,Po,Attchd,1962.0,Unf,1,288,TA,TA,Y,0,20,144,0,0,0,0,9,2009,WD,Normal,139000,2184,1.5,164,7.636363636363637,0.09400826446280992,0.5,47,0,0,1,5460,4.5,25,1192464
118,20,RL,74.0,8536,Pave,Reg,Lvl,AllPub,Corner,Gtl,Edwards,Norm,Norm,1Fam,1Story,5,5,2006,2007,Gable,CompShg,VinylSd,VinylSd,0.0,TA,TA,PConc,Gd,TA,No,Unf,0,Unf,0,1125,1125,GasA,Gd,Y,SBrkr,1125,0,0,1125,0,0,1,1,2,1,TA,5,Typ,0,,Attchd,2007.0,Unf,2,430,TA,TA,Y,80,64,0,0,0,0,0,4,2007,New,Partial,155000,2250,1.5,64,0.9991119005328597,0.13179475164011248,0.5,1,1,0,1,5625,3.0,25,1265625
119,60,RL,90.0,12376,Pave,Reg,Lvl,AllPub,Corner,Gtl,SawyerW,Norm,Norm,1Fam,2Story,7,5,1990,1990,Hip,CompShg,Plywood,Plywood,0.0,TA,TA,PConc,Gd,TA,Mn,GLQ,1470,Unf,0,203,1673,GasA,Gd,Y,SBrkr,1699,1523,0,3222,1,0,3,0,5,1,Gd,11,Typ,2,TA,Attchd,1990.0,Unf,3,594,TA,TA,Y,367,0,0,0,0,0,0,5,2010,WD,Normal,320000,4895,4.0,0,23.0,0.2603425985778927,0.3417773237997957,20,0,1,1,22554,20.0,49,10381284
120,60,RL,65.0,8461,Pave,Reg,Lvl,AllPub,Inside,Gtl,CollgCr,Norm,Norm,1Fam,2Story,6,5,2005,2006,Gable,CompShg,VinylSd,VinylSd,0.0,Gd,TA,PConc,Gd,TA,No,Unf,0,Unf,0,728,728,GasA,Ex,Y,SBrkr,728,728,0,1456,0,0,2,1,3,1,Gd,8,Typ,1,Gd,Attchd,2005.0,Fin,2,390,TA,TA,Y,0,24,0,0,0,0,0,7,2006,New,Partial,163990,2184,2.5,24,1.9972565157750344,0.17208367805223967,0.3333333333333333,1,1,1,1,8736,7.5,36,2119936
121,80,RL,69.0,21453,Pave,IR1,Low,AllPub,CulDSac,Sev,ClearCr,Norm,Norm,1Fam,SLvl,6,5,1969,1969,Flat,Metal,Plywood,Plywood,0.0,TA,TA,CBlock,TA,TA,Gd,ALQ,938,Unf,0,0,938,GasA,Ex,Y,SBrkr,988,0,0,988,1,0,1,0,1,1,TA,4,Typ,2,TA,Attchd,1969.0,Unf,2,540,TA,TA,Y,0,130,0,130,0,0,0,10,2006,WD,Normal,180000,1926,2.0,260,1926.0,0.04605416491865939,0.48701973001038423,37,0,0,1,5928,2.0,36,976144
122,50,RM,50.0,6060,Pave,Reg,Lvl,AllPub,Inside,Gtl,IDOTRR,Norm,Norm,1Fam,1.5Fin,4,5,1939,1950,Gable,CompShg,AsbShng,AsbShng,0.0,TA,TA,PConc,TA,TA,No,Unf,0,Unf,0,732,732,GasA,Gd,Y,SBrkr,772,351,0,1123,0,0,1,0,3,1,TA,4,Typ,0,,Detchd,1979.0,Unf,1,264,TA,TA,P,0,0,140,0,0,0,0,6,2007,WD,Normal,100000,1855,1.0,140,1.5320600272851297,0.1853135313531353,0.39460916442048516,68,0,1,1,4492,3.0,16,1261129
123,20,RL,75.0,9464,Pave,Reg,Lvl,AllPub,Corner,Gtl,NAmes,Norm,Norm,1Fam,1Story,6,7,1958,1958,Hip,CompShg,MetalSd,MetalSd,135.0,TA,Gd,CBlock,TA,TA,No,BLQ,570,Unf,0,510,1080,GasA,Gd,Y,SBrkr,1080,0,0,1080,0,0,1,0,3,1,TA,5,Typ,0,,Attchd,1958.0,Unf,1,288,TA,TA,Y,0,0,0,0,130,0,0,6,2008,WD,Normal,136000,2160,1.0,130,3.228962818003914,0.11411665257819104,0.5,50,0,0,1,6480,3.0,36,1166400
124,120,RL,55.0,7892,Pave,Reg,Lvl,AllPub,Inside,Gtl,SawyerW,Norm,Norm,TwnhsE,1Story,6,5,1993,1993,Gable,CompShg,Plywood,Plywood,0.0,Gd,TA,PConc,Gd,TA,No,GLQ,300,Unf,0,899,1199,GasA,Ex,Y,SBrkr,1199,0,0,1199,0,0,2,0,2,1,Gd,5,Typ,0,,Attchd,1993.0,RFn,2,530,TA,TA,Y,0,63,0,0,0,0,0,3,2008,WD,Normal,153900,2398,2.0,63,1.6655555555555555,0.15192600101368475,0.5,15,0,0,1,7194,4.0,36,1437601
125,20,RL,48.0,17043,Pave,IR1,Lvl,AllPub,CulDSac,Gtl,NWAmes,Norm,Norm,1Fam,1Story,6,5,1979,1998,Gable,CompShg,HdBoard,HdBoard,0.0,TA,Gd,CBlock,Gd,Fa,No,Unf,0,Unf,0,1362,1362,GasA,TA,Y,SBrkr,1586,0,0,1586,0,0,2,0,3,1,TA,7,Typ,1,TA,Attchd,1979.0,Unf,2,435,TA,TA,Y,192,0,0,0,0,0,0,1,2009,WD,Normal,181000,2948,2.0,0,1.1636096845194424,0.09305873379099924,0.46200814111261873,30,0,0,1,9516,6.0,36,2515396
126,190,RM,60.0,6780,Pave,Reg,Lvl,AllPub,Inside,Gtl,IDOTRR,Norm,Norm,2fmCon,1.5Fin,6,8,1935,1982,Gable,CompShg,Wd Sdng,Wd Sdng,0.0,TA,Fa,CBlock,TA,TA,Av,GLQ,490,Unf,0,30,520,GasA,Gd,N,SBrkr,520,0,234,754,1,0,1,0,2,1,TA,5,Typ,0,,,0.0,,0,0,,,N,53,0,0,0,0,0,0,6,2006,WD,Normal,84500,1040,2.0,0,40.12903225806452,0.1112094395280236,0.5,71,0,0,0,4524,4.0,36,568516
127,120,RL,69.0,4928,Pave,IR1,Lvl,AllPub,Inside,Gtl,NPkVill,Norm,Norm,TwnhsE,1Story,6,5,1976,1976,Gable,CompShg,Plywood,Plywood,0.0,TA,TA,CBlock,Gd,TA,No,ALQ,120,Unf,0,958,1078,GasA,TA,Y,SBrkr,958,0,0,958,0,0,2,0,2,1,TA,5,Typ,1,TA,Attchd,1977.0,RFn,2,440,TA,TA,Y,0,205,0,0,0,0,0,2,2007,WD,Normal,128000,2036,2.0,205,1.1240875912408759,0.19439935064935066,0.5294695481335953,31,0,0,1,5748,4.0,36,917764
128,45,RM,55.0,4388,Pave,IR1,Bnk,AllPub,Inside,Gtl,OldTown,Feedr,Norm,1Fam,1.5Unf,5,7,1930,1950,Gable,CompShg,WdShing,Wd Sdng,0.0,TA,Gd,BrkTil,TA,TA,No,LwQ,116,Unf,0,556,672,GasA,Ex,Y,SBrkr,840,0,0,840,0,0,1,0,3,1,TA,5,Typ,1,TA,,0.0,,0,0,,,N,0,0,0,0,0,0,0,6,2007,WD,Normal,87000,1512,1.0,0,1.7163375224416517,0.19143117593436645,0.4444444444444444,77,0,0,0,4200,3.0,25,705600
129,60,RL,69.0,7590,Pave,Reg,Lvl,AllPub,Inside,Gtl,NAmes,PosN,Norm,1Fam,2Story,6,5,1966,1966,Gable,CompShg,VinylSd,VinylSd,266.0,TA,TA,CBlock,TA,TA,No,BLQ,512,Unf,0,148,660,GasA,TA,Y,SBrkr,660,688,0,1348,0,0,1,1,3,1,TA,6,Typ,1,Fa,Attchd,1966.0,RFn,2,453,TA,TA,Y,188,108,0,0,0,0,0,7,2006,WD,Normal,155000,2008,1.5,108,12.483221476510067,0.17760210803689064,0.3286852589641434,40,0,1,1,8088,4.5,36,1817104
130,20,RL,69.0,8973,Pave,Reg,Lvl,AllPub,Inside,Gtl,NAmes,Norm,Norm,1Fam,1Story,5,7,1958,1991,Gable,CompShg,Plywood,Plywood,85.0,TA,TA,CBlock,TA,TA,No,Rec,567,BLQ,28,413,1008,GasA,TA,Y,FuseA,1053,0,0,1053,0,1,1,1,3,1,Ex,6,Typ,0,,2Types,1998.0,RFn,2,750,TA,TA,Y,0,80,0,180,0,0,0,7,2006,WD,Abnorml,150000,2061,2.0,260,3.9806763285024154,0.11735205616850551,0.4890829694323144,48,0,0,1,5265,6.0,25,1108809
131,60,RL,88.0,14200,Pave,Reg,Lvl,AllPub,Corner,Gtl,NAmes,Norm,Norm,1Fam,2Story,7,6,1966,1966,Gable,CompShg,MetalSd,MetalSd,309.0,TA,TA,CBlock,TA,TA,No,Rec,445,Unf,0,479,924,GasA,Ex,Y,SBrkr,1216,941,0,2157,0,0,2,1,4,1,Gd,8,Typ,2,Gd,Attchd,1966.0,Fin,2,487,TA,TA,Y,105,66,0,0,0,0,0,5,2006,WD,Normal,226000,3081,2.5,66,5.420833333333333,0.1519014084507042,0.29990262901655307,40,0,1,1,15099,10.0,49,4652649
132,60,RL,69.0,12224,Pave,IR1,Lvl,AllPub,Corner,Gtl,Gilbert,Norm,Norm,1Fam,2Story,6,5,2000,2000,Gable,CompShg,VinylSd,VinylSd,40.0,Gd,TA,PConc,Gd,TA,No,GLQ,695,Unf,0,297,992,GasA,Ex,Y,SBrkr,1022,1032,0,2054,1,0,2,1,3,1,Gd,7,Typ,1,TA,BuiltIn,2000.0,RFn,2,390,TA,TA,Y,24,48,0,0,0,0,0,7,2009,WD,Normal,244000,3046,3.5,48,9.224832214765101,0.16803010471204188,0.32567301378857516,9,0,1,1,12324,10.5,36,4218916
133,20,RL,75.0,7388,Pave,Reg,Lvl,AllPub,Corner,Gtl,NAmes,Norm,Norm,1Fam,1Story,5,6,1959,2002,Gable,CompShg,MetalSd,MetalSd,0.0,TA,TA,CBlock,TA,TA,No,Rec,405,Unf,0,658,1063,GasA,Gd,Y,SBrkr,1327,0,0,1327,1,0,1,0,3,1,Gd,7,Typ,0,,Detchd,1974.0,Unf,2,624,TA,TA,Y,0,0,0,0,0,0,0,7,2007,WD,Normal,150750,2390,2.0,0,2.6282245827010624,0.17961559285327558,0.44476987447698746,48,0,0,1,6635,6.0,25,1760929
134,20,RL,69.0,6853,Pave,IR1,Lvl,AllPub,Inside,Gtl,Timber,Norm,Norm,1Fam,1Story,8,5,2001,2002,Gable,CompShg,VinylSd,VinylSd,136.0,Gd,TA,PConc,Ex,TA,No,GLQ,1005,Unf,0,262,1267,GasA,Ex,Y,SBrkr,1296,0,0,1296,1,0,2,0,2,1,Gd,6,Typ,0,,Attchd,2001.0,Fin,2,471,TA,TA,Y,192,25,0,0,0,0,0,6,2009,WD,Normal,220000,2563,3.0,25,8.749049429657795,0.18911425652998687,0.4943425673039407,8,0,0,1,10368,6.0,64,1679616
135,20,RL,78.0,10335,Pave,IR1,Lvl,AllPub,Inside,Gtl,Sawyer,Norm,Norm,1Fam,1Story,5,6,1968,1993,Gable,CompShg,Plywood,Plywood,0.0,TA,TA,CBlock,TA,TA,No,Rec,570,Unf,0,891,1461,GasA,Gd,Y,SBrkr,1721,0,0,1721,0,0,2,1,3,1,TA,7,Min1,1,TA,Attchd,1968.0,RFn,2,440,TA,TA,Y,0,96,180,0,0,0,0,7,2006,WD,Normal,180000,3182,2.5,276,2.568385650224215,0.16652152878567972,0.45914519170333123,38,0,0,1,8605,7.5,25,2961841
136,20,RL,80.0,10400,Pave,Reg,Lvl,AllPub,Inside,Gtl,NWAmes,Norm,Norm,1Fam,1Story,7,6,1970,1970,Hip,CompShg,Plywood,Plywood,288.0,TA,TA,PConc,TA,TA,No,Unf,0,Unf,0,1304,1304,GasA,Gd,Y,SBrkr,1682,0,0,1682,0,0,2,0,3,1,TA,7,Typ,1,Gd,Attchd,1970.0,Unf,2,530,TA,TA,Y,98,0,0,0,0,0,0,5,2008,WD,Normal,174000,2986,2.0,0,1.288888888888889,0.16173076923076923,0.43670462156731416,38,0,0,1,11774,6.0,49,2829124
137,20,RL,69.0,10355,Pave,IR1,Lvl,AllPub,Corner,Gtl,NAmes,Norm,Norm,1Fam,1Story,5,5,1967,1967,Gable,CompShg,MetalSd,MetalSd,196.0,TA,TA,CBlock,TA,TA,No,BLQ,695,Unf,0,519,1214,GasA,TA,Y,SBrkr,1214,0,0,1214,0,0,2,0,3,1,TA,5,Typ,1,Fa,Attchd,1967.0,RFn,1,318,TA,TA,Y,0,111,0,0,0,0,0,7,2007,WD,Normal,143000,2428,2.0,111,3.671153846153846,0.11723804925156929,0.5,40,0,0,1,6070,6.0,25,1473796
138,90,RL,82.0,11070,Pave,Reg,Lvl,AllPub,Inside,Gtl,Mitchel,Norm,Norm,Duplex,1Story,7,5,1988,1989,Gable,CompShg,VinylSd,VinylSd,70.0,TA,TA,CBlock,TA,TA,No,Unf,0,Unf,0,1907,1907,GasA,Gd,Y,SBrkr,1959,0,0,1959,0,0,3,0,5,2,TA,9,Typ,0,,2Types,1989.0,Unf,3,766,TA,TA,Y,0,0,0,0,0,0,0,7,2006,WD,Family,171000,3866,3.0,0,1.0267295597484276,0.17696476964769647,0.49327470253491984,18,0,0,1,13713,15.0,49,3837681
139,60,RL,73.0,9066,Pave,IR1,Lvl,AllPub,Inside,Gtl,CollgCr,Norm,Norm,1Fam,2Story,8,5,1999,2000,Gable,CompShg,VinylSd,VinylSd,320.0,Gd,TA,PConc,Gd,TA,Mn,GLQ,668,Unf,0,336,1004,GasA,Ex,Y,SBrkr,1004,848,0,1852,0,0,2,1,3,1,Gd,7,Typ,2,TA,Attchd,1999.0,Fin,3,660,TA,TA,Y,224,106,0,0,0,0,0,12,2008,WD,Normal,230000,2856,2.5,106,7.4777448071216615,0.2042797264504743,0.35154061624649857,9,0,1,1,14816,7.5,64,3429904
140,60,RL,65.0,15426,Pave,IR1,Lvl,AllPub,Inside,Gtl,CollgCr,Norm,Norm,1Fam,2Story,6,5,1997,1997,Gable,CompShg,VinylSd,VinylSd,0.0,TA,TA,PConc,Gd,TA,No,GLQ,821,Unf,0,107,928,GasA,Ex,Y,SBrkr,928,836,0,1764,1,0,2,1,3,1,Gd,7,Typ,0,,Attchd,1997.0,RFn,2,470,TA,TA,Y,276,99,0,0,0,0,0,8,2009,WD,Normal,231500,2692,3.5,99,23.935185185185187,0.11435239206534423,0.3447251114413076,12,0,1,1,10584,10.5,36,3111696
141,20,RL,70.0,10500,Pave,Reg,Lvl,AllPub,FR2,Gtl,NAmes,Norm,Norm,1Fam,1Story,4,5,1971,1971,Gable,CompShg,HdBoard,HdBoard,0.0,TA,TA,CBlock,TA,TA,No,ALQ,432,Unf,0,432,864,GasA,TA,Y,SBrkr,864,0,0,864,0,0,1,0,3,1,TA,5,Typ,1,Po,,0.0,,0,0,,,Y,0,0,0,0,0,0,0,4,2010,ConLI,Normal,115000,1728,1.0,0,2.9930715935334873,0.08228571428571428,0.5,39,0,0,0,3456,3.0,16,746496
142,20,RL,78.0,11645,Pave,Reg,Lvl,AllPub,Inside,Gtl,CollgCr,Norm,Norm,1Fam,1Story,7,5,2005,2005,Gable,CompShg,VinylSd,VinylSd,0.0,Gd,TA,PConc,Gd,TA,Av,GLQ,1300,Unf,0,434,1734,GasA,Ex,Y,SBrkr,1734,0,0,1734,1,0,2,0,3,1,Gd,7,Typ,0,,Attchd,2005.0,Fin,2,660,TA,TA,Y,160,24,0,0,0,0,0,1,2006,WD,Normal,260000,3468,3.0,24,6.974712643678161,0.14890510948905109,0.5,1,1,0,1,12138,9.0,49,3006756
143,50,RL,71.0,8520,Pave,Reg,Lvl,AllPub,Corner,Gtl,NAmes,Artery,Norm,1Fam,1.5Fin,5,4,1952,1952,Gable,CompShg,BrkFace,Wd Sdng,0.0,TA,Fa,CBlock,TA,TA,No,Rec,507,Unf,0,403,910,GasA,Fa,Y,SBrkr,910,475,0,1385,0,0,2,0,4,1,TA,6,Typ,0,,Detchd,2000.0,Unf,2,720,TA,TA,Y,0,0,0,0,0,0,0,6,2010,WD,Normal,166000,2295,2.0,0,4.683168316831683,0.16255868544600938,0.39651416122004357,58,0,1,1,6925,8.0,25,1918225
144,20,RL,78.0,10335,Pave,IR1,Lvl,AllPub,Inside,Gtl,CollgCr,Norm,Norm,1Fam,1Story,7,5,1999,1999,Gable,CompShg,VinylSd,VinylSd,183.0,Gd,TA,PConc,Gd,TA,Gd,GLQ,679,Unf,0,811,1490,GasA,Ex,Y,SBrkr,1501,0,0,1501,1,0,2,0,3,1,Gd,6,Typ,0,,Attchd,1999.0,RFn,2,577,TA,TA,Y,144,29,0,0,0,0,0,6,2009,WD,Normal,204000,2991,3.0,29,2.684729064039409,0.14523463957426222,0.4981611501170177,10,0,0,1,10507,9.0,49,2253001
145,90,RM,70.0,9100,Pave,Reg,Lvl,AllPub,Inside,Gtl,Sawyer,RRAe,Norm,Duplex,1Story,5,5,1963,1963,Gable,CompShg,HdBoard,HdBoard,336.0,TA,TA,CBlock,TA,TA,No,Rec,1332,Unf,0,396,1728,GasA,TA,Y,SBrkr,1728,0,0,1728,1,0,2,0,6,2,TA,10,Typ,0,,Detchd,1963.0,Unf,2,504,TA,TA,Y,0,0,0,0,0,0,0,11,2006,ConLI,Abnorml,125000,3456,3.0,0,7.707808564231738,0.1898901098901099,0.5,43,0,0,1,8640,18.0,25,2985984
146,160,RM,24.0,2522,Pave,Reg,Lvl,AllPub,Inside,Gtl,Edwards,Norm,Norm,Twnhs,2Story,6,5,2004,2006,Gable,CompShg,VinylSd,VinylSd,50.0,Gd,TA,PConc,Gd,TA,No,Unf,0,Unf,0,970,970,GasA,Ex,Y,SBrkr,970,739,0,1709,0,0,2,0,3,1,Gd,7,Maj1,0,,Detchd,2004.0,Unf,2,380,TA,TA,Y,0,40,0,0,0,0,0,4,2006,WD,Normal,130000,2679,2.0,40,1.760041194644696,0.6776367961934973,0.3620754012691303,2,1,1,1,10254,6.0,36,2920681
147,30,RM,51.0,6120,Pave,Reg,Lvl,AllPub,Corner,Gtl,BrkSide,Norm,Norm,1Fam,1Story,5,7,1931,1993,Gable,CompShg,Wd Sdng,Wd Sdng,0.0,TA,TA,BrkTil,TA,TA,No,BLQ,209,Unf,0,506,715,GasA,TA,Y,FuseA,875,0,0,875,1,0,1,0,2,1,TA,5,Typ,0,,Detchd,1931.0,Unf,1,180,Fa,TA,Y,48,0,0,0,0,0,0,11,2009,WD,Normal,105000,1590,2.0,0,2.138067061143984,0.14297385620915032,0.449685534591195,78,0,0,1,4375,4.0,25,765625
148,60,RL,69.0,9505,Pave,IR1,Lvl,AllPub,CulDSac,Gtl,Gilbert,Norm,Norm,1Fam,2Story,7,5,2001,2001,Gable,CompShg,VinylSd,VinylSd,180.0,Gd,TA,PConc,Gd,TA,No,Unf,0,Unf,0,884,884,GasA,Ex,Y,SBrkr,884,1151,0,2035,0,0,2,1,3,1,Gd,8,Typ,1,Gd,BuiltIn,2001.0,Fin,2,434,TA,TA,Y,144,48,0,0,0,0,0,5,2010,WD,Normal,222500,2919,2.5,48,2.2994350282485874,0.2140978432403998,0.302843439534087,9,0,1,1,14245,7.5,49,4141225
149,20,RL,63.0,7500,Pave,Reg,Lvl,AllPub,Inside,Gtl,SawyerW,Norm,Norm,1Fam,1Story,7,5,2004,2005,Gable,CompShg,VinylSd,VinylSd,120.0,TA,TA,PConc,Gd,TA,No,GLQ,680,Unf,0,400,1080,GasA,Ex,Y,SBrkr,1080,0,0,1080,1,0,1,0,3,1,Gd,6,Typ,0,,,0.0,,0,0,,,Y,0,0,0,0,0,0,0,4,2008,WD,Normal,141000,2160,2.0,0,4.389027431421447,0.144,0.5,4,0,0,0,7560,6.0,49,1166400
150,50,RM,69.0,6240,Pave,Reg,Lvl,AllPub,Inside,Gtl,BrkSide,Norm,Norm,1Fam,1.5Fin,5,4,1936,1950,Gable,CompShg,MetalSd,MetalSd,0.0,TA,TA,BrkTil,Gd,TA,No,Unf,0,Unf,0,896,896,GasA,Gd,Y,FuseA,896,448,0,1344,0,0,1,0,3,1,TA,7,Typ,0,,Detchd,1936.0,Unf,1,240,Fa,TA,Y,200,114,0,0,0,0,0,4,2006,WD,Normal,115000,2240,1.0,114,1.4983277591973243,0.2153846153846154,0.4,70,0,1,1,6720,3.0,25,1806336
151,20,RL,120.0,10356,Pave,Reg,Lvl,AllPub,Corner,Gtl,CollgCr,Norm,Norm,1Fam,1Story,5,6,1975,1975,Gable,CompShg,HdBoard,HdBoard,0.0,TA,TA,CBlock,TA,TA,Av,BLQ,716,Unf,0,253,969,GasA,TA,Y,SBrkr,969,0,0,969,0,0,1,1,3,1,TA,5,Typ,0,,Attchd,1975.0,Unf,2,440,TA,TA,Y,0,0,0,0,0,0,0,1,2007,WD,Normal,122000,1938,1.5,0,6.633858267716535,0.09356894553881807,0.5,32,0,0,1,4845,4.5,25,938961
152,20,RL,107.0,13891,Pave,Reg,Lvl,AllPub,Inside,Gtl,NridgHt,Norm,Norm,1Fam,1Story,8,5,2007,2008,Hip,CompShg,VinylSd,VinylSd,436.0,Gd,TA,PConc,Ex,TA,Gd,GLQ,1400,Unf,0,310,1710,GasA,Ex,Y,SBrkr,1710,0,0,1710,1,0,2,0,2,1,Gd,6,Typ,1,Gd,Attchd,2007.0,RFn,3,866,TA,TA,Y,0,102,0,0,0,0,0,1,2008,New,Partial,372402,3420,3.0,102,10.0,0.12310128860413218,0.5,1,1,0,1,13680,6.0,64,2924100
153,60,RL,69.0,14803,Pave,IR1,Lvl,AllPub,CulDSac,Gtl,NWAmes,Norm,Norm,1Fam,2Story,6,5,1971,1971,Gable,CompShg,HdBoard,HdBoard,252.0,TA,TA,CBlock,TA,TA,No,Rec,416,Unf,0,409,825,GasA,Gd,Y,SBrkr,1097,896,0,1993,0,0,2,1,4,1,TA,8,Typ,1,Gd,Attchd,1971.0,RFn,2,495,TA,TA,Y,0,66,0,0,0,0,0,6,2006,WD,Normal,190000,2818,2.5,66,5.875609756097561,0.13463487130986962,0.2927608232789212,35,0,1,1,11958,10.0,36,3972049
154,20,RL,69.0,13500,Pave,Reg,Lvl,AllPub,Inside,Gtl,ClearCr,Norm,Norm,1Fam,1Story,6,7,1960,1975,Flat,CompShg,BrkFace,Plywood,0.0,TA,TA,CBlock,Gd,TA,Gd,BLQ,429,ALQ,1080,93,1602,GasA,Gd,Y,SBrkr,1252,0,0,1252,1,0,1,0,1,1,TA,4,Typ,1,Gd,Attchd,1960.0,RFn,2,564,TA,TA,Y,409,0,0,0,0,0,0,3,2008,WD,Normal,235000,2854,2.0,0,29.372340425531913,0.09274074074074073,0.5613174491941135,48,0,0,1,7512,2.0,36,1567504
155,30,RM,84.0,11340,Pave,Reg,Lvl,AllPub,Corner,Gtl,OldTown,Norm,Norm,1Fam,1Story,6,5,1923,1950,Gable,CompShg,Wd Sdng,Wd Sdng,0.0,TA,TA,BrkTil,TA,TA,No,Unf,0,Unf,0,1200,1200,GasA,TA,Y,FuseA,1200,0,0,1200,0,0,1,0,4,1,TA,7,Typ,0,,Detchd,1923.0,Unf,1,312,Fa,Fa,Y,0,0,228,0,0,0,0,3,2006,WD,Family,125000,2400,1.0,228,0.9991673605328892,0.10582010582010581,0.5,83,0,0,1,7200,4.0,36,1440000
156,50,RL,60.0,9600,Pave,Reg,Lvl,AllPub,Corner,Gtl,Edwards,Artery,Norm,1Fam,1.5Fin,6,5,1924,1950,Gable,CompShg,Wd Sdng,Wd Sdng,0.0,TA,TA,BrkTil,TA,TA,No,Unf,0,Unf,0,572,572,Grav,Fa,N,FuseF,572,524,0,1096,0,0,1,0,2,1,TA,5,Typ,0,,,0.0,,0,0,,,N,0,8,128,0,0,0,0,4,2008,WD,Normal,79000,1668,1.0,136,1.912739965095986,0.11416666666666667,0.34292565947242204,84,0,1,0,6576,2.0,36,1201216
157,20,RL,60.0,7200,Pave,Reg,Lvl,AllPub,Inside,Gtl,NAmes,Norm,Norm,1Fam,1Story,5,7,1950,1950,Hip,CompShg,Wd Sdng,Wd Sdng,0.0,TA,TA,CBlock,,,,,0,,0,0,0,GasA,TA,Y,FuseF,1040,0,0,1040,0,0,1,0,2,1,TA,5,Typ,0,,Detchd,1950.0,Unf,2,625,TA,TA,Y,0,0,0,0,0,0,0,6,2006,WD,Normal,109500,1040,1.0,0,1040.0,0.14444444444444443,0.0,56,0,0,1,5200,2.0,25,1081600
158,60,RL,92.0,12003,Pave,Reg,Lvl,AllPub,Corner,Gtl,Timber,Norm,Norm,1Fam,2Story,8,5,2009,2010,Gable,CompShg,VinylSd,VinylSd,84.0,Gd,TA,PConc,Ex,TA,No,Unf,0,Unf,0,774,774,GasA,Ex,Y,SBrkr,774,1194,0,1968,0,0,2,1,4,1,Ex,8,Typ,1,Gd,BuiltIn,2009.0,Fin,3,680,TA,TA,Y,0,75,0,0,0,0,0,5,2010,New,Partial,269500,2742,2.5,75,2.5393548387096776,0.16395901024743814,0.28227571115973743,1,1,1,1,15744,10.0,64,3873024
159,60,FV,100.0,12552,Pave,Reg,Lvl,AllPub,Corner,Gtl,Somerst,Norm,Norm,1Fam,2Story,7,5,2004,2005,Gable,CompShg,VinylSd,VinylSd,0.0,Gd,TA,PConc,Gd,TA,No,GLQ,222,Unf,0,769,991,GasA,Ex,Y,SBrkr,991,956,0,1947,0,0,2,1,3,1,Gd,8,Typ,1,Gd,Attchd,2004.0,RFn,2,678,TA,TA,Y,0,136,0,0,0,0,0,5,2010,WD,Normal,254900,2938,2.5,136,2.8168831168831168,0.1551147227533461,0.33730428863172224,6,0,1,1,13629,7.5,49,3790809
160,60,RL,134.0,19378,Pave,IR1,HLS,AllPub,Corner,Gtl,Gilbert,Norm,Norm,1Fam,2Story,7,5,2005,2006,Gable,CompShg,VinylSd,VinylSd,456.0,Gd,TA,PConc,Gd,TA,Mn,GLQ,57,Unf,0,1335,1392,GasA,Ex,Y,SBrkr,1392,1070,0,2462,1,0,2,1,4,1,Gd,9,Typ,1,Gd,Attchd,2006.0,RFn,2,576,TA,TA,Y,239,132,0,168,0,0,0,3,2006,New,Partial,320000,3854,3.5,300,1.8854790419161678,0.12705129528331097,0.3611831862999481,1,1,1,1,17234,14.0,49,6061444
161,20,RL,69.0,11120,Pave,IR1,Lvl,AllPub,CulDSac,Gtl,Veenker,Norm,Norm,1Fam,1Story,6,6,1984,1984,Gable,CompShg,Plywood,Plywood,0.0,TA,TA,PConc,Gd,TA,No,BLQ,660,Unf,0,572,1232,GasA,TA,Y,SBrkr,1232,0,0,1232,0,0,2,0,3,1,TA,6,Typ,0,,Attchd,1984.0,Unf,2,516,TA,TA,Y,0,0,0,0,0,0,0,6,2008,WD,Normal,162500,2464,2.0,0,3.3019197207678883,0.11079136690647481,0.5,24,0,0,1,7392,6.0,36,1517824
162,60,RL,110.0,13688,Pave,IR1,Lvl,AllPub,Inside,Gtl,NridgHt,Norm,Norm,1Fam,2Story,9,5,2003,2004,Gable,CompShg,VinylSd,VinylSd,664.0,Gd,TA,PConc,Ex,TA,Av,GLQ,1016,Unf,0,556,1572,GasA,Ex,Y,SBrkr,1572,1096,0,2668,1,0,2,1,3,1,Ex,10,Typ,2,Gd,BuiltIn,2003.0,Fin,3,726,TA,TA,Y,400,0,0,0,0,0,0,3,2008,WD,Normal,412500,4240,3.5,0,6.6140035906642725,0.19491525423728814,0.37075471698113205,5,0,1,1,24012,10.5,81,7118224
163,20,RL,95.0,12182,Pave,Reg,Lvl,AllPub,Corner,Gtl,NridgHt,Norm,Norm,1Fam,1Story,7,5,2005,2005,Gable,CompShg,VinylSd,VinylSd,226.0,Gd,TA,PConc,Gd,TA,Mn,BLQ,1201,Unf,0,340,1541,GasA,Ex,Y,SBrkr,1541,0,0,1541,0,0,2,0,3,1,Gd,7,Typ,1,Gd,Attchd,2005.0,RFn,2,532,TA,TA,Y,0,70,0,0,0,0,0,5,2010,New,Partial,220000,3082,2.0,70,8.041055718475073,0.12649811196847807,0.5,5,0,0,1,10787,6.0,49,2374681
164,45,RL,55.0,5500,Pave,Reg,Lvl,AllPub,Inside,Gtl,OldTown,Norm,Norm,1Fam,1.5Unf,4,6,1956,1956,Gable,CompShg,MetalSd,MetalSd,0.0,TA,TA,CBlock,TA,TA,No,Unf,0,Unf,0,882,882,GasA,Ex,Y,SBrkr,882,0,0,882,0,0,1,0,1,1,TA,4,Typ,0,,,0.0,,0,0,,,Y,0,0,0,0,0,0,0,4,2007,WD,Normal,103200,1764,1.0,0,0.9988674971687429,0.16036363636363637,0.5,51,0,0,0,3528,1.0,16,777924
165,40,RM,40.0,5400,Pave,Reg,Lvl,AllPub,Corner,Gtl,OldTown,Norm,Norm,1Fam,1Story,6,7,1926,2004,Gable,CompShg,MetalSd,MetalSd,0.0,TA,Gd,BrkTil,TA,TA,Mn,LwQ,370,Unf,0,779,1149,GasA,Gd,Y,FuseA,1149,467,0,1616,0,0,2,0,3,1,Gd,5,Typ,0,,Detchd,1926.0,Unf,1,216,TA,TA,Y,0,0,183,0,0,0,0,10,2007,WD,Normal,152000,2765,2.0,183,2.546153846153846,0.2992592592592593,0.4155515370705244,81,0,1,1,9696,6.0,36,2611456
166,190,RL,62.0,10106,Pave,Reg,Lvl,AllPub,Inside,Gtl,Edwards,Norm,Norm,2fmCon,1.5Fin,5,7,1940,1999,Gable,CompShg,Wd Sdng,Wd Sdng,0.0,TA,Gd,BrkTil,TA,TA,No,ALQ,351,Rec,181,112,644,GasA,Gd,Y,SBrkr,808,547,0,1355,1,0,2,0,4,2,TA,6,Typ,0,,,0.0,,0,0,,,Y,140,0,0,0,0,0,0,9,2008,WD,Normal,127500,1999,3.0,0,16.699115044247787,0.13407876509004552,0.32216108054027015,68,0,1,0,6775,12.0,25,1836025
167,20,RL,69.0,10708,Pave,IR1,Lvl,AllPub,Inside,Gtl,ClearCr,Norm,Norm,1Fam,1Story,5,5,1955,1993,Hip,CompShg,Wd Sdng,Wd Sdng,0.0,Gd,TA,CBlock,TA,TA,No,LwQ,379,BLQ,768,470,1617,GasA,Ex,Y,FuseA,1867,0,0,1867,1,0,1,0,2,1,TA,7,Typ,3,Gd,Attchd,1955.0,Fin,1,303,TA,TA,Y,476,0,0,0,142,0,0,11,2009,COD,Normal,190000,3484,2.0,142,6.399150743099788,0.17435562196488608,0.46412169919632607,54,0,0,1,9335,4.0,25,3485689
168,60,RL,86.0,10562,Pave,Reg,Lvl,AllPub,Inside,Gtl,NridgHt,Norm,Norm,1Fam,2Story,8,5,2007,2007,Gable,CompShg,VinylSd,VinylSd,300.0,Gd,TA,PConc,Ex,TA,No,GLQ,1288,Unf,0,294,1582,GasA,Ex,Y,SBrkr,1610,551,0,2161,1,0,1,1,3,1,Ex,8,Typ,1,Gd,Attchd,2007.0,Fin,3,789,TA,TA,Y,178,120,0,0,0,0,0,11,2007,New,Partial,325624,3743,2.5,120,11.691525423728814,0.2046014012497633,0.42265562383115146,0,1,1,1,17288,7.5,64,4669921
169,60,RL,62.0,8244,Pave,IR1,Lvl,AllPub,Inside,Gtl,Gilbert,Norm,Norm,1Fam,2Story,7,5,2004,2004,Gable,CompShg,VinylSd,VinylSd,0.0,Gd,TA,PConc,Gd,TA,No,Unf,0,Unf,0,840,840,GasA,Ex,Y,SBrkr,840,880,0,1720,0,0,2,1,3,1,Gd,7,Typ,1,Gd,Attchd,2004.0,Fin,2,440,TA,TA,Y,100,48,0,0,0,0,0,5,2007,WD,Normal,183500,2560,2.5,48,2.0451843043995246,0.20863658418243572,0.328125,3,1,1,1,12040,7.5,49,2958400
170,20,RL,69.0,16669,Pave,IR1,Lvl,AllPub,Corner,Gtl,Timber,Norm,Norm,1Fam,1Story,8,6,1981,1981,Hip,WdShake,Plywood,Plywood,653.0,Gd,TA,CBlock,Gd,TA,No,Unf,0,Unf,0,1686,1686,GasA,TA,Y,SBrkr,1707,0,0,1707,0,0,2,1,2,1,TA,6,Typ,1,TA,Attchd,1981.0,RFn,2,511,TA,TA,Y,574,64,0,0,0,0,0,1,2006,WD,Normal,228000,3393,2.5,64,1.01185536455246,0.102405663207151,0.4969053934571176,25,0,0,1,13656,5.0,64,2913849
171,50,RM,69.0,12358,Pave,IR1,Lvl,AllPub,Inside,Gtl,OldTown,Feedr,Norm,1Fam,1.5Fin,5,6,1941,1950,Gable,CompShg,MetalSd,MetalSd,0.0,TA,TA,CBlock,TA,TA,No,Rec,360,Unf,0,360,720,GasA,TA,Y,SBrkr,854,0,528,1382,0,0,1,1,2,1,TA,7,Typ,0,,Detchd,1991.0,Unf,2,660,TA,TA,Y,237,0,0,0,0,0,0,5,2007,WD,Normal,128500,1574,1.5,0,4.825484764542936,0.11183039326751902,0.45743329097839897,66,0,0,1,6910,3.0,25,1909924
172,20,RL,141.0,31770,Pave,IR1,Lvl,AllPub,Corner,Gtl,NAmes,Norm,Norm,1Fam,1Story,6,5,1960,1960,Hip,CompShg,BrkFace,Plywood,112.0,TA,TA,CBlock,TA,Gd,Gd,BLQ,639,Unf,0,441,1080,GasA,Fa,Y,SBrkr,1656,0,0,1656,1,0,1,0,3,1,TA,7,Typ,2,Gd,Attchd,1960.0,Fin,2,528,TA,TA,P,210,62,0,0,0,0,0,5,2010,WD,Normal,215000,2736,2.0,62,5.1923076923076925,0.05212464589235127,0.39473684210526316,50,0,0,1,9936,6.0,36,2742336
173,160,RL,44.0,5306,Pave,IR1,Lvl,AllPub,Inside,Gtl,StoneBr,Norm,Norm,TwnhsE,2Story,7,7,1987,1987,Gable,CompShg,HdBoard,HdBoard,0.0,Gd,Gd,PConc,Gd,Gd,No,GLQ,495,Rec,215,354,1064,GasA,Gd,Y,SBrkr,1064,703,0,1767,1,0,2,0,2,1,Gd,5,Typ,1,TA,Attchd,1987.0,RFn,2,504,Gd,TA,Y,441,35,0,0,0,0,0,6,2006,WD,Normal,239000,2831,3.0,35,6.977464788732394,0.3330192235205428,0.37583892617449666,19,0,1,1,12369,6.0,49,3122289
174,20,RL,80.0,10197,Pave,IR1,Lvl,AllPub,Inside,Gtl,NAmes,Norm,Norm,1Fam,1Story,6,5,1961,1961,Gable,CompShg,WdShing,Wd Shng,491.0,TA,TA,CBlock,TA,TA,No,ALQ,288,Rec,374,700,1362,GasA,TA,Y,SBrkr,1362,0,0,1362,1,0,1,1,3,1,TA,6,Typ,1,TA,Attchd,1961.0,Unf,2,504,TA,TA,Y,0,20,0,0,0,0,0,6,2008,COD,Normal,163000,2724,2.5,20,2.8873038516405134,0.1335686966754928,0.5,47,0,0,1,8172,7.5,36,1855044
175,20,RL,47.0,12416,Pave,IR1,Lvl,AllPub,Inside,Gtl,Timber,Norm,Norm,1Fam,1Story,6,5,1986,1986,Gable,CompShg,VinylSd,Plywood,132.0,TA,TA,CBlock,Gd,Fa,No,ALQ,1398,LwQ,208,0,1606,GasA,TA,Y,SBrkr,1651,0,0,1651,1,0,2,0,3,1,TA,7,Min2,1,TA,Attchd,1986.0,Fin,2,616,TA,TA,Y,192,0,0,0,0,0,0,11,2008,WD,Normal,184000,3257,3.0,0,3257.0,0.1329735824742268,0.4930918022720295,22,0,0,1,9906,9.0,36,2725801
176,20,RL,84.0,12615,Pave,Reg,Lvl,AllPub,Corner,Gtl,Edwards,Norm,Norm,1Fam,1Story,6,7,1950,2001,Gable,CompShg,WdShing,Wd Shng,0.0,TA,TA,CBlock,TA,Gd,Av,ALQ,477,Unf,0,725,1202,GasA,TA,Y,SBrkr,2158,0,0,2158,1,0,2,0,4,1,Gd,7,Typ,1,Gd,Attchd,1950.0,Unf,2,576,TA,TA,Y,0,29,39,0,0,0,0,6,2007,WD,Normal,243000,3360,3.0,68,3.6294765840220387,0.17106619104240983,0.35773809523809524,57,0,0,1,12948,12.0,36,4656964
177,60,RL,97.0,10029,Pave,IR1,Lvl,AllPub,Corner,Gtl,ClearCr,Norm,Norm,1Fam,2Story,6,5,1988,1989,Gable,CompShg,Plywood,Plywood,268.0,Gd,TA,PConc,Gd,TA,No,GLQ,831,Unf,0,320,1151,GasA,TA,Y,SBrkr,1164,896,0,2060,0,1,2,1,4,1,TA,8,Typ,1,TA,Attchd,1988.0,Unf,2,521,TA,TA,Y,0,228,0,0,192,0,0,9,2007,WD,Normal,211000,3211,3.0,420,9.006230529595015,0.20540432745039386,0.35845530987231394,19,0,1,1,12360,12.0,36,4243600
178,50,RL,69.0,13650,Pave,Reg,Lvl,AllPub,Inside,Gtl,Sawyer,Norm,Norm,1Fam,1.5Fin,5,5,1958,1958,Gable,CompShg,MetalSd,MetalSd,0.0,Gd,Gd,CBlock,TA,TA,No,ALQ,57,BLQ,441,554,1052,GasA,Ex,Y,SBrkr,1252,668,0,1920,1,0,2,0,4,1,Gd,8,Typ,1,Gd,Attchd,1958.0,Unf,2,451,TA,TA,Y,0,0,0,0,0,0,0,7,2006,WD,Normal,172500,2972,3.0,0,4.356756756756757,0.14065934065934066,0.35397039030955585,48,0,1,1,9600,12.0,25,3686400
179,20,RL,63.0,17423,Pave,IR1,Lvl,AllPub,CulDSac,Gtl,StoneBr,Norm,Norm,1Fam,1Story,9,5,2008,2009,Hip,CompShg,VinylSd,VinylSd,748.0,Ex,TA,PConc,Ex,TA,No,GLQ,1904,Unf,0,312,2216,GasA,Ex,Y,SBrkr,2234,0,0,2234,1,0,2,0,1,1,Ex,9,Typ,1,Gd,Attchd,2009.0,Fin,3,1166,TA,TA,Y,0,60,0,0,0,0,0,7,2009,New,Partial,501837,4450,3.0,60,13.220447284345047,0.12822131665040465,0.49797752808988766,1,1,0,1,20106,3.0,81,4990756
180,30,RM,60.0,8520,Pave,Reg,Lvl,AllPub,Inside,Gtl,OldTown,Norm,Norm,1Fam,1Story,5,6,1923,2006,Gable,CompShg,Wd Sdng,Wd Sdng,0.0,Gd,TA,CBlock,TA,TA,No,Unf,0,Unf,0,968,968,GasA,TA,Y,SBrkr,968,0,0,968,0,0,1,0,2,1,TA,5,Typ,0,,Detchd,1935.0,Unf,2,480,Fa,TA,N,0,0,184,0,0,0,0,7,2007,WD,Normal,100000,1936,1.0,184,0.9989680082559339,0.1136150234741784,0.5,84,0,0,1,4840,2.0,25,937024
181,160,FV,69.0,2117,Pave,Reg,Lvl,AllPub,Inside,Gtl,Somerst,Norm,Norm,Twnhs,2Story,6,5,2000,2000,Gable,CompShg,MetalSd,MetalSd,456.0,Gd,TA,PConc,Gd,TA,No,GLQ,436,Unf,0,320,756,GasA,Ex,Y,SBrkr,769,756,0,1525,0,0,2,1,3,1,Gd,5,Typ,1,TA,Detchd,2000.0,Unf,2,440,TA,TA,Y,0,0,0,0,0,0,0,6,2007,WD,Normal,177000,2281,2.5,0,6.109034267912772,0.7203589985829003,0.3314335817623849,7,0,1,1,9150,7.5,36,2325625
182,70,RL,54.0,7588,Pave,Reg,Lvl,AllPub,Inside,Gtl,Crawfor,Norm,Norm,1Fam,2Story,7,6,1920,1950,Gable,CompShg,Stucco,Stucco,0.0,TA,TA,BrkTil,Fa,TA,No,LwQ,352,Unf,0,441,793,GasA,Gd,Y,SBrkr,901,901,0,1802,0,0,1,1,4,1,TA,9,Typ,1,Gd,Detchd,1920.0,Unf,1,216,Fa,TA,Y,0,0,40,0,0,0,0,7,2006,WD,Normal,200100,2595,1.5,40,4.873303167420814,0.2374802319451766,0.30558766859344894,86,0,1,1,12614,6.0,49,3247204
183,20,RL,60.0,9060,Pave,Reg,Lvl,AllPub,Inside,Gtl,Edwards,Artery,Norm,1Fam,1Story,5,6,1957,2006,Hip,CompShg,Wd Sdng,Wd Sdng,98.0,TA,TA,PConc,,,,,0,,0,0,0,GasA,Ex,Y,SBrkr,1340,0,0,1340,0,0,1,0,3,1,TA,7,Typ,1,Gd,Attchd,1957.0,RFn,1,252,TA,TA,Y,116,0,0,180,0,0,0,6,2007,WD,Normal,120000,1340,1.0,180,1340.0,0.1479028697571744,0.0,50,0,0,1,6700,3.0,25,1795600
184,50,RM,63.0,11426,Pave,Reg,Lvl,AllPub,Inside,Gtl,OldTown,Norm,Norm,1Fam,1.5Fin,7,5,2003,2003,Gable,CompShg,VinylSd,VinylSd,0.0,TA,TA,PConc,Gd,TA,No,Unf,0,Unf,0,1362,1362,GasA,Ex,Y,SBrkr,1362,720,0,2082,0,0,2,1,3,1,Gd,6,Mod,0,,Detchd,2003.0,Unf,2,484,TA,TA,N,280,238,0,0,0,0,0,6,2008,WD,Normal,200000,3444,2.5,238,1.5275128393250184,0.18221599859968493,0.39547038327526135,5,0,1,1,14574,7.5,49,4334724
185,50,RL,92.0,7438,Pave,IR1,Lvl,AllPub,Inside,Gtl,BrkSide,RRAn,Feedr,1Fam,1.5Fin,5,8,1908,1991,Gable,CompShg,AsbShng,Plywood,0.0,TA,TA,PConc,Fa,TA,No,Unf,0,Unf,0,504,504,GasA,Gd,Y,SBrkr,936,316,0,1252,0,0,1,0,3,1,TA,5,Typ,0,,Attchd,1986.0,Unf,2,576,TA,TA,Y,104,0,0,0,0,0,0,6,2006,WD,Normal,127000,1756,1.0,0,2.479207920792079,0.16832481849959666,0.2870159453302961,98,0,1,1,6260,3.0,25,1567504
186,75,RM,90.0,22950,Pave,IR2,Lvl,AllPub,Inside,Gtl,OldTown,Artery,Norm,1Fam,2.5Fin,10,9,1892,1993,Gable,WdShngl,Wd Sdng,Wd Sdng,0.0,Gd,Gd,BrkTil,TA,TA,Mn,Unf,0,Unf,0,1107,1107,GasA,Ex,Y,SBrkr,1518,1518,572,3608,0,0,2,1,4,1,Ex,12,Typ,2,TA,Detchd,1993.0,Unf,3,840,Ex,TA,Y,0,260,0,0,410,0,0,6,2006,WD,Normal,475000,4143,2.5,670,3.256317689530686,0.15721132897603485,0.2671976828385228,114,0,1,1,36080,10.0,100,13017664
187,80,RL,69.0,9947,Pave,IR1,Lvl,AllPub,CulDSac,Gtl,Mitchel,Norm,Norm,1Fam,SLvl,7,5,1990,1991,Gable,CompShg,HdBoard,HdBoard,0.0,TA,TA,PConc,Gd,TA,Av,GLQ,611,Unf,0,577,1188,GasA,Ex,Y,SBrkr,1217,0,0,1217,1,0,2,0,3,1,Gd,6,Typ,0,,Attchd,1990.0,Unf,2,497,TA,TA,Y,168,27,0,0,0,0,0,6,2009,WD,Normal,173000,2405,3.0,27,3.162629757785467,0.12234844676786971,0.493970893970894,19,0,0,1,8519,9.0,49,1481089
188,50,RL,60.0,10410,Pave,Reg,Lvl,AllPub,Inside,Gtl,OldTown,Norm,Norm,1Fam,1.5Fin,5,7,1916,1987,Gable,CompShg,HdBoard,HdBoard,0.0,TA,TA,CBlock,Fa,TA,No,Unf,0,Unf,0,660,660,GasA,Ex,Y,SBrkr,808,704,144,1656,0,0,2,1,3,1,TA,8,Min2,0,,Detchd,1916.0,Unf,1,180,Fa,Fa,N,0,0,0,140,0,0,0,8,2009,WD,Normal,135000,2172,2.5,140,2.5052950075642966,0.15907780979827088,0.30386740331491713,93,0,1,1,8280,7.5,25,2742336
189,90,RL,64.0,7018,Pave,Reg,Bnk,AllPub,Inside,Gtl,SawyerW,Feedr,Norm,Duplex,SFoyer,5,5,1979,1979,Gable,CompShg,Plywood,Plywood,275.0,TA,TA,CBlock,Gd,TA,Av,GLQ,1086,Unf,0,0,1086,GasA,TA,Y,SBrkr,1224,0,0,1224,2,0,0,2,2,2,TA,6,Typ,2,TA,Detchd,1979.0,Unf,2,528,TA,TA,Y,120,0,0,0,0,0,0,6,2009,WD,Alloca,153337,2310,3.0,0,2310.0,0.1744086634368766,0.4701298701298701,30,0,0,1,6120,6.0,25,1498176
190,120,RL,41.0,4923,Pave,Reg,Lvl,AllPub,Inside,Gtl,StoneBr,Norm,Norm,TwnhsE,1Story,8,5,2001,2002,Gable,CompShg,CemntBd,CmentBd,0.0,Gd,TA,PConc,Ex,TA,Av,GLQ,1153,Unf,0,440,1593,GasA,Ex,Y,SBrkr,1593,0,0,1593,1,0,1,1,0,1,Ex,5,Typ,1,Gd,Attchd,2001.0,Fin,2,682,TA,TA,Y,0,120,0,0,224,0,0,8,2008,WD,Normal,286000,3186,2.5,344,6.226757369614512,0.3235831809872029,0.5,7,0,0,1,12744,0.0,64,2537649
191,70,RL,70.0,10570,Pave,Reg,Bnk,AllPub,Inside,Mod,Crawfor,Norm,Norm,1Fam,2Story,8,8,1932,1994,Hip,CompShg,BrkFace,BrkFace,0.0,Gd,TA,CBlock,Gd,Gd,No,Rec,297,Unf,0,556,853,GasA,TA,Y,SBrkr,1549,1178,0,2727,0,0,2,1,3,1,Gd,10,Maj1,2,TA,Detchd,1932.0,Unf,2,440,TA,TA,Y,0,74,0,0,0,0,0,12,2007,WD,Normal,315000,3580,2.5,74,5.429084380610413,0.25799432355723745,0.23826815642458102,75,0,1,1,21816,7.5,64,7436529
192,60,RL,69.0,7472,Pave,IR1,Lvl,AllPub,CulDSac,Gtl,NAmes,Norm,Norm,1Fam,2Story,7,9,1972,2004,Gable,CompShg,HdBoard,HdBoard,138.0,TA,TA,CBlock,TA,TA,No,ALQ,626,Unf,0,99,725,GasA,Gd,Y,SBrkr,725,754,0,1479,1,0,1,1,4,1,Gd,7,Typ,0,,Attchd,1972.0,Fin,2,484,TA,TA,Y,0,32,0,0,0,0,0,6,2007,WD,Normal,184000,2204,2.5,32,21.05,0.1979389721627409,0.32894736842105265,35,0,1,1,10353,10.0,49,2187441
193,20,RL,68.0,9017,Pave,IR1,Lvl,AllPub,Inside,Gtl,CollgCr,Norm,Norm,1Fam,1Story,7,5,1999,1999,Gable,CompShg,VinylSd,VinylSd,0.0,Gd,TA,PConc,Gd,TA,Av,GLQ,560,Unf,0,871,1431,GasA,Ex,Y,SBrkr,1431,0,0,1431,1,0,2,0,3,1,Gd,6,Typ,0,,Attchd,1999.0,Fin,2,666,TA,TA,Y,0,35,0,0,0,0,0,9,2009,WD,Normal,192000,2862,3.0,35,2.283256880733945,0.15870023289342353,0.5,10,0,0,1,10017,9.0,49,2047761
194,160,RM,24.0,2522,Pave,Reg,Lvl,AllPub,Inside,Gtl,Edwards,Norm,Norm,Twnhs,2Story,7,5,2004,2004,Gable,CompShg,VinylSd,VinylSd,50.0,Gd,TA,PConc,Gd,TA,No,Unf,0,Unf,0,970,970,GasA,Ex,Y,SBrkr,970,739,0,1709,0,0,2,0,3,1,Gd,7,Maj1,0,,Detchd,2004.0,Unf,2,380,TA,TA,Y,0,40,0,0,0,0,0,5,2006,WD,Normal,130000,2679,2.0,40,1.760041194644696,0.6776367961934973,0.3620754012691303,2,1,1,1,11963,6.0,49,2920681
195,20,RL,60.0,7180,Pave,IR1,Lvl,AllPub,Inside,Gtl,CollgCr,Norm,Norm,1Fam,1Story,5,7,1972,1972,Hip,CompShg,HdBoard,HdBoard,0.0,TA,TA,CBlock,TA,TA,Av,ALQ,390,Unf,0,474,864,GasA,TA,Y,SBrkr,864,0,0,864,0,0,1,0,3,1,TA,5,Typ,0,,Detchd,1989.0,Unf,1,352,TA,TA,Y,0,0,0,0,0,0,0,5,2008,WD,Normal,127000,1728,1.0,0,2.64,0.1203342618384401,0.5,36,0,0,1,4320,3.0,25,746496
196,160,RL,24.0,2280,Pave,Reg,Lvl,AllPub,FR2,Gtl,NPkVill,Norm,Norm,Twnhs,2Story,6,6,1976,1976,Gable,CompShg,Plywood,Brk Cmn,0.0,TA,TA,CBlock,Gd,TA,No,ALQ,566,Unf,0,289,855,GasA,TA,Y,SBrkr,855,601,0,1456,0,0,2,1,3,1,TA,7,Typ,1,TA,Attchd,1976.0,Unf,2,440,TA,TA,Y,87,0,0,0,0,0,0,7,2009,WD,Normal,148500,2311,2.5,0,6.972413793103448,0.6385964912280702,0.36996971008221546,33,0,1,1,8736,7.5,36,2119936
197,20,RL,79.0,9416,Pave,Reg,Lvl,AllPub,Inside,Gtl,Somerst,Norm,Norm,1Fam,1Story,7,5,2007,2007,Hip,CompShg,CemntBd,CmentBd,205.0,Ex,TA,PConc,Ex,TA,No,GLQ,1126,Unf,0,600,1726,GasA,Ex,Y,SBrkr,1726,0,0,1726,1,0,2,0,3,1,Ex,8,Typ,1,Gd,Attchd,2007.0,Fin,3,786,TA,TA,Y,171,138,0,0,266,0,0,9,2007,New,Partial,311872,3452,3.0,404,4.745424292845258,0.18330501274426508,0.5,0,1,0,1,12082,9.0,49,2979076
198,75,RL,174.0,25419,Pave,Reg,Lvl,AllPub,Corner,Gtl,NAmes,Artery,Norm,1Fam,2Story,8,4,1918,1990,Gable,CompShg,Stucco,Stucco,0.0,Gd,Gd,PConc,TA,TA,No,GLQ,1036,LwQ,184,140,1360,GasA,Gd,Y,SBrkr,1360,1360,392,3112,1,1,2,0,4,1,Gd,8,Typ,1,Ex,Detchd,1918.0,Unf,2,795,TA,TA,Y,0,16,552,0,0,512,0,3,2006,WD,Abnorml,235000,4080,3.5,568,30.72340425531915,0.12242810496085606,0.3333333333333333,88,0,1,1,24896,14.0,64,9684544
199,75,RM,92.0,5520,Pave,Reg,Lvl,AllPub,Corner,Gtl,OldTown,Norm,Norm,1Fam,2.5Fin,6,6,1912,1950,Gable,CompShg,Wd Sdng,Wd Sdng,0.0,TA,TA,CBlock,TA,TA,No,Unf,0,Unf,0,755,755,GasA,Ex,Y,SBrkr,929,929,371,2229,0,0,1,0,5,1,TA,8,Typ,0,,,0.0,,0,0,,,Y,0,198,30,0,0,0,0,7,2009,WD,Abnorml,104000,2613,1.0,228,2.9484126984126986,0.40380434782608693,0.2889399158055874,97,0,1,0,13374,5.0,36,4968441
200,20,RL,76.0,9591,Pave,Reg,Lvl,AllPub,Inside,Gtl,NridgHt,Norm,Norm,1Fam,1Story,8,5,2004,2005,Hip,CompShg,VinylSd,VinylSd,262.0,Gd,TA,PConc,Ex,TA,Av,GLQ,1088,Unf,0,625,1713,GasA,Ex,Y,SBrkr,1713,0,0,1713,1,0,2,0,3,1,Ex,7,Typ,1,Gd,Attchd,2004.0,Fin,3,856,TA,TA,Y,0,26,0,0,170,0,0,1,2009,WD,Normal,274900,3426,3.0,196,4.47444089456869,0.17860494213324993,0.5,5,0,0,1,13704,9.0,64,2934369
201,20,RM,80.0,8546,Pave,Reg,Lvl,AllPub,Corner,Gtl,Edwards,Norm,Norm,1Fam,1Story,4,5,2003,2004,Gable,CompShg,VinylSd,VinylSd,0.0,TA,TA,PConc,Gd,TA,No,Unf,0,Unf,0,1121,1121,GasA,Ex,Y,SBrkr,1121,0,0,1121,0,0,2,0,2,1,TA,5,Typ,0,,Attchd,2003.0,RFn,2,440,TA,TA,Y,132,64,0,0,0,0,0,3,2010,WD,Normal,140000,2242,2.0,64,0.9991087344028521,0.13117247835244558,0.5,7,0,0,1,4484,4.0,16,1256641
202,20,RL,75.0,10125,Pave,Reg,Lvl,AllPub,Inside,Gtl,Mitchel,Norm,Norm,1Fam,1Story,6,6,1977,1977,Gable,CompShg,Plywood,Plywood,0.0,TA,TA,CBlock,TA,TA,No,ALQ,641,LwQ,279,276,1196,GasA,TA,Y,SBrkr,1279,0,0,1279,0,1,2,0,3,1,TA,6,Typ,2,Fa,Detchd,1980.0,Unf,2,473,TA,TA,Y,238,83,0,0,0,0,0,2,2008,WD,Normal,171500,2475,2.5,83,7.938628158844765,0.12632098765432098,0.48323232323232324,31,0,0,1,7674,7.5,36,1635841
203,50,RL,50.0,7000,Pave,Reg,Lvl,AllPub,Corner,Gtl,OldTown,Artery,Norm,1Fam,1.5Fin,6,6,1924,1950,Gable,CompShg,MetalSd,MetalSd,0.0,TA,Gd,BrkTil,Fa,TA,No,LwQ,617,Unf,0,0,617,GasA,Gd,Y,SBrkr,865,445,0,1310,0,0,2,0,2,1,TA,6,Min1,0,,Attchd,1924.0,Unf,1,398,TA,TA,Y,0,0,126,0,0,0,0,5,2006,COD,Normal,112000,1927,2.0,126,1927.0,0.18714285714285714,0.3201868188894655,82,0,1,1,7860,4.0,36,1716100
204,120,RM,69.0,4438,Pave,Reg,Lvl,AllPub,Inside,Gtl,CollgCr,Norm,Norm,TwnhsE,1Story,6,5,2004,2004,Gable,CompShg,VinylSd,VinylSd,205.0,Gd,TA,PConc,Gd,TA,Av,GLQ,662,Unf,0,186,848,GasA,Ex,Y,SBrkr,848,0,0,848,1,0,1,0,1,1,Gd,3,Typ,1,Gd,Attchd,2004.0,RFn,2,420,TA,TA,Y,149,0,0,0,0,0,0,1,2008,WD,Normal,149000,1696,2.0,0,8.074866310160427,0.1910770617395223,0.5,4,0,0,1,5088,2.0,36,719104
205,50,RM,50.0,3500,Pave,Reg,Lvl,AllPub,Inside,Gtl,OldTown,Norm,Norm,1Fam,1.5Fin,5,7,1947,1950,Gable,CompShg,AsbShng,AsbShng,0.0,TA,TA,CBlock,TA,TA,No,LwQ,312,Unf,0,408,720,GasA,TA,Y,SBrkr,720,564,0,1284,0,0,1,1,2,1,TA,5,Typ,0,,Detchd,1948.0,Unf,1,240,TA,TA,Y,0,35,0,0,0,0,0,4,2009,WD,Normal,110000,2004,1.5,35,3.902200488997555,0.3668571428571429,0.3592814371257485,62,0,1,1,6420,3.0,25,1648656
206,20,RL,99.0,11851,Pave,Reg,Lvl,AllPub,Corner,Gtl,Gilbert,Norm,Norm,1Fam,1Story,7,5,1990,1990,Gable,CompShg,HdBoard,HdBoard,0.0,TA,TA,PConc,Gd,TA,No,Unf,0,Unf,0,1424,1424,GasA,Ex,Y,SBrkr,1442,0,0,1442,0,0,2,0,3,1,TA,5,Typ,0,,Attchd,1990.0,RFn,2,500,TA,TA,Y,0,34,0,508,0,0,0,5,2009,WD,Normal,180500,2866,2.0,542,1.0119298245614035,0.12167749556999409,0.49685973482205165,19,0,0,1,10094,6.0,49,2079364
207,20,RL,40.0,13673,Pave,IR1,Lvl,AllPub,CulDSac,Gtl,Sawyer,RRAe,Norm,1Fam,1Story,5,5,1962,1962,Gable,CompShg,HdBoard,HdBoard,0.0,TA,Gd,CBlock,TA,TA,No,Unf,0,Unf,0,1140,1140,GasA,TA,Y,SBrkr,1696,0,0,1696,0,0,1,1,3,1,TA,8,Min2,1,TA,Attchd,1962.0,RFn,1,349,TA,TA,Y,0,30,0,0,0,0,0,3,2007,WD,Normal,143900,2836,1.5,30,1.4864154250657318,0.12404007898778614,0.4019746121297602,45,0,0,1,8480,4.5,25,2876416
208,20,RL,69.0,12493,Pave,IR1,Lvl,AllPub,Inside,Gtl,NAmes,Norm,Norm,1Fam,1Story,4,5,1960,1960,Gable,CompShg,Wd Sdng,Wd Sdng,0.0,TA,TA,PConc,TA,TA,No,ALQ,419,Rec,306,375,1100,GasA,TA,Y,SBrkr,1100,0,0,1100,1,0,1,0,3,1,TA,6,Typ,1,Po,Attchd,1960.0,RFn,1,312,TA,TA,Y,355,0,0,0,0,0,0,4,2008,WD,Normal,141000,2200,2.0,0,4.8537234042553195,0.08804930761226287,0.5,48,0,0,1,4400,6.0,16,1210000
209,60,RL,69.0,14364,Pave,IR1,Low,AllPub,Inside,Mod,SawyerW,Norm,Norm,1Fam,2Story,7,5,1988,1989,Gable,CompShg,Plywood,Plywood,128.0,Gd,TA,CBlock,Gd,TA,Gd,GLQ,1065,Unf,0,92,1157,GasA,Ex,Y,SBrkr,1180,882,0,2062,1,0,2,1,3,1,TA,7,Typ,1,Gd,Attchd,1988.0,Fin,2,454,TA,TA,Y,60,55,0,0,154,0,0,4,2007,WD,Normal,277000,3219,3.5,209,33.623655913978496,0.14355332776385407,0.35942839391115255,19,0,1,1,14434,10.5,49,4251844
210,20,RL,75.0,8250,Pave,Reg,Lvl,AllPub,Inside,Gtl,NAmes,Norm,Norm,1Fam,1Story,6,7,1964,1964,Hip,CompShg,HdBoard,HdBoard,260.0,TA,TA,CBlock,Gd,TA,No,Rec,787,Unf,0,305,1092,GasA,Ex,Y,SBrkr,1092,0,0,1092,1,0,1,0,3,1,TA,6,Typ,0,,Attchd,1964.0,RFn,2,504,TA,Gd,Y,0,0,0,0,0,0,0,7,2008,WD,Normal,145000,2184,2.0,0,6.140522875816994,0.13236363636363635,0.5,44,0,0,1,6552,6.0,36,1192464
211,30,RL,67.0,5604,Pave,Reg,Lvl,AllPub,Inside,Gtl,Edwards,Norm,Norm,1Fam,1Story,5,6,1925,1950,Gable,CompShg,Stucco,Stucco,0.0,TA,TA,CBlock,TA,TA,No,Rec,468,Unf,0,396,864,GasA,TA,N,FuseA,864,0,0,864,1,0,1,0,2,1,TA,5,Typ,0,,,0.0,,0,0,,,Y,0,0,96,0,0,0,0,4,2008,WD,Normal,98000,1728,2.0,96,3.3551637279596975,0.15417558886509636,0.5,83,0,0,0,4320,4.0,25,746496
212,20,RL,83.0,10420,Pave,Reg,Lvl,AllPub,Corner,Gtl,Edwards,Norm,Norm,1Fam,1Story,6,5,2009,2009,Gable,CompShg,VinylSd,VinylSd,0.0,TA,TA,PConc,Gd,TA,Mn,GLQ,36,Unf,0,1176,1212,GasA,Ex,Y,SBrkr,1212,0,0,1212,0,0,2,0,3,1,Gd,6,Typ,0,,Attchd,2009.0,RFn,2,460,TA,TA,Y,100,22,0,0,0,0,0,3,2010,WD,Normal,186000,2424,2.0,22,1.060322854715378,0.1163147792706334,0.5,1,1,0,1,7272,6.0,36,1468944
213,60,FV,72.0,8640,Pave,Reg,Lvl,AllPub,Inside,Gtl,Somerst,Norm,Norm,1Fam,2Story,7,5,2009,2009,Gable,CompShg,VinylSd,VinylSd,0.0,TA,TA,PConc,Gd,TA,No,GLQ,822,Unf,0,78,900,GasA,Ex,Y,SBrkr,932,920,0,1852,1,0,2,1,3,1,Gd,7,Typ,1,TA,Attchd,2009.0,RFn,2,644,TA,TA,Y,168,108,0,0,0,0,0,7,2009,New,Partial,252678,2752,3.5,108,33.848101265822784,0.21435185185185185,0.32703488372093026,0,1,1,1,12964,10.5,49,3429904
214,20,RL,43.0,13568,Pave,IR2,Lvl,AllPub,CulDSac,Gtl,CollgCr,Norm,Norm,1Fam,1Story,5,5,1995,1995,Gable,CompShg,VinylSd,VinylSd,0.0,TA,TA,PConc,Gd,TA,No,ALQ,716,Unf,0,274,990,GasA,Ex,Y,SBrkr,990,0,0,990,0,1,1,0,3,1,TA,5,Typ,0,,Attchd,1996.0,Unf,2,576,TA,TA,Y,224,0,0,0,0,0,0,7,2006,WD,Normal,156000,1980,1.5,0,6.203636363636364,0.07296580188679246,0.5,11,0,0,1,4950,4.5,25,980100
215,60,RL,69.0,10900,Pave,IR1,Lvl,AllPub,FR2,Gtl,CollgCr,Norm,Norm,1Fam,2Story,6,7,1977,1977,Gable,CompShg,HdBoard,HdBoard,153.0,TA,TA,CBlock,Gd,TA,No,GLQ,378,Unf,0,311,689,GasA,Ex,Y,SBrkr,689,703,0,1392,0,0,1,1,3,1,TA,6,Typ,0,,Attchd,1977.0,Fin,1,299,TA,TA,Y,0,36,0,0,0,0,450,3,2010,WD,Normal,161750,2081,1.5,36,5.673076923076923,0.12770642201834861,0.3310908217203268,33,0,1,1,8352,4.5,36,1937664
216,20,RL,72.0,10011,Pave,IR1,Lvl,AllPub,Inside,Gtl,NAmes,Norm,Norm,1Fam,1Story,5,6,1957,1996,Gable,CompShg,HdBoard,HdBoard,64.0,TA,TA,CBlock,TA,TA,No,BLQ,360,Unf,0,710,1070,GasA,TA,Y,SBrkr,1236,0,0,1236,0,1,1,0,2,1,Gd,6,Min1,1,Fa,Attchd,1957.0,Unf,1,447,TA,TA,Y,0,0,0,0,0,0,0,5,2006,WD,Normal,134450,2306,1.5,0,2.2447257383966246,0.12346418939166916,0.4640069384215091,49,0,0,1,6180,3.0,25,1527696
217,20,RL,65.0,8450,Pave,Reg,Lvl,AllPub,Inside,Gtl,CollgCr,Norm,Norm,1Fam,1Story,7,5,2004,2004,Gable,CompShg,VinylSd,VinylSd,266.0,Gd,TA,PConc,Gd,TA,Mn,GLQ,946,Unf,0,490,1436,GasA,Ex,Y,SBrkr,1436,0,0,1436,1,0,2,0,3,1,Gd,8,Typ,0,,Attchd,2004.0,Unf,2,484,TA,TA,Y,139,98,0,0,0,0,0,4,2008,WD,Normal,210000,2872,3.0,98,4.85132382892057,0.16994082840236685,0.5,4,0,0,1,10052,9.0,49,2062096
218,70,RM,57.0,9906,Pave,Reg,Lvl,AllPub,Inside,Gtl,OldTown,Norm,Norm,1Fam,2Story,4,4,1925,1950,Gable,CompShg,MetalSd,MetalSd,0.0,TA,TA,CBlock,TA,TA,No,Unf,0,Unf,0,686,686,GasA,Fa,N,SBrkr,810,518,0,1328,0,0,1,0,3,1,TA,8,Typ,0,,Detchd,1940.0,Unf,1,210,TA,TA,Y,0,172,60,0,0,0,0,9,2006,WD,Family,107000,2014,1.0,232,1.933042212518195,0.13406016555622854,0.34061569016881826,81,0,1,1,5312,3.0,16,1763584
219,50,RL,69.0,15660,Pave,IR1,Lvl,AllPub,Corner,Gtl,Crawfor,Norm,Norm,1Fam,1.5Fin,7,9,1939,2006,Gable,CompShg,VinylSd,VinylSd,312.0,Gd,Gd,CBlock,TA,TA,No,BLQ,341,Unf,0,457,798,GasA,Ex,Y,SBrkr,1137,817,0,1954,0,1,1,1,3,1,Gd,8,Typ,2,TA,Attchd,1939.0,Unf,2,431,TA,TA,Y,0,119,150,0,0,0,0,5,2008,WD,Normal,311500,2752,2.0,269,5.010917030567685,0.1247765006385696,0.28997093023255816,69,0,1,1,13678,6.0,49,3818116
220,120,RL,43.0,3010,Pave,Reg,Lvl,AllPub,Inside,Gtl,Blmngtn,Norm,Norm,TwnhsE,1Story,7,5,2005,2006,Gable,CompShg,VinylSd,VinylSd,16.0,Gd,TA,PConc,Gd,TA,Av,GLQ,16,Unf,0,1232,1248,GasA,Ex,Y,SBrkr,1248,0,0,1248,0,0,2,0,2,1,Gd,5,Typ,0,,Attchd,2005.0,Fin,2,438,TA,TA,Y,108,0,0,0,0,0,0,3,2006,New,Partial,167240,2496,2.0,0,1.0251419302514193,0.41461794019933557,0.5,1,1,0,1,8736,4.0,49,1557504
221,20,RL,73.0,8990,Pave,IR1,Lvl,AllPub,Inside,Gtl,CollgCr,Norm,Norm,1Fam,1Story,7,5,2006,2006,Gable,CompShg,VinylSd,VinylSd,0.0,Gd,TA,PConc,Gd,TA,Mn,Unf,0,Unf,0,1498,1498,GasA,Ex,Y,SBrkr,1498,0,0,1498,0,0,2,0,2,1,Gd,5,Typ,0,,Attchd,2006.0,RFn,2,675,TA,TA,Y,351,33,0,0,0,0,0,4,2006,New,Partial,204900,2996,2.0,33,0.9993328885923949,0.16662958843159065,0.5,0,1,0,1,10486,4.0,49,2244004
222,60,RL,69.0,8068,Pave,IR1,Lvl,AllPub,Inside,Gtl,Gilbert,Norm,Norm,1Fam,2Story,6,5,2002,2002,Gable,CompShg,VinylSd,VinylSd,0.0,Gd,TA,PConc,Gd,TA,No,Unf,0,Unf,0,1010,1010,GasA,Ex,Y,SBrkr,1010,1257,0,2267,0,0,2,1,4,1,Gd,8,Typ,1,TA,BuiltIn,2002.0,RFn,2,390,TA,TA,Y,120,46,0,0,0,0,0,12,2009,ConLI,Normal,200000,3277,2.5,46,2.242334322453017,0.2809866137828458,0.3082087274946598,7,0,1,1,13602,10.0,36,5139289
223,60,RL,85.0,11475,Pave,Reg,Lvl,AllPub,Inside,Gtl,NWAmes,RRAn,Norm,1Fam,2Story,6,6,1975,1975,Gable,CompShg,VinylSd,VinylSd,0.0,TA,TA,CBlock,Gd,TA,No,ALQ,550,Unf,0,163,713,GasA,TA,Y,SBrkr,811,741,0,1552,1,0,2,1,3,1,TA,6,Typ,1,TA,Attchd,1975.0,RFn,2,434,TA,TA,Y,209,208,0,0,0,0,0,2,2006,WD,Normal,179900,2265,3.5,208,12.817073170731707,0.13525054466230937,0.3147902869757174,31,0,1,1,9312,10.5,36,2408704
224,20,RL,70.0,10500,Pave,Reg,Lvl,AllPub,FR2,Gtl,NAmes,Norm,Norm,1Fam,1Story,4,6,1971,1971,Gable,CompShg,HdBoard,HdBoard,0.0,TA,TA,CBlock,TA,TA,No,ALQ,524,LwQ,180,160,864,GasA,Gd,Y,SBrkr,864,0,0,864,0,0,1,0,2,1,TA,4,Typ,0,,Detchd,1989.0,Unf,2,576,TA,TA,Y,216,0,0,0,0,0,0,3,2009,WD,Abnorml,97000,1728,1.0,0,9.73913043478261,0.08228571428571428,0.5,38,0,0,1,3456,2.0,16,746496
225,20,RL,103.0,13472,Pave,Reg,Lvl,AllPub,Inside,Gtl,NridgHt,Norm,Norm,1Fam,1Story,10,5,2003,2003,Hip,CompShg,VinylSd,VinylSd,922.0,Ex,TA,PConc,Ex,TA,Gd,GLQ,56,Unf,0,2336,2392,GasA,Ex,Y,SBrkr,2392,0,0,2392,0,0,2,0,3,1,Ex,8,Typ,1,Ex,Attchd,2003.0,Fin,3,968,TA,TA,Y,248,105,0,0,0,0,0,6,2009,WD,Normal,386250,4784,2.0,105,1.0474967907573813,0.17755344418052257,0.5,6,0,0,1,23920,6.0,100,5721664
226,160,RM,21.0,1680,Pave,Reg,Lvl,AllPub,Inside,Gtl,BrDale,Norm,Norm,Twnhs,2Story,5,5,1971,1971,Gable,CompShg,HdBoard,HdBoard,142.0,TA,TA,CBlock,TA,TA,No,Unf,0,Unf,0,630,630,GasA,TA,Y,SBrkr,630,672,0,1302,0,0,2,1,3,1,TA,6,Typ,0,,Detchd,1991.0,Unf,1,280,TA,TA,Y,0,0,0,0,0,0,0,5,2009,COD,Abnorml,112000,1932,2.5,0,2.063391442155309,0.775,0.32608695652173914,38,0,1,1,6510,7.5,25,1695204
227,60,RL,82.0,9950,Pave,IR1,Lvl,AllPub,Inside,Gtl,NoRidge,Norm,Norm,1Fam,2Story,7,5,1995,1995,Gable,CompShg,VinylSd,VinylSd,290.0,Gd,TA,PConc,Gd,TA,No,GLQ,565,Unf,0,638,1203,GasA,Ex,Y,SBrkr,1214,1306,0,2520,0,0,2,1,4,1,Gd,9,Typ,1,TA,Attchd,1995.0,RFn,3,721,TA,TA,Y,224,114,0,0,0,0,0,6,2007,WD,Abnorml,290000,3723,2.5,114,4.827856025039123,0.25326633165829143,0.32312651087832395,12,0,1,1,17640,10.0,49,6350400
228,160,RM,21.0,1869,Pave,Reg,Lvl,AllPub,Inside,Gtl,BrDale,Norm,Norm,Twnhs,2Story,6,6,1970,1970,Gable,CompShg,HdBoard,HdBoard,127.0,TA,TA,CBlock,TA,TA,No,Rec,321,Unf,0,162,483,GasA,TA,Y,SBrkr,483,504,0,987,0,0,1,1,2,1,TA,5,Typ,0,,Detchd,1987.0,Unf,1,280,TA,TA,Y,0,0,0,0,0,0,0,9,2008,WD,Normal,106000,1470,1.5,0,8.024539877300613,0.5280898876404494,0.32857142857142857,38,0,1,1,5922,3.0,36,974169
229,20,RL,70.0,8521,Pave,Reg,Lvl,AllPub,FR2,Gtl,Sawyer,Feedr,Norm,1Fam,1Story,5,5,1967,1967,Gable,CompShg,HdBoard,HdBoard,0.0,TA,TA,CBlock,TA,TA,No,ALQ,842,Unf,0,70,912,GasA,TA,Y,SBrkr,912,0,0,912,0,0,1,0,3,1,TA,5,Typ,1,Fa,Detchd,1974.0,Unf,1,336,TA,TA,Y,0,0,0,0,0,0,0,5,2010,WD,Normal,125000,1824,1.0,0,24.704225352112676,0.10702969135078043,0.5,43,0,0,1,4560,3.0,25,831744
230,120,RL,43.0,3182,Pave,Reg,Lvl,AllPub,Inside,Gtl,Blmngtn,Norm,Norm,TwnhsE,1Story,7,5,2005,2006,Gable,CompShg,VinylSd,VinylSd,16.0,Gd,TA,PConc,Gd,TA,Av,GLQ,16,Unf,0,1357,1373,GasA,Ex,Y,SBrkr,1555,0,0,1555,0,0,2,0,2,1,Gd,7,Typ,1,TA,Attchd,2005.0,Fin,2,430,TA,TA,Y,143,20,0,0,0,0,0,5,2009,WD,Normal,192500,2928,2.0,20,1.1568483063328425,0.48868636077938404,0.4689207650273224,4,0,0,1,10885,4.0,49,2418025
231,20,RL,73.0,8760,Pave,Reg,Lvl,AllPub,Inside,Gtl,NAmes,Norm,Norm,1Fam,1Story,6,6,1959,1959,Hip,CompShg,MetalSd,MetalSd,220.0,TA,TA,CBlock,TA,TA,No,Unf,0,Unf,0,1194,1194,GasA,TA,Y,SBrkr,1194,0,0,1194,1,0,1,0,3,1,TA,6,Typ,0,,Attchd,1959.0,RFn,1,312,TA,TA,Y,0,0,120,0,0,0,0,4,2010,WD,Normal,148000,2388,2.0,120,0.999163179916318,0.1363013698630137,0.5,51,0,0,1,7164,6.0,36,1425636
232,60,RL,174.0,15138,Pave,IR1,Lvl,AllPub,Inside,Gtl,NoRidge,Norm,Norm,1Fam,2Story,8,5,1995,1996,Gable,CompShg,VinylSd,VinylSd,506.0,Gd,TA,PConc,Gd,TA,No,GLQ,689,Unf,0,773,1462,GasA,Ex,Y,SBrkr,1490,1304,0,2794,1,0,2,1,4,1,Ex,9,Typ,1,TA,Attchd,1995.0,Fin,3,810,TA,TA,Y,0,146,202,0,0,0,0,7,2009,WD,Normal,403000,4256,3.5,348,4.5,0.18456863522261857,0.34351503759398494,14,0,1,1,22352,14.0,64,7806436
233,160,RM,21.0,1680,Pave,Reg,Lvl,AllPub,Inside,Gtl,BrDale,Norm,Norm,Twnhs,2Story,6,5,1972,1972,Gable,CompShg,HdBoard,HdBoard,297.0,TA,TA,CBlock,TA,TA,No,Unf,0,Unf,0,483,483,GasA,TA,Y,SBrkr,483,504,0,987,0,0,1,1,2,1,TA,5,Typ,1,Po,Attchd,1972.0,Unf,1,288,TA,TA,Y,0,0,0,0,0,0,0,6,2006,WD,Normal,94500,1470,1.5,0,2.0392561983471076,0.5875,0.32857142857142857,34,0,1,1,5922,3.0,36,974169
234,20,RL,75.0,10650,Pave,Reg,Lvl,AllPub,Corner,Gtl,CollgCr,Norm,Norm,1Fam,1Story,5,6,1976,1976,Gable,CompShg,HdBoard,HdBoard,0.0,TA,TA,CBlock,TA,Gd,Av,LwQ,182,ALQ,712,0,894,GasA,TA,Y,SBrkr,894,0,0,894,1,0,1,0,3,1,TA,5,Typ,0,,Attchd,1976.0,Unf,1,308,TA,TA,Y,365,0,0,0,0,0,0,2,2010,WD,Normal,128200,1788,2.0,0,1788.0,0.08394366197183098,0.5,34,0,0,1,4470,6.0,25,799236
235,60,RL,69.0,7851,Pave,Reg,Lvl,AllPub,Inside,Gtl,Gilbert,Norm,Norm,1Fam,2Story,6,5,2002,2002,Gable,CompShg,VinylSd,VinylSd,0.0,Gd,TA,PConc,Gd,TA,No,GLQ,625,Unf,0,235,860,GasA,Ex,Y,SBrkr,860,1100,0,1960,1,0,2,1,4,1,Gd,8,Typ,2,TA,BuiltIn,2002.0,Fin,2,440,TA,TA,Y,288,48,0,0,0,0,0,5,2010,WD,Normal,216500,2820,3.5,48,10.953389830508474,0.2496497261495351,0.3049645390070922,8,0,1,1,11760,14.0,36,3841600
236,160,RM,21.0,1680,Pave,Reg,Lvl,AllPub,Inside,Gtl,BrDale,Norm,Norm,TwnhsE,2Story,6,3,1971,1971,Gable,CompShg,HdBoard,HdBoard,604.0,TA,TA,CBlock,TA,TA,No,ALQ,358,Unf,0,125,483,GasA,TA,Y,SBrkr,483,504,0,987,0,0,1,1,2,1,TA,5,Typ,0,,Detchd,1971.0,Unf,1,264,TA,TA,Y,0,0,0,0,0,0,0,8,2008,WD,Normal,89500,1470,1.5,0,10.674603174603174,0.5875,0.32857142857142857,37,0,1,1,5922,3.0,36,974169
237,20,RL,65.0,8773,Pave,Reg,Lvl,AllPub,FR2,Gtl,CollgCr,Norm,Norm,1Fam,1Story,7,5,2004,2004,Gable,CompShg,VinylSd,VinylSd,98.0,Gd,TA,PConc,Gd,TA,Av,GLQ,24,Unf,0,1390,1414,GasA,Ex,Y,SBrkr,1414,0,0,1414,0,0,2,0,3,1,Gd,6,Typ,0,,Attchd,2004.0,RFn,2,494,TA,TA,Y,132,105,0,0,0,0,0,5,2010,WD,Normal,185500,2828,2.0,105,1.0337886412652768,0.1611763364869486,0.5,6,0,0,1,9898,6.0,49,1999396
238,60,RL,69.0,9453,Pave,IR1,Lvl,AllPub,CulDSac,Gtl,SawyerW,RRNe,Norm,1Fam,2Story,7,7,1993,2003,Gable,CompShg,HdBoard,HdBoard,0.0,Gd,TA,PConc,Gd,TA,No,BLQ,402,Unf,0,594,996,GasA,Ex,Y,SBrkr,1014,730,0,1744,0,0,2,1,3,1,Gd,7,Typ,0,,Attchd,1993.0,RFn,2,457,TA,TA,Y,370,70,0,238,0,0,0,2,2010,WD,Normal,194500,2740,2.5,308,3.6067226890756303,0.18449169575796043,0.3635036496350365,17,0,1,1,12208,7.5,49,3041536
239,20,RL,93.0,12030,Pave,Reg,Lvl,AllPub,Inside,Gtl,NridgHt,Norm,Norm,1Fam,1Story,8,5,2007,2007,Hip,CompShg,VinylSd,VinylSd,254.0,Ex,TA,PConc,Ex,TA,No,Unf,0,Unf,0,1694,1694,GasA,Ex,Y,SBrkr,1694,0,0,1694,0,0,2,0,3,1,Gd,7,Typ,0,,Attchd,2007.0,Fin,3,818,TA,TA,Y,168,228,0,0,0,0,0,12,2007,New,Partial,318000,3388,2.0,228,0.9994100294985251,0.14081463009143808,0.5,0,1,0,1,13552,6.0,64,2869636
240,50,RL,52.0,8741,Pave,Reg,Lvl,AllPub,Inside,Gtl,Edwards,Norm,Norm,1Fam,1.5Fin,6,4,1945,1950,Gable,CompShg,VinylSd,VinylSd,0.0,TA,TA,CBlock,TA,Fa,No,LwQ,94,Unf,0,641,735,GasA,TA,Y,FuseA,798,689,0,1487,0,0,1,1,3,1,TA,7,Typ,1,Gd,Detchd,1949.0,Unf,1,220,TA,TA,Y,0,140,0,0,0,0,0,4,2010,WD,Normal,113000,2222,1.5,140,2.4626168224299065,0.17011783548793044,0.33078307830783077,65,0,1,1,8922,4.5,36,2211169
241,20,FV,75.0,9000,Pave,Reg,Lvl,AllPub,Inside,Gtl,Somerst,Norm,Norm,1Fam,1Story,8,5,2008,2008,Gable,CompShg,VinylSd,VinylSd,36.0,Gd,TA,PConc,Gd,TA,Av,GLQ,1078,Unf,0,488,1566,GasA,Ex,Y,SBrkr,1566,0,0,1566,1,0,2,0,3,1,Gd,7,Typ,0,,Attchd,2008.0,RFn,2,750,TA,TA,Y,144,168,0,0,0,0,0,4,2010,WD,Normal,262500,3132,3.0,168,5.406952965235174,0.174,0.5,2,1,0,1,12528,9.0,64,2452356
242,30,RM,40.0,3880,Pave,Reg,Lvl,AllPub,Inside,Gtl,OldTown,Norm,Norm,1Fam,1Story,5,9,1945,1997,Gable,CompShg,VinylSd,VinylSd,0.0,TA,Gd,CBlock,TA,TA,No,ALQ,329,Unf,0,357,686,GasA,Gd,Y,SBrkr,866,0,0,866,0,0,1,0,2,1,Gd,4,Typ,0,,,0.0,,0,0,,,Y,58,42,0,0,0,0,0,8,2007,WD,Normal,110500,1552,1.0,42,3.3379888268156424,0.2231958762886598,0.4420103092783505,62,0,0,0,4330,2.0,25,749956
243,50,RM,63.0,5000,Pave,Reg,Lvl,AllPub,Corner,Gtl,OldTown,Norm,Norm,1Fam,1.5Fin,5,4,1900,1950,Gable,CompShg,Wd Sdng,Wd Sdng,0.0,TA,TA,BrkTil,TA,TA,No,Unf,0,Unf,0,540,540,GasA,Gd,N,FuseA,889,551,0,1440,0,0,1,0,3,1,TA,6,Typ,0,,Attchd,1940.0,Unf,1,352,Fa,TA,Y,0,0,77,0,0,0,0,4,2006,WD,Normal,79000,1980,1.0,77,2.6617375231053604,0.288,0.2727272727272727,106,0,1,1,7200,3.0,25,2073600
244,160,RL,75.0,10762,Pave,Reg,Lvl,AllPub,Corner,Gtl,SawyerW,Norm,Norm,TwnhsE,2Story,6,6,1980,1980,Gable,CompShg,Plywood,Plywood,0.0,TA,TA,CBlock,Gd,TA,No,Unf,0,Unf,0,626,626,GasA,TA,Y,SBrkr,626,591,0,1217,0,0,1,1,3,1,TA,6,Typ,1,TA,Attchd,1980.0,RFn,1,288,TA,TA,Y,0,28,0,0,0,0,0,4,2009,WD,Normal,120000,1843,1.5,28,1.940988835725678,0.1130830700613269,0.33966359196961476,29,0,1,1,7302,4.5,36,1481089
245,60,RL,69.0,8880,Pave,IR1,Lvl,AllPub,Inside,Gtl,SawyerW,Norm,Norm,1Fam,2Story,7,5,1994,2002,Gable,CompShg,VinylSd,VinylSd,0.0,Gd,TA,PConc,Gd,TA,No,GLQ,695,Unf,0,253,948,GasA,Ex,Y,SBrkr,1222,888,0,2110,1,0,2,1,3,1,Gd,8,Typ,2,Fa,Attchd,1994.0,RFn,2,463,TA,TA,Y,0,130,0,0,0,0,0,5,2010,WD,Normal,205000,3058,3.5,130,11.043307086614174,0.2376126126126126,0.31000654022236757,16,0,1,1,14770,10.5,49,4452100
246,20,RL,80.0,10400,Pave,Reg,Lvl,AllPub,Inside,Gtl,NWAmes,Norm,Norm,1Fam,1Story,7,5,1988,1988,Gable,CompShg,Wd Sdng,Wd Sdng,102.0,TA,TA,CBlock,Gd,TA,Av,GLQ,929,Unf,0,916,1845,GasA,Gd,Y,SBrkr,1872,0,0,1872,0,1,2,0,3,1,TA,6,Typ,1,TA,Attchd,1988.0,Fin,2,604,TA,TA,Y,197,39,0,0,0,0,0,6,2006,WD,Normal,241500,3717,2.5,39,3.054525627044711,0.18,0.4963680387409201,18,0,0,1,13104,7.5,49,3504384
247,190,RM,69.0,9142,Pave,Reg,Lvl,AllPub,Inside,Gtl,OldTown,Norm,Norm,2fmCon,2Story,6,8,1910,1950,Gable,CompShg,AsbShng,AsbShng,0.0,TA,Fa,Stone,Fa,TA,No,Unf,0,Unf,0,1020,1020,GasA,Gd,N,FuseP,908,1020,0,1928,0,0,2,0,4,2,Fa,9,Typ,0,,Detchd,1910.0,Unf,1,440,Po,Po,Y,0,60,112,0,0,0,0,4,2006,WD,Normal,137000,2948,2.0,172,1.8883447600391772,0.21089477138481733,0.34599728629579374,96,0,1,1,11568,8.0,36,3717184
248,20,RL,75.0,11310,Pave,Reg,Lvl,AllPub,Inside,Gtl,NAmes,Norm,Norm,1Fam,1Story,6,5,1954,1954,Hip,CompShg,Wd Sdng,BrkFace,0.0,TA,TA,CBlock,TA,TA,No,Unf,0,Unf,0,1367,1367,GasA,Ex,Y,SBrkr,1375,0,0,1375,0,0,1,0,2,1,TA,5,Typ,1,TA,Attchd,1954.0,Unf,2,451,TA,TA,Y,0,30,0,0,0,0,0,6,2006,WD,Normal,140000,2742,1.0,30,1.0051169590643274,0.12157382847038019,0.4985412107950401,52,0,0,1,8250,2.0,36,1890625
249,60,RL,72.0,11317,Pave,Reg,Lvl,AllPub,Inside,Gtl,CollgCr,Norm,Norm,1Fam,2Story,7,5,2003,2003,Gable,CompShg,VinylSd,VinylSd,101.0,Gd,TA,PConc,Gd,TA,No,Unf,0,Unf,0,840,840,GasA,Ex,Y,SBrkr,840,828,0,1668,0,0,2,1,3,1,Gd,8,Typ,0,,Attchd,2003.0,RFn,2,500,TA,TA,Y,144,68,0,0,0,0,0,9,2007,WD,Normal,180000,2508,2.5,68,1.9833531510107016,0.1473888839798533,0.3349282296650718,4,0,1,1,11676,7.5,49,2782224
250,50,RL,69.0,159000,Pave,IR2,Low,AllPub,CulDSac,Sev,ClearCr,Norm,Norm,1Fam,1.5Fin,6,7,1958,2006,Gable,CompShg,Wd Sdng,HdBoard,472.0,Gd,TA,CBlock,Gd,TA,Gd,Rec,697,Unf,0,747,1444,GasA,Gd,Y,SBrkr,1444,700,0,2144,0,1,2,0,4,1,Gd,7,Typ,2,TA,Attchd,1958.0,Fin,2,389,TA,TA,Y,0,98,0,0,0,0,500,6,2007,WD,Normal,277000,3588,2.5,98,3.7981283422459895,0.013484276729559748,0.40245261984392416,49,0,1,1,12864,10.0,36,4596736
251,30,RL,55.0,5350,Pave,IR1,Lvl,AllPub,Inside,Gtl,BrkSide,Norm,Norm,1Fam,1Story,3,2,1940,1966,Gable,CompShg,Wd Sdng,Plywood,0.0,TA,Po,CBlock,TA,TA,No,Unf,0,Unf,0,728,728,GasA,Ex,Y,SBrkr,1306,0,0,1306,0,0,1,0,3,1,Fa,6,Mod,0,,,0.0,,0,0,,,Y,263,0,0,0,0,0,450,5,2010,WD,Normal,76500,2034,1.0,0,1.7914951989026062,0.2441121495327103,0.3579154375614553,70,0,0,0,3918,3.0,9,1705636
252,120,RM,44.0,4750,Pave,IR1,HLS,AllPub,Inside,Mod,Crawfor,Norm,Norm,TwnhsE,1Story,8,5,2006,2007,Hip,CompShg,VinylSd,VinylSd,481.0,Gd,TA,PConc,Gd,TA,Gd,GLQ,1573,Unf,0,0,1573,GasA,Ex,Y,SBrkr,1625,0,0,1625,1,1,2,0,2,1,Gd,5,Typ,1,Gd,Attchd,2006.0,Fin,2,538,TA,TA,Y,123,0,0,0,153,0,0,12,2007,WD,Family,235000,3198,3.5,153,3198.0,0.34210526315789475,0.491869918699187,1,1,0,1,13000,7.0,64,2640625
253,60,RL,65.0,8366,Pave,IR1,Lvl,AllPub,Inside,Gtl,SawyerW,Norm,Norm,1Fam,2Story,6,5,2004,2004,Gable,CompShg,VinylSd,VinylSd,0.0,Gd,TA,PConc,Gd,TA,No,Unf,0,Unf,0,798,798,GasA,Ex,Y,SBrkr,798,842,0,1640,0,0,2,1,3,1,Gd,6,Typ,0,,Attchd,2004.0,RFn,2,520,TA,TA,Y,138,45,0,0,0,0,0,12,2008,WD,Normal,173000,2438,2.5,45,2.0525657071339176,0.19603155629930671,0.3273174733388023,4,0,1,1,9840,7.5,36,2689600
254,80,RL,85.0,9350,Pave,Reg,Lvl,AllPub,Inside,Gtl,NAmes,Norm,Norm,1Fam,SLvl,6,7,1964,1991,Hip,CompShg,HdBoard,HdBoard,108.0,TA,TA,CBlock,Gd,TA,Gd,LwQ,270,ALQ,580,452,1302,GasA,Ex,Y,SBrkr,1302,0,0,1302,0,1,2,0,3,1,Gd,7,Min1,0,,Attchd,1964.0,RFn,1,309,TA,TA,Y,333,0,0,0,0,0,0,10,2007,CWD,Normal,158000,2604,2.5,0,4.750551876379691,0.13925133689839572,0.5,43,0,0,1,7812,7.5,36,1695204
255,20,RL,70.0,8400,Pave,Reg,Lvl,AllPub,Inside,Gtl,NAmes,Norm,Norm,1Fam,1Story,5,6,1957,1957,Gable,CompShg,MetalSd,MetalSd,0.0,TA,Gd,CBlock,TA,TA,No,Rec,922,Unf,0,392,1314,GasA,TA,Y,SBrkr,1314,0,0,1314,1,0,1,0,3,1,TA,5,Typ,0,,Attchd,1957.0,RFn,1,294,TA,TA,Y,250,0,0,0,0,0,0,6,2010,WD,Normal,145000,2628,2.0,0,5.689567430025445,0.15642857142857142,0.5,53,0,0,1,6570,6.0,25,1726596
256,60,RL,66.0,8738,Pave,IR1,Lvl,AllPub,Inside,Gtl,Gilbert,Norm,Norm,1Fam,2Story,7,5,1999,1999,Gable,CompShg,VinylSd,VinylSd,302.0,Gd,TA,PConc,Gd,TA,No,Unf,0,Unf,0,975,975,GasA,Ex,Y,SBrkr,1005,1286,0,2291,0,0,2,1,4,1,Gd,8,Typ,1,TA,BuiltIn,1999.0,Fin,2,429,TA,TA,Y,192,0,0,0,0,0,0,2,2006,WD,Normal,230000,3266,2.5,0,2.3473360655737703,0.2621881437399863,0.2985303123086344,7,0,1,1,16037,10.0,49,5248681
257,60,FV,64.0,8791,Pave,IR1,Lvl,AllPub,Inside,Gtl,Somerst,Norm,Norm,1Fam,2Story,6,5,2003,2003,Gable,CompShg,VinylSd,VinylSd,0.0,Gd,TA,PConc,Gd,TA,No,Rec,503,Unf,0,361,864,GasA,Ex,Y,SBrkr,864,864,0,1728,0,0,2,1,3,1,Gd,7,Typ,0,,Attchd,2003.0,RFn,2,673,TA,TA,Y,216,56,0,0,0,0,0,5,2008,WD,Normal,207500,2592,2.5,56,6.162983425414365,0.19656466841087475,0.3333333333333333,5,0,1,1,10368,7.5,36,2985984
258,20,RL,68.0,8814,Pave,Reg,Lvl,AllPub,Inside,Gtl,CollgCr,Norm,Norm,1Fam,1Story,7,5,2006,2006,Gable,CompShg,VinylSd,VinylSd,180.0,Gd,TA,PConc,Gd,TA,No,GLQ,1334,Unf,0,270,1604,GasA,Ex,Y,SBrkr,1604,0,0,1604,1,0,2,1,3,1,Gd,8,Typ,1,Gd,Attchd,2006.0,RFn,2,660,TA,TA,Y,123,110,0,0,0,0,0,3,2009,WD,Abnorml,220000,3208,3.5,110,10.841328413284133,0.1819832085318811,0.5,3,1,0,1,11228,10.5,49,2572816
259,60,RL,80.0,12435,Pave,Reg,Lvl,AllPub,Inside,Gtl,CollgCr,Norm,Norm,1Fam,2Story,7,5,2001,2001,Gable,CompShg,VinylSd,VinylSd,172.0,Gd,TA,PConc,Gd,TA,No,GLQ,361,Unf,0,602,963,GasA,Ex,Y,SBrkr,963,829,0,1792,0,0,2,1,3,1,Gd,7,Typ,1,TA,Attchd,2001.0,RFn,2,564,TA,TA,Y,0,96,0,245,0,0,0,5,2008,WD,Normal,231500,2755,2.5,341,3.570480928689884,0.14410936871733013,0.34954627949183303,7,0,1,1,12544,7.5,49,3211264
260,20,RM,70.0,12702,Pave,Reg,Lvl,AllPub,Inside,Gtl,OldTown,Norm,Norm,1Fam,1Story,5,5,1956,1956,Gable,CompShg,BrkFace,BrkFace,0.0,TA,TA,PConc,,,,,0,,0,0,0,GasA,Gd,Y,FuseA,882,0,0,882,0,0,1,0,2,1,TA,4,Typ,0,,Detchd,1956.0,Unf,1,308,TA,TA,Y,0,45,0,0,0,0,0,12,2008,WD,Normal,97000,882,1.0,45,882.0,0.06943788379782712,0.0,52,0,0,1,4410,2.0,25,777924
261,80,RL,120.0,19296,Pave,Reg,Lvl,AllPub,Corner,Gtl,NAmes,Artery,Norm,1Fam,SLvl,6,5,1962,1962,Gable,CompShg,Wd Sdng,Wd Sdng,399.0,TA,TA,CBlock,TA,TA,Gd,Rec,672,ALQ,690,0,1362,GasA,TA,Y,SBrkr,1382,0,0,1382,1,0,1,0,3,1,TA,6,Typ,1,TA,Attchd,1991.0,Unf,2,884,TA,TA,Y,0,0,252,0,0,0,0,5,2009,WD,Normal,176000,2744,2.0,252,2744.0,0.07162106135986733,0.4963556851311953,47,0,0,1,8292,6.0,36,1909924
262,60,RL,69.0,9588,Pave,IR1,Lvl,AllPub,Inside,Gtl,CollgCr,Norm,Norm,1Fam,2Story,8,5,2007,2007,Gable,CompShg,CemntBd,CmentBd,270.0,Gd,TA,PConc,Ex,TA,No,Unf,0,Unf,0,1482,1482,GasA,Ex,Y,SBrkr,1482,1092,0,2574,0,0,2,1,3,1,Ex,10,Typ,1,Gd,BuiltIn,2007.0,Fin,3,868,TA,TA,Y,0,148,0,0,0,0,0,11,2007,New,Partial,276000,4056,2.5,148,1.7356709372892785,0.26846057571964954,0.36538461538461536,0,1,1,1,20592,7.5,64,6625476
263,80,RL,88.0,8471,Pave,IR1,Lvl,AllPub,Corner,Gtl,Sawyer,Norm,Norm,1Fam,SLvl,6,7,1977,1995,Gable,CompShg,HdBoard,Plywood,46.0,TA,TA,CBlock,Gd,Gd,Av,ALQ,506,Unf,0,0,506,GasA,TA,Y,SBrkr,1212,0,0,1212,1,0,1,0,3,1,TA,6,Typ,1,TA,Attchd,1978.0,Unf,2,492,TA,TA,Y,292,12,0,0,0,0,0,7,2006,WD,Normal,151000,1718,2.0,12,1718.0,0.14307637823161373,0.29452852153667053,29,0,0,1,7272,6.0,36,1468944
264,50,RM,50.0,5500,Pave,Reg,Lvl,AllPub,Corner,Gtl,OldTown,Norm,Norm,1Fam,1.5Fin,5,7,1929,2001,Gable,CompShg,Wd Sdng,Wd Sdng,0.0,TA,TA,BrkTil,TA,TA,No,LwQ,234,ALQ,692,0,926,GasA,TA,Y,SBrkr,926,0,390,1316,1,0,1,0,3,1,TA,6,Typ,0,,Detchd,1974.0,Unf,2,484,TA,TA,Y,0,0,0,0,0,0,0,4,2010,WD,Normal,130000,1852,2.0,0,2242.0,0.23927272727272728,0.5,81,0,0,1,6580,6.0,25,1731856
265,30,RM,30.0,5232,Pave,IR3,Bnk,AllPub,Inside,Gtl,OldTown,Artery,Norm,1Fam,1Story,5,5,1925,2004,Gable,CompShg,Wd Sdng,Wd Sdng,0.0,TA,TA,BrkTil,Fa,TA,No,Unf,0,Unf,0,680,680,GasA,Gd,N,FuseP,764,0,0,764,0,0,1,0,2,1,TA,4,Typ,0,,Detchd,1965.0,Unf,2,504,TA,TA,N,0,0,0,0,0,0,0,6,2008,WD,Normal,73000,1444,1.0,0,1.1218795888399413,0.14602446483180428,0.4709141274238227,83,0,0,1,3820,2.0,25,583696
266,20,RL,78.0,12090,Pave,IR1,Lvl,AllPub,Inside,Gtl,NWAmes,Norm,Norm,1Fam,1Story,6,6,1981,1981,Gable,CompShg,MetalSd,MetalSd,210.0,TA,Gd,CBlock,Gd,TA,No,GLQ,588,LwQ,228,606,1422,GasA,TA,Y,SBrkr,1422,0,0,1422,0,0,2,0,3,1,Gd,7,Typ,1,TA,Attchd,1981.0,Fin,2,576,TA,TA,Y,276,0,0,0,0,0,0,6,2008,WD,Normal,175500,2844,2.0,0,3.686985172981878,0.11761786600496278,0.5,27,0,0,1,8532,6.0,36,2022084
267,60,RL,70.0,11207,Pave,IR1,HLS,AllPub,FR2,Gtl,Gilbert,Norm,Norm,1Fam,2Story,6,5,1997,1997,Gable,CompShg,VinylSd,VinylSd,0.0,TA,TA,PConc,Gd,TA,Av,GLQ,714,Unf,0,88,802,GasA,Gd,Y,SBrkr,802,709,0,1511,1,0,2,1,3,1,TA,8,Typ,1,TA,Attchd,1997.0,Fin,2,413,TA,TA,Y,95,75,0,0,0,0,0,6,2006,WD,Normal,185000,2313,3.5,75,25.0,0.13482644775586686,0.346735840899265,9,0,1,1,9066,10.5,36,2283121
268,75,RL,60.0,8400,Pave,Reg,Bnk,AllPub,Inside,Mod,SWISU,Norm,Norm,1Fam,2.5Fin,5,8,1939,1997,Gable,CompShg,Wd Sdng,Wd Sdng,0.0,TA,TA,PConc,TA,TA,No,LwQ,378,Unf,0,342,720,GasA,Ex,Y,SBrkr,1052,720,420,2192,0,0,2,1,4,1,Gd,8,Typ,1,Gd,Detchd,1939.0,Unf,1,240,TA,TA,Y,262,24,0,0,0,0,0,7,2008,WD,Normal,179500,2492,2.5,24,7.49271137026239,0.26095238095238094,0.28892455858747995,69,0,1,1,10960,10.0,25,4804864
269,30,RM,71.0,6900,Pave,Reg,Lvl,AllPub,Inside,Gtl,IDOTRR,Norm,Norm,1Fam,1Story,5,6,1940,1955,Gable,CompShg,VinylSd,VinylSd,0.0,TA,TA,CBlock,TA,TA,No,ALQ,403,Rec,125,212,740,GasA,Ex,Y,SBrkr,778,0,0,778,0,0,1,0,2,1,TA,4,Typ,1,Gd,Detchd,1966.0,Fin,1,924,Ex,Ex,Y,0,25,0,0,0,0,0,2,2008,WD,Normal,120500,1518,1.0,25,6.131455399061033,0.1127536231884058,0.4874835309617918,68,0,0,1,3890,2.0,25,605284
270,20,RL,69.0,7917,Pave,IR1,Lvl,AllPub,Corner,Gtl,Edwards,Norm,Norm,1Fam,1Story,6,7,1976,1976,Hip,CompShg,HdBoard,HdBoard,174.0,TA,Gd,CBlock,TA,Gd,No,BLQ,751,Unf,0,392,1143,GasA,TA,Y,SBrkr,1113,0,0,1113,1,0,1,1,3,1,TA,6,Typ,1,Fa,Attchd,1987.0,RFn,1,504,TA,Gd,Y,370,30,0,0,0,0,0,5,2007,WD,Normal,148000,2256,2.5,30,4.743002544529262,0.14058355437665782,0.5066489361702128,31,0,0,1,6678,7.5,36,1238769
271,60,FV,84.0,10728,Pave,Reg,Lvl,AllPub,Inside,Gtl,Somerst,Norm,Norm,1Fam,2Story,8,5,2006,2006,Gable,CompShg,VinylSd,VinylSd,0.0,Gd,TA,PConc,Gd,TA,Mn,Unf,0,Unf,0,1095,1095,GasA,Gd,Y,SBrkr,1095,844,0,1939,0,0,2,1,3,1,Gd,8,Typ,1,Gd,Attchd,2006.0,RFn,3,1053,TA,TA,Y,192,51,0,0,0,0,0,8,2006,New,Partial,266000,3034,2.5,51,1.7691605839416058,0.18074198359433258,0.36090969017798286,0,1,1,1,15512,7.5,64,3759721
272,20,RL,73.0,39104,Pave,IR1,Low,AllPub,CulDSac,Sev,ClearCr,Norm,Norm,1Fam,1Story,7,7,1954,2005,Flat,Membran,Plywood,Plywood,0.0,TA,TA,CBlock,Gd,TA,Gd,LwQ,226,GLQ,1063,96,1385,GasA,Ex,Y,SBrkr,1363,0,0,1363,1,0,1,0,2,1,TA,5,Mod,2,TA,Attchd,1954.0,Unf,2,439,TA,TA,Y,81,0,0,0,0,0,0,4,2008,WD,Normal,241500,2748,2.0,0,27.34020618556701,0.03485576923076923,0.5040029112081513,54,0,0,1,9541,4.0,49,1857769
273,60,RL,92.0,11764,Pave,IR1,Lvl,AllPub,CulDSac,Gtl,NoRidge,Norm,Norm,1Fam,2Story,8,7,1999,2007,Gable,CompShg,VinylSd,VinylSd,348.0,Gd,TA,PConc,Gd,TA,No,GLQ,524,Unf,0,628,1152,GasA,Ex,Y,SBrkr,1164,1106,0,2270,0,0,2,1,4,1,Gd,9,Typ,1,Gd,Attchd,1999.0,Fin,3,671,TA,TA,Y,132,57,0,0,0,0,0,4,2010,WD,Normal,290000,3422,2.5,57,4.441971383147854,0.19296157769466168,0.33664523670368207,11,0,1,1,18160,10.0,64,5152900
274,20,RL,80.0,9600,Pave,Reg,Lvl,AllPub,Inside,Gtl,NAmes,Feedr,Norm,1Fam,1Story,6,6,1958,1988,Hip,CompShg,Wd Sdng,Wd Sdng,183.0,TA,TA,CBlock,TA,TA,No,Rec,620,LwQ,620,0,1240,GasA,Gd,Y,SBrkr,1632,0,0,1632,1,0,2,0,3,1,TA,6,Min1,1,Gd,Attchd,1958.0,RFn,1,338,TA,TA,Y,289,0,0,0,0,0,0,4,2009,WD,Normal,139000,2872,3.0,0,2872.0,0.17,0.43175487465181056,51,0,0,1,9792,9.0,36,2663424
275,20,RL,76.0,8314,Pave,Reg,Lvl,AllPub,Corner,Gtl,Mitchel,Norm,Norm,1Fam,1Story,5,7,1982,1982,Gable,CompShg,HdBoard,ImStucc,0.0,TA,TA,CBlock,TA,TA,Gd,ALQ,546,Unf,0,270,816,GasA,TA,Y,SBrkr,816,0,0,816,0,0,1,0,2,1,TA,5,Typ,0,,Attchd,1982.0,Unf,1,264,TA,TA,Y,168,0,0,0,0,0,0,6,2007,WD,Normal,124500,1632,1.0,0,5.025830258302583,0.09814770267019485,0.5,25,0,0,1,4080,2.0,25,665856
276,50,RL,55.0,7264,Pave,Reg,Lvl,AllPub,Inside,Gtl,BrkSide,Norm,Norm,1Fam,1.5Fin,7,7,1925,2007,Gable,CompShg,Wd Sdng,Wd Sdng,0.0,Gd,Gd,BrkTil,TA,TA,No,Unf,0,Unf,0,952,952,GasW,Gd,N,SBrkr,952,596,0,1548,0,0,2,1,3,1,Ex,5,Typ,0,,Detchd,1978.0,Unf,2,672,TA,TA,Y,74,0,0,0,144,0,0,10,2009,WD,Normal,205000,2500,2.5,144,1.6243441762854145,0.2131057268722467,0.3808,84,0,1,1,10836,7.5,49,2396304
277,20,RL,129.0,9196,Pave,IR1,Lvl,AllPub,Inside,Gtl,Mitchel,Norm,Norm,1Fam,1Story,7,5,2003,2003,Gable,CompShg,VinylSd,VinylSd,0.0,Gd,TA,PConc,Ex,TA,No,Unf,0,Unf,0,1560,1560,GasA,Ex,Y,SBrkr,1560,0,0,1560,0,0,2,0,3,1,Gd,7,Typ,0,,Attchd,2003.0,Fin,2,573,TA,TA,Y,100,150,0,0,0,0,0,4,2010,WD,Normal,201000,3120,2.0,150,0.9993593850096092,0.16963897346672466,0.5,7,0,0,1,10920,6.0,49,2433600
278,20,RL,140.0,19138,Pave,Reg,Lvl,AllPub,Corner,Gtl,Gilbert,Norm,Norm,1Fam,1Story,4,5,1951,1951,Gable,CompShg,VinylSd,VinylSd,0.0,TA,TA,CBlock,TA,TA,No,LwQ,120,Unf,0,744,864,GasA,Ex,Y,SBrkr,864,0,0,864,0,0,1,0,2,1,TA,4,Typ,0,,Detchd,1951.0,Unf,2,400,TA,TA,Y,0,0,0,0,0,0,0,6,2010,WD,Normal,141000,1728,1.0,0,1.3208053691275168,0.04514578325843871,0.5,59,0,0,1,3456,2.0,16,746496
279,20,RL,107.0,14450,Pave,Reg,Lvl,AllPub,Inside,Gtl,NridgHt,Norm,Norm,1Fam,1Story,9,5,2006,2007,Gable,CompShg,CemntBd,CmentBd,315.0,Ex,TA,PConc,Ex,TA,Gd,Unf,0,Unf,0,2121,2121,GasA,Ex,Y,SBrkr,2121,0,0,2121,0,0,2,1,3,1,Ex,8,Typ,1,Ex,Attchd,2007.0,Fin,3,732,TA,TA,Y,124,98,0,0,142,0,0,5,2007,New,Partial,415298,4242,2.5,240,0.9995287464655985,0.14678200692041524,0.5,1,1,0,1,19089,7.5,81,4498641
280,60,RL,83.0,10005,Pave,Reg,Lvl,AllPub,Inside,Gtl,ClearCr,Norm,Norm,1Fam,2Story,7,5,1977,1977,Hip,CompShg,Plywood,Plywood,299.0,TA,TA,CBlock,Gd,TA,No,BLQ,392,Unf,0,768,1160,GasA,Ex,Y,SBrkr,1156,866,0,2022,0,0,2,1,4,1,TA,8,Typ,1,TA,Attchd,1977.0,Fin,2,505,TA,TA,Y,288,117,0,0,0,0,0,3,2008,WD,Normal,192000,3182,2.5,117,3.139141742522757,0.20209895052473764,0.36455059710873666,31,0,1,1,14154,10.0,49,4088484
281,60,RL,82.0,11287,Pave,Reg,Lvl,AllPub,Inside,Gtl,SawyerW,Norm,Norm,1Fam,2Story,7,6,1989,1989,Gable,CompShg,Plywood,Plywood,340.0,Gd,TA,CBlock,Gd,TA,Av,GLQ,421,Unf,0,386,807,GasA,Gd,Y,SBrkr,1175,807,0,1982,0,0,2,1,3,1,Gd,7,Typ,1,TA,Attchd,1989.0,Fin,2,575,TA,TA,Y,0,84,0,196,0,0,0,1,2007,WD,Normal,228500,2789,2.5,280,6.209302325581396,0.17560024807300434,0.2893510218716386,18,0,1,1,13874,7.5,49,3928324
282,20,FV,60.0,7200,Pave,Reg,Lvl,AllPub,Inside,Gtl,Somerst,Norm,Norm,1Fam,1Story,6,5,2006,2006,Gable,CompShg,VinylSd,VinylSd,68.0,Gd,TA,PConc,Gd,TA,No,GLQ,905,Unf,0,357,1262,GasA,Gd,Y,SBrkr,1262,0,0,1262,0,0,2,0,2,1,Gd,5,Typ,0,,Attchd,2006.0,Fin,2,572,TA,TA,Y,0,120,0,0,0,0,0,5,2006,New,Partial,185000,2524,2.0,120,6.053072625698324,0.17527777777777778,0.5,0,1,0,1,7572,4.0,36,1592644
283,120,RL,34.0,5063,Pave,Reg,Lvl,AllPub,Inside,Gtl,NridgHt,Norm,Norm,Twnhs,1Story,7,5,2007,2008,Gable,CompShg,VinylSd,VinylSd,166.0,Gd,TA,PConc,Gd,TA,No,GLQ,904,Unf,0,410,1314,GasA,Ex,Y,SBrkr,1314,0,0,1314,1,0,2,0,2,1,Gd,6,Typ,1,Gd,Attchd,2008.0,RFn,2,626,TA,TA,Y,172,62,0,0,0,0,0,4,2009,ConLw,Normal,207500,2628,3.0,62,5.396593673965937,0.2595299229705708,0.5,2,1,0,1,9198,6.0,49,1726596
284,20,RL,74.0,9612,Pave,Reg,Lvl,AllPub,Inside,Gtl,Somerst,Feedr,Norm,1Fam,1Story,8,5,2008,2009,Gable,CompShg,VinylSd,VinylSd,72.0,Gd,TA,PConc,Gd,TA,No,Unf,0,Unf,0,1468,1468,GasA,Ex,Y,SBrkr,1468,0,0,1468,0,0,2,0,3,1,Gd,6,Typ,1,Gd,Attchd,2008.0,Fin,3,898,TA,TA,Y,210,150,0,0,0,0,0,12,2009,New,Partial,244600,2936,2.0,150,0.9993192648059904,0.1527257594673325,0.5,1,1,0,1,11744,6.0,64,2155024
285,120,RL,50.0,8012,Pave,Reg,Lvl,AllPub,Inside,Gtl,SawyerW,Norm,Norm,TwnhsE,1Story,6,5,1992,1992,Gable,CompShg,Plywood,ImStucc,0.0,Gd,TA,PConc,Gd,TA,No,GLQ,430,Unf,0,1145,1575,GasA,Gd,Y,SBrkr,1575,0,0,1575,1,0,2,0,2,1,Gd,5,Typ,0,,Attchd,1992.0,RFn,2,529,TA,TA,Y,0,0,52,0,0,0,0,7,2007,WD,Normal,179200,3150,3.0,52,1.74956369982548,0.19658012980529208,0.5,15,0,0,1,9450,6.0,36,2480625
286,160,FV,35.0,4251,Pave,IR1,Lvl,AllPub,Inside,Gtl,Somerst,Norm,Norm,TwnhsE,2Story,7,5,2006,2007,Gable,CompShg,MetalSd,MetalSd,0.0,Gd,TA,PConc,Gd,TA,No,Unf,0,Unf,0,625,625,GasA,Ex,Y,SBrkr,625,625,0,1250,0,0,2,1,2,1,Gd,5,Typ,0,,Detchd,2006.0,RFn,2,528,TA,TA,Y,0,54,0,0,0,0,0,6,2007,New,Partial,164700,1875,2.5,54,1.9968051118210863,0.29404845918607386,0.3333333333333333,1,1,1,1,8750,5.0,49,1562500
287,50,RL,77.0,9786,Pave,IR1,Bnk,AllPub,Inside,Gtl,NAmes,Norm,Norm,1Fam,1.5Fin,6,7,1962,1981,Gable,CompShg,Wd Sdng,Wd Sdng,0.0,TA,TA,CBlock,TA,TA,No,Rec,600,Unf,0,312,912,GasA,TA,Y,SBrkr,1085,649,0,1734,0,0,1,1,3,1,Gd,7,Typ,1,Gd,Attchd,1962.0,RFn,2,440,TA,TA,Y,0,0,0,0,128,0,0,6,2006,WD,Normal,159000,2646,1.5,128,7.456869009584665,0.1771919068056407,0.34467120181405897,44,0,1,1,10404,4.5,36,3006756
288,20,RL,69.0,8125,Pave,IR1,Lvl,AllPub,Corner,Gtl,NAmes,Norm,Norm,1Fam,1Story,4,4,1971,1971,Gable,CompShg,HdBoard,HdBoard,0.0,TA,TA,CBlock,TA,TA,No,BLQ,614,Unf,0,244,858,GasA,TA,Y,SBrkr,858,0,0,858,0,0,1,0,3,1,TA,5,Typ,0,,,0.0,,0,0,,,Y,0,0,0,0,0,0,0,6,2006,WD,Normal,88000,1716,1.0,0,6.0081632653061225,0.1056,0.5,35,0,0,0,3432,3.0,16,736164
289,20,RL,69.0,9819,Pave,IR1,Lvl,AllPub,Inside,Gtl,Sawyer,Norm,Norm,1Fam,1Story,5,5,1967,1967,Gable,CompShg,MetalSd,MetalSd,31.0,TA,Gd,CBlock,TA,TA,No,BLQ,450,Unf,0,432,882,GasA,TA,Y,SBrkr,900,0,0,900,0,0,1,0,3,1,TA,5,Typ,0,,Detchd,1970.0,Unf,1,280,TA,TA,Y,0,0,0,0,0,0,0,2,2010,WD,Normal,122000,1782,1.0,0,3.1177829099307157,0.09165902841429881,0.494949494949495,43,0,0,1,4500,3.0,25,810000
290,70,RL,60.0,8730,Pave,Reg,Lvl,AllPub,Inside,Gtl,BrkSide,RRAn,Norm,1Fam,2Story,6,7,1915,2003,Gable,CompShg,Wd Sdng,Wd Sdng,0.0,TA,TA,BrkTil,TA,TA,No,Unf,0,Unf,0,698,698,GasA,Ex,Y,FuseA,698,698,0,1396,0,0,1,0,3,1,TA,7,Typ,0,,Detchd,2003.0,Unf,1,384,TA,TA,Y,0,0,0,0,259,0,0,7,2007,WD,Normal,153575,2094,1.0,259,1.9971387696709586,0.15990836197021763,0.3333333333333333,92,0,1,1,8376,3.0,36,1948816
291,60,RL,120.0,15611,Pave,Reg,Lvl,AllPub,Inside,Gtl,CollgCr,Norm,Norm,1Fam,2Story,8,5,2006,2006,Gable,CompShg,VinylSd,VinylSd,0.0,Gd,TA,PConc,Gd,TA,Av,Unf,0,Unf,0,1079,1079,GasA,Ex,Y,SBrkr,1079,840,0,1919,0,0,2,1,3,1,Gd,8,Typ,1,Gd,Attchd,2006.0,RFn,2,685,Gd,TA,Y,0,51,0,0,0,0,0,7,2006,New,Partial,233230,2998,2.5,51,1.776851851851852,0.12292614182307347,0.3599066044029353,0,1,1,1,15352,7.5,64,3682561
292,190,RL,55.0,5687,Pave,Reg,Bnk,AllPub,Inside,Gtl,SWISU,Norm,Norm,2fmCon,2Story,5,6,1912,2000,Gable,CompShg,VinylSd,VinylSd,0.0,TA,Fa,PConc,TA,Fa,No,Rec,210,Unf,0,570,780,GasA,Ex,N,SBrkr,936,780,0,1716,1,0,2,0,6,1,Fa,9,Typ,0,,,0.0,,0,0,,,N,0,184,0,0,0,0,0,3,2008,WD,Normal,135900,2496,3.0,184,3.373029772329247,0.30174081237911027,0.3125,96,0,1,0,8580,18.0,25,2944656
293,50,RL,60.0,11409,Pave,Reg,Lvl,AllPub,Inside,Gtl,Edwards,Norm,Norm,1Fam,1.5Fin,5,4,1949,2008,Gable,CompShg,Wd Sdng,Wd Sdng,0.0,TA,TA,CBlock,TA,TA,No,LwQ,292,Unf,0,476,768,GasA,Gd,Y,SBrkr,1148,568,0,1716,0,0,1,1,3,1,TA,8,Min2,1,Gd,Attchd,1949.0,Unf,1,281,TA,TA,Y,0,0,0,0,160,0,0,1,2009,WD,Normal,131000,2484,1.5,160,4.209643605870021,0.1504075729687089,0.30917874396135264,60,0,1,1,8580,4.5,25,2944656
294,60,RL,69.0,16659,Pave,IR1,Lvl,AllPub,Corner,Gtl,NWAmes,PosA,Norm,1Fam,2Story,7,7,1977,1994,Gable,CompShg,Plywood,Plywood,34.0,TA,TA,CBlock,TA,TA,No,ALQ,795,Unf,0,0,795,GasA,Fa,Y,SBrkr,1468,795,0,2263,1,0,2,1,3,1,Gd,9,Typ,1,TA,Attchd,1977.0,Fin,2,539,TA,TA,Y,0,250,0,0,0,0,0,3,2006,WD,Normal,235000,3058,3.5,250,3058.0,0.13584248754427036,0.25997383911052974,29,0,1,1,15841,10.5,49,5121169
295,20,RL,80.0,9600,Pave,Reg,Lvl,AllPub,Inside,Gtl,NAmes,Norm,Norm,1Fam,1Story,6,5,1953,1953,Hip,CompShg,HdBoard,HdBoard,238.0,TA,TA,CBlock,TA,TA,No,GLQ,1285,Unf,0,131,1416,GasA,TA,Y,SBrkr,1644,0,0,1644,1,0,1,0,3,1,TA,7,Typ,2,Gd,Attchd,1953.0,Fin,2,418,TA,TA,Y,110,0,0,0,0,0,0,10,2009,WD,Normal,167000,3060,2.0,0,22.189393939393938,0.17125,0.4627450980392157,56,0,0,1,9864,6.0,36,2702736
296,80,RL,37.0,7937,Pave,IR1,Lvl,AllPub,CulDSac,Gtl,Mitchel,Norm,Norm,1Fam,SLvl,6,6,1984,1984,Gable,CompShg,HdBoard,HdBoard,0.0,TA,TA,CBlock,TA,TA,Av,GLQ,819,Unf,0,184,1003,GasA,TA,Y,SBrkr,1003,0,0,1003,1,0,1,0,3,1,TA,6,Typ,0,,Detchd,1984.0,Unf,2,588,TA,TA,Y,120,0,0,0,0,0,0,3,2006,WD,Normal,142500,2006,2.0,0,9.848648648648648,0.12637016504976692,0.5,22,0,0,1,6018,6.0,36,1006009
297,50,RM,75.0,13710,Pave,Reg,Lvl,AllPub,Inside,Gtl,IDOTRR,Norm,Norm,1Fam,1.5Fin,5,5,1950,1950,Gable,CompShg,Wd Sdng,Wd Sdng,0.0,TA,TA,CBlock,TA,TA,No,BLQ,420,Unf,0,490,910,GasA,TA,Y,FuseA,910,648,0,1558,0,0,1,1,4,1,TA,6,Typ,0,,Attchd,1950.0,Unf,1,282,TA,TA,Y,289,0,0,0,0,0,0,6,2007,WD,Normal,152000,2468,1.5,0,4.0285132382892055,0.11363967906637491,0.3687196110210697,57,0,1,1,7790,6.0,25,2427364
298,60,FV,66.0,7399,Pave,IR1,Lvl,AllPub,Inside,Gtl,Somerst,Norm,Norm,1Fam,2Story,7,5,1997,1998,Hip,CompShg,VinylSd,VinylSd,1600.0,Gd,TA,PConc,Gd,TA,No,BLQ,649,Unf,0,326,975,GasA,Ex,Y,SBrkr,975,975,0,1950,0,0,2,1,3,1,Gd,7,Typ,1,TA,Detchd,1997.0,RFn,2,576,TA,TA,Y,0,10,0,0,198,0,0,6,2007,WD,Normal,239000,2925,2.5,208,7.948012232415902,0.26354912826057575,0.3333333333333333,10,0,1,1,13650,7.5,49,3802500
299,60,RL,90.0,11700,Pave,Reg,Lvl,AllPub,Inside,Gtl,NWAmes,Norm,Norm,1Fam,2Story,6,6,1968,1968,Mansard,CompShg,HdBoard,AsphShn,365.0,Gd,TA,CBlock,TA,TA,No,ALQ,384,Rec,175,143,702,GasA,Gd,Y,SBrkr,1041,702,0,1743,0,1,1,2,3,1,TA,7,Typ,1,Gd,Attchd,1968.0,Unf,2,539,TA,TA,Y,224,0,0,0,0,0,0,6,2007,WD,Normal,175000,2445,2.5,0,15.98611111111111,0.14897435897435898,0.2871165644171779,39,0,1,1,10458,7.5,36,3038049
300,20,RL,80.0,14000,Pave,Reg,Lvl,AllPub,Inside,Gtl,Crawfor,Norm,Norm,1Fam,1Story,6,8,1950,2004,Gable,CompShg,HdBoard,HdBoard,0.0,TA,Gd,CBlock,TA,TA,No,Unf,0,Unf,0,1092,1092,GasA,Ex,Y,SBrkr,1152,0,0,1152,0,1,1,0,3,1,Gd,6,Typ,1,Gd,Attchd,1950.0,Unf,1,300,TA,TA,Y,0,36,0,0,0,0,0,8,2009,WD,Family,158500,2244,1.5,36,1.0539798719121682,0.08228571428571428,0.48663101604278075,59,0,0,1,6912,4.5,36,1327104
301,190,RL,90.0,15750,Pave,Reg,Lvl,AllPub,Corner,Gtl,Crawfor,Norm,Norm,2fmCon,1Story,5,5,1953,1953,Hip,CompShg,MetalSd,MetalSd,56.0,TA,TA,CBlock,TA,TA,Mn,BLQ,841,Unf,0,324,1165,GasA,TA,Y,SBrkr,1336,0,0,1336,1,0,1,0,2,1,TA,5,Typ,2,Gd,Attchd,1953.0,Unf,1,375,TA,TA,Y,0,0,0,0,0,0,0,6,2006,WD,Normal,157000,2501,2.0,0,6.6984615384615385,0.08482539682539683,0.4658136745301879,53,0,0,1,6680,4.0,25,1784896
302,60,RL,66.0,16226,Pave,IR3,Lvl,AllPub,Inside,Gtl,CollgCr,Norm,Norm,1Fam,2Story,8,5,1998,1999,Gable,CompShg,VinylSd,VinylSd,0.0,Gd,TA,PConc,Gd,TA,No,GLQ,281,Unf,0,747,1028,GasA,Ex,Y,SBrkr,1210,1242,0,2452,0,0,2,1,4,1,Gd,9,Typ,1,TA,BuiltIn,1998.0,Fin,2,683,TA,TA,Y,208,50,0,0,0,0,0,5,2007,WD,Normal,267000,3480,2.5,50,3.6537433155080214,0.1511154936521632,0.29540229885057473,9,0,1,1,19616,10.0,64,6012304
303,20,RL,118.0,13704,Pave,IR1,Lvl,AllPub,Corner,Gtl,CollgCr,Norm,Norm,1Fam,1Story,7,5,2001,2002,Gable,CompShg,VinylSd,VinylSd,150.0,Gd,TA,PConc,Gd,TA,No,Unf,0,Unf,0,1541,1541,GasA,Ex,Y,SBrkr,1541,0,0,1541,0,0,2,0,3,1,Gd,6,Typ,1,TA,Attchd,2001.0,RFn,3,843,TA,TA,Y,468,81,0,0,0,0,0,1,2006,WD,Normal,205000,3082,2.0,81,0.9993514915693904,0.11244892002335084,0.5,5,0,0,1,10787,6.0,49,2374681
304,20,RL,70.0,9800,Pave,Reg,Lvl,AllPub,Corner,Gtl,CollgCr,Norm,Norm,1Fam,1Story,5,7,1972,1972,Gable,CompShg,VinylSd,VinylSd,0.0,TA,TA,PConc,TA,TA,No,ALQ,894,Unf,0,0,894,GasA,TA,Y,SBrkr,894,0,0,894,1,0,1,0,3,1,TA,5,Typ,0,,Attchd,1975.0,Unf,2,552,TA,TA,Y,256,0,0,0,0,0,0,7,2006,WD,Abnorml,149900,1788,2.0,0,1788.0,0.09122448979591836,0.5,34,0,0,1,4470,6.0,25,799236
305,75,RM,87.0,18386,Pave,Reg,Lvl,AllPub,Inside,Gtl,OldTown,Norm,Norm,1Fam,2.5Fin,7,9,1880,2002,Gable,CompShg,CemntBd,CmentBd,0.0,TA,TA,BrkTil,TA,TA,No,Unf,0,Unf,0,1470,1470,GasA,Ex,Y,SBrkr,1675,1818,0,3493,0,0,3,0,3,1,Gd,10,Typ,1,Ex,Attchd,2003.0,Unf,3,870,TA,TA,Y,302,0,0,0,0,0,0,5,2008,WD,Normal,295000,4963,3.0,0,2.3745751189666895,0.1899815076688785,0.29619181946403383,128,0,1,1,24451,9.0,49,12201049
306,20,RL,80.0,10386,Pave,Reg,Lvl,AllPub,Inside,Gtl,CollgCr,Norm,Norm,1Fam,1Story,8,5,2004,2005,Gable,CompShg,CemntBd,CmentBd,246.0,Gd,TA,PConc,Gd,TA,No,GLQ,1464,Unf,0,536,2000,GasA,Ex,Y,SBrkr,2000,0,0,2000,1,0,2,0,3,1,Gd,8,Typ,0,,Attchd,2004.0,Fin,3,888,TA,TA,Y,168,0,0,0,0,0,0,7,2007,WD,Normal,305900,4000,3.0,0,6.450651769087523,0.19256691700365877,0.5,3,1,0,1,16000,9.0,64,4000000
307,60,RL,116.0,13474,Pave,Reg,Lvl,AllPub,Inside,Gtl,SawyerW,Feedr,Norm,1Fam,2Story,7,5,1990,1991,Gable,CompShg,HdBoard,Plywood,246.0,Gd,TA,CBlock,Gd,TA,No,ALQ,700,Unf,0,0,700,GasA,Gd,Y,SBrkr,1122,1121,0,2243,1,0,2,1,4,1,Gd,8,Typ,1,TA,Attchd,1990.0,RFn,3,746,TA,TA,Y,127,44,224,0,0,0,0,6,2007,WD,Normal,225000,2943,3.5,268,2943.0,0.16646875463856317,0.23785253143051308,17,0,1,1,15701,14.0,49,5031049
308,50,RM,69.0,7920,Pave,IR1,Lvl,AllPub,Inside,Gtl,IDOTRR,Artery,Norm,1Fam,1.5Fin,6,7,1920,1950,Gable,CompShg,MetalSd,MetalSd,0.0,TA,Fa,CBlock,TA,TA,No,Unf,0,Unf,0,319,319,GasA,TA,Y,FuseA,1035,371,0,1406,0,0,1,0,3,1,Fa,6,Typ,0,,,0.0,,0,0,,,N,0,144,0,0,0,0,0,3,2008,WD,Normal,89500,1725,1.0,144,4.39375,0.17752525252525253,0.18492753623188407,88,0,1,0,8436,3.0,36,1976836
309,30,RL,69.0,12342,Pave,IR1,Lvl,AllPub,Inside,Gtl,Edwards,Norm,Norm,1Fam,1Story,4,5,1940,1950,Gable,CompShg,VinylSd,VinylSd,0.0,TA,TA,CBlock,TA,TA,No,BLQ,262,Unf,0,599,861,GasA,Ex,Y,SBrkr,861,0,0,861,0,0,1,0,1,1,TA,4,Typ,0,,Detchd,1961.0,Unf,2,539,TA,TA,Y,158,0,0,0,0,0,0,3,2009,WD,Normal,82500,1722,1.0,0,1.8716666666666666,0.06976178901312591,0.5,69,0,0,1,3444,1.0,16,741321
310,20,RL,90.0,12378,Pave,IR1,Lvl,AllPub,Inside,Gtl,NridgHt,Norm,Norm,1Fam,1Story,9,5,2003,2004,Gable,CompShg,VinylSd,VinylSd,0.0,Gd,TA,PConc,Ex,TA,Gd,GLQ,1274,Unf,0,622,1896,GasA,Ex,Y,SBrkr,1944,0,0,1944,1,0,2,0,3,1,Ex,8,Typ,3,Ex,Attchd,2003.0,Fin,3,708,TA,TA,Y,208,175,0,0,0,0,0,11,2006,WD,Normal,360000,3840,3.0,175,5.165329052969502,0.1570528356761997,0.49375,3,1,0,1,17496,9.0,81,3779136
311,60,RL,69.0,7685,Pave,IR1,Lvl,AllPub,Inside,Gtl,Gilbert,Norm,Norm,1Fam,2Story,6,5,1993,1994,Gable,CompShg,HdBoard,HdBoard,112.0,TA,TA,PConc,Gd,TA,No,ALQ,518,Unf,0,179,697,GasA,Gd,Y,SBrkr,697,804,0,1501,0,0,2,1,3,1,Gd,6,Typ,1,TA,Attchd,1993.0,Fin,2,420,TA,TA,Y,190,63,0,0,0,0,0,5,2006,WD,Normal,165600,2198,2.5,63,11.216666666666667,0.19531554977228366,0.31710646041856233,13,0,1,1,9006,7.5,36,2253001
312,20,RL,50.0,8000,Pave,Reg,Lvl,AllPub,Inside,Gtl,NAmes,Norm,Norm,1Fam,1Story,6,6,1948,2002,Gable,CompShg,VinylSd,VinylSd,0.0,TA,Gd,CBlock,TA,TA,No,ALQ,680,Unf,0,292,972,GasA,Ex,Y,SBrkr,972,0,0,972,1,0,1,0,2,1,TA,5,Typ,1,Gd,Detchd,1948.0,Unf,1,240,TA,TA,Y,0,0,0,0,0,0,0,5,2009,WD,Normal,132000,1944,2.0,0,5.638225255972697,0.1215,0.5,61,0,0,1,5832,4.0,36,944784
313,190,RM,65.0,7800,Pave,Reg,Lvl,AllPub,Inside,Gtl,OldTown,Artery,Norm,2fmCon,1.5Fin,5,7,1939,1950,Gable,CompShg,MetalSd,MetalSd,0.0,TA,TA,CBlock,Gd,TA,Mn,Rec,507,Unf,0,286,793,GasA,TA,Y,SBrkr,793,325,0,1118,1,0,1,0,3,1,TA,5,Typ,1,Gd,Detchd,1939.0,Unf,2,410,TA,TA,Y,0,0,0,0,271,0,0,5,2006,WD,Normal,119900,1911,2.0,271,5.662020905923345,0.14333333333333334,0.41496598639455784,67,0,1,1,5590,6.0,25,1249924
314,20,RL,150.0,215245,Pave,IR3,Low,AllPub,Inside,Sev,Timber,Norm,Norm,1Fam,1Story,7,5,1965,1965,Hip,CompShg,BrkFace,BrkFace,0.0,TA,TA,CBlock,Gd,TA,Gd,ALQ,1236,Rec,820,80,2136,GasW,TA,Y,SBrkr,2036,0,0,2036,2,0,2,0,3,1,TA,8,Typ,2,Gd,Attchd,1965.0,RFn,2,513,TA,TA,Y,0,0,0,0,0,0,0,6,2009,WD,Normal,375000,4172,4.0,0,50.51851851851852,0.009458988594392436,0.5119846596356663,44,0,0,1,14252,12.0,49,4145296
315,70,RM,60.0,9600,Pave,Reg,Lvl,AllPub,Inside,Gtl,OldTown,Norm,Norm,1Fam,2Story,7,7,1925,1990,Gable,CompShg,Wd Sdng,Wd Sdng,0.0,TA,TA,BrkTil,TA,Gd,No,LwQ,16,Unf,0,712,728,GasA,Ex,Y,SBrkr,832,809,0,1641,0,1,1,1,3,1,Ex,6,Typ,1,Gd,Detchd,1925.0,Unf,2,546,Fa,TA,Y,0,0,234,0,0,0,0,8,2006,WD,Normal,178000,2369,2.0,234,2.32398316970547,0.1709375,0.30730265934993667,81,0,1,1,11487,6.0,49,2692881
316,60,RL,71.0,7795,Pave,IR1,Lvl,AllPub,Inside,Gtl,Gilbert,Norm,Norm,1Fam,2Story,7,5,2004,2005,Gable,CompShg,VinylSd,VinylSd,0.0,Gd,TA,PConc,Gd,TA,No,GLQ,425,Unf,0,291,716,GasA,Ex,Y,SBrkr,716,716,0,1432,1,0,2,1,3,1,Gd,6,Typ,1,Gd,Attchd,2004.0,Fin,2,432,TA,TA,Y,100,51,0,0,0,0,0,7,2009,WD,Normal,188500,2148,3.5,51,6.359589041095891,0.18370750481077613,0.3333333333333333,5,0,1,1,10024,10.5,49,2050624
317,60,RL,94.0,13005,Pave,IR1,Lvl,AllPub,Corner,Gtl,NWAmes,Norm,Norm,1Fam,2Story,7,7,1980,1980,Gable,CompShg,CemntBd,CmentBd,278.0,Gd,TA,CBlock,Gd,TA,No,GLQ,692,Unf,0,153,845,GasA,TA,Y,SBrkr,1153,1200,0,2353,1,0,2,1,4,1,Ex,10,Typ,1,TA,Attchd,1983.0,RFn,2,484,TA,TA,Y,288,195,0,0,0,0,0,8,2009,WD,Normal,260000,3198,3.5,195,19.772727272727273,0.18093041138023838,0.26422764227642276,29,0,1,1,16471,14.0,49,5536609
318,60,FV,75.0,9000,Pave,Reg,Lvl,AllPub,Inside,Gtl,Somerst,Norm,Norm,1Fam,2Story,8,5,2006,2006,Gable,CompShg,VinylSd,VinylSd,0.0,Gd,TA,PConc,Gd,TA,Av,Unf,0,Unf,0,1088,1088,GasA,Ex,Y,SBrkr,1088,871,0,1959,0,0,2,1,3,1,Gd,8,Typ,1,Gd,Attchd,2006.0,RFn,3,1025,TA,TA,Y,208,46,0,0,0,0,0,12,2007,WD,Normal,270000,3047,2.5,46,1.7988980716253444,0.21766666666666667,0.3570725303577289,1,1,1,1,15672,7.5,64,3837681
319,60,RL,90.0,9900,Pave,Reg,Low,AllPub,Inside,Mod,NoRidge,Norm,Norm,1Fam,2Story,7,5,1993,1993,Gable,CompShg,HdBoard,HdBoard,256.0,Gd,TA,PConc,Gd,TA,Gd,GLQ,987,Unf,0,360,1347,GasA,Ex,Y,SBrkr,1372,1274,0,2646,1,0,2,1,4,1,Gd,9,Typ,1,TA,Attchd,1993.0,RFn,3,656,TA,TA,Y,340,60,144,0,0,0,0,4,2009,WD,Normal,260000,3993,3.5,204,10.063711911357341,0.2672727272727273,0.3373403456048084,16,0,1,1,18522,14.0,49,7001316
320,80,RL,69.0,14115,Pave,Reg,Lvl,AllPub,Inside,Gtl,NWAmes,Norm,Norm,1Fam,SLvl,7,5,1980,1980,Gable,CompShg,Plywood,Plywood,225.0,TA,TA,CBlock,Gd,TA,Av,GLQ,1036,Unf,0,336,1372,GasA,TA,Y,SBrkr,1472,0,0,1472,1,0,2,0,3,1,TA,6,Typ,2,TA,Attchd,1980.0,Unf,2,588,TA,TA,Y,233,48,0,0,0,0,0,6,2009,WD,Normal,187500,2844,3.0,48,7.44213649851632,0.1042862203329791,0.48241912798874825,29,0,0,1,10304,9.0,49,2166784
321,60,RL,111.0,16259,Pave,Reg,Lvl,AllPub,Corner,Gtl,NridgHt,Norm,Norm,1Fam,2Story,9,5,2006,2006,Gable,CompShg,VinylSd,VinylSd,370.0,TA,TA,PConc,Ex,Gd,Av,Unf,0,Unf,0,1249,1249,GasA,Ex,Y,SBrkr,1249,1347,0,2596,0,0,3,1,4,1,Gd,9,Typ,0,,Attchd,2006.0,RFn,3,840,TA,TA,Y,240,154,0,0,0,0,0,9,2006,New,Partial,342643,3845,3.5,154,2.0768,0.15966541607724952,0.3248374512353706,0,1,1,1,23364,14.0,81,6739216
322,60,RL,99.0,12099,Pave,IR1,Lvl,AllPub,Inside,Gtl,NridgHt,Norm,Norm,1Fam,2Story,8,5,2004,2004,Gable,CompShg,VinylSd,VinylSd,388.0,Gd,TA,PConc,Ex,TA,Av,GLQ,970,Unf,0,166,1136,GasA,Ex,Y,SBrkr,1136,1332,0,2468,1,0,2,1,4,1,Gd,10,Typ,1,Gd,BuiltIn,2004.0,Fin,3,872,TA,TA,Y,184,154,0,0,0,0,0,6,2007,WD,Normal,354000,3604,3.5,154,20.58682634730539,0.20398380031407554,0.31520532741398444,3,1,1,1,19744,14.0,64,6091024
323,60,RL,86.0,10380,Pave,IR1,Lvl,AllPub,Inside,Gtl,SawyerW,Norm,Norm,1Fam,2Story,7,5,1986,1987,Gable,CompShg,Plywood,Plywood,172.0,Gd,TA,CBlock,TA,TA,Gd,LwQ,28,ALQ,1474,0,1502,GasA,Ex,Y,SBrkr,1553,1177,0,2730,1,0,2,1,4,1,Gd,8,Typ,1,TA,Attchd,1987.0,Fin,2,576,TA,TA,Y,201,96,0,0,0,0,0,8,2007,WD,Normal,301000,4232,3.5,96,4232.0,0.2630057803468208,0.3549149338374291,21,0,1,1,19110,14.0,49,7452900
324,20,RM,49.0,5820,Pave,Reg,Lvl,AllPub,Inside,Gtl,OldTown,Norm,Norm,1Fam,1Story,3,8,1955,2005,Gable,CompShg,VinylSd,VinylSd,0.0,TA,Gd,CBlock,TA,TA,No,ALQ,256,Unf,0,906,1162,GasA,Ex,Y,SBrkr,1163,0,0,1163,1,0,1,0,3,1,TA,6,Typ,0,,Attchd,1955.0,Unf,1,220,Fa,TA,Y,142,98,0,0,0,0,0,7,2006,WD,Normal,126175,2325,2.0,98,1.5644983461962514,0.1998281786941581,0.4997849462365591,51,0,0,1,3489,6.0,9,1352569
325,80,RL,96.0,11275,Pave,Reg,Lvl,AllPub,Corner,Gtl,NAmes,PosN,Norm,1Fam,SLvl,7,7,1967,2007,Mansard,WdShake,Wd Sdng,Wd Sdng,300.0,Gd,Gd,CBlock,Gd,TA,No,Unf,0,Unf,0,710,710,GasA,Ex,Y,SBrkr,1898,1080,0,2978,0,0,2,1,5,1,Gd,11,Typ,1,Gd,BuiltIn,1961.0,Fin,2,564,TA,TA,Y,240,0,0,0,0,0,0,6,2010,WD,Normal,242000,3688,2.5,0,4.1884669479606185,0.2641241685144124,0.19251626898047722,43,0,1,1,20846,12.5,49,8868484
326,45,RM,50.0,5000,Pave,Reg,Lvl,AllPub,Inside,Gtl,IDOTRR,RRAe,Norm,1Fam,1.5Unf,5,6,1941,1950,Gable,CompShg,MetalSd,MetalSd,0.0,TA,TA,CBlock,TA,TA,Av,BLQ,116,Unf,0,604,720,GasA,Po,N,FuseF,803,0,0,803,0,0,1,0,2,1,TA,5,Typ,0,,Detchd,1941.0,Unf,2,360,TA,TA,Y,0,0,244,0,0,0,0,12,2007,WD,Normal,87000,1523,1.0,244,1.51900826446281,0.1606,0.4727511490479317,66,0,0,1,4015,2.0,25,644809
327,120,RL,32.0,10846,Pave,IR1,Lvl,AllPub,CulDSac,Gtl,Veenker,Norm,Norm,TwnhsE,1Story,8,5,1993,1993,Gable,CompShg,BrkFace,BrkFace,0.0,Gd,TA,PConc,Gd,TA,Gd,GLQ,1619,Unf,0,100,1719,GasA,Ex,Y,SBrkr,1719,0,0,1719,2,0,1,1,1,1,Gd,6,Typ,2,Gd,Attchd,1993.0,Fin,2,473,TA,TA,Y,122,30,0,0,0,0,0,5,2008,Con,Normal,324000,3438,3.5,30,33.04950495049505,0.15849160981006824,0.5,15,0,0,1,13752,3.5,64,2954961
328,20,RL,80.0,11600,Pave,Reg,Lvl,AllPub,Inside,Gtl,NAmes,Norm,Norm,1Fam,1Story,6,5,1960,1960,Hip,CompShg,Wd Sdng,Wd Sdng,175.0,TA,TA,CBlock,TA,TA,No,Rec,565,Unf,0,818,1383,GasA,TA,Y,SBrkr,1383,0,0,1383,0,0,1,1,3,1,TA,7,Typ,0,,Attchd,1960.0,RFn,1,292,TA,TA,Y,0,45,0,0,0,0,0,4,2006,WD,Normal,145250,2766,1.5,45,2.3785103785103785,0.11922413793103448,0.5,46,0,0,1,8298,4.5,36,1912689
329,75,RL,69.0,11888,Pave,IR1,Bnk,AllPub,Inside,Gtl,BrkSide,PosN,Norm,1Fam,2.5Unf,6,6,1916,1994,Gable,CompShg,Wd Sdng,Wd Shng,0.0,TA,TA,BrkTil,TA,TA,No,Unf,0,Unf,0,844,844,GasA,Gd,N,FuseA,1445,689,0,2134,0,0,2,0,5,1,Gd,10,Typ,0,,Detchd,1930.0,Unf,2,441,TA,TA,Y,0,60,268,0,0,0,0,7,2009,WD,Normal,214500,2978,2.0,328,2.5254437869822484,0.17950874831763122,0.2834116856950974,93,0,1,1,12804,10.0,36,4553956
330,70,RM,60.0,6402,Pave,Reg,Lvl,AllPub,Corner,Gtl,IDOTRR,Norm,Norm,1Fam,2Story,5,5,1920,1950,Gable,CompShg,Wd Sdng,Wd Shng,0.0,TA,TA,PConc,TA,TA,Mn,Unf,0,Unf,0,596,596,GasA,TA,N,SBrkr,596,596,0,1192,0,0,1,0,3,1,TA,6,Typ,0,,Detchd,1920.0,Unf,1,189,Fa,Fa,N,0,0,137,0,0,0,0,7,2009,WD,Normal,78000,1788,1.0,137,1.996649916247906,0.18619181505779445,0.3333333333333333,89,0,1,1,5960,3.0,25,1420864
331,90,RL,69.0,10624,Pave,IR1,Lvl,AllPub,Inside,Gtl,NAmes,Norm,Norm,Duplex,1Story,5,4,1964,1964,Gable,CompShg,HdBoard,HdBoard,84.0,TA,TA,CBlock,TA,TA,No,GLQ,40,Rec,264,1424,1728,GasA,TA,Y,SBrkr,1728,0,0,1728,0,1,2,0,6,2,TA,10,Typ,0,,Detchd,2002.0,Unf,1,352,TA,TA,Y,155,0,0,0,0,0,0,11,2007,WD,Normal,119000,3456,2.5,0,1.4259649122807017,0.16265060240963855,0.5,43,0,0,1,8640,15.0,25,2985984
332,20,RL,70.0,8176,Pave,Reg,Lvl,AllPub,Inside,Gtl,NAmes,Norm,Norm,1Fam,1Story,5,6,1958,1992,Gable,CompShg,Wd Sdng,Wd Sdng,0.0,TA,TA,CBlock,TA,TA,No,Rec,846,Unf,0,210,1056,GasA,Fa,Y,SBrkr,1056,0,0,1056,1,0,1,0,3,1,TA,6,Typ,0,,Attchd,1958.0,RFn,1,308,TA,TA,Y,0,0,0,0,0,0,0,8,2007,WD,Normal,139000,2112,2.0,0,9.014218009478673,0.12915851272015655,0.5,49,0,0,1,5280,6.0,25,1115136
333,20,RL,85.0,10655,Pave,IR1,Lvl,AllPub,Inside,Gtl,NridgHt,Norm,Norm,1Fam,1Story,8,5,2003,2004,Gable,CompShg,VinylSd,VinylSd,296.0,Gd,TA,PConc,Gd,TA,No,GLQ,1124,,479,1603,3206,GasA,Ex,Y,SBrkr,1629,0,0,1629,1,0,2,0,3,1,Gd,7,Typ,1,Gd,Attchd,2003.0,RFn,3,880,TA,TA,Y,0,0,0,0,0,0,0,10,2009,WD,Normal,284000,4835,3.0,0,2.0149625935162097,0.15288596902862506,0.6630816959669079,6,0,0,1,13032,9.0,64,2653641
334,120,RM,59.0,8198,Pave,Reg,Lvl,AllPub,FR3,Gtl,NridgHt,Norm,Norm,TwnhsE,1Story,7,5,2004,2004,Gable,CompShg,VinylSd,VinylSd,146.0,Gd,TA,PConc,Gd,TA,Av,GLQ,720,Unf,0,638,1358,GasA,Ex,Y,SBrkr,1358,0,0,1358,1,0,2,0,2,1,Gd,6,Typ,1,Gd,Attchd,2004.0,RFn,2,484,TA,TA,Y,192,30,0,0,0,0,0,7,2008,WD,Normal,207000,2716,3.0,30,3.251956181533646,0.16565015857526225,0.5,4,0,0,1,9506,6.0,49,1844164
335,60,RL,59.0,9042,Pave,IR1,Lvl,AllPub,Inside,Gtl,Gilbert,Norm,Norm,1Fam,2Story,6,5,1998,1998,Gable,CompShg,VinylSd,VinylSd,0.0,TA,TA,PConc,Gd,TA,Gd,GLQ,828,Unf,0,115,943,GasA,Gd,Y,SBrkr,943,695,0,1638,1,0,2,1,3,1,TA,7,Typ,2,TA,Attchd,1998.0,Fin,2,472,TA,TA,Y,100,38,0,0,0,0,0,7,2008,WD,Normal,192000,2581,3.5,38,21.25862068965517,0.18115461181154613,0.3653622626888803,10,0,1,1,9828,10.5,36,2683044
336,190,RL,69.0,164660,Grvl,IR1,HLS,AllPub,Corner,Sev,Timber,Norm,Norm,2fmCon,1.5Fin,5,6,1965,1965,Gable,CompShg,Plywood,Plywood,0.0,TA,TA,CBlock,TA,TA,Gd,ALQ,1249,BLQ,147,103,1499,GasA,Ex,Y,SBrkr,1619,167,0,1786,2,0,2,0,3,1,TA,7,Typ,2,Gd,Attchd,1965.0,Fin,2,529,TA,TA,Y,670,0,0,0,0,0,700,8,2008,WD,Normal,228950,3285,4.0,0,30.596153846153847,0.010846592979472854,0.4563165905631659,43,0,1,1,8930,12.0,25,3189796
337,20,RL,86.0,14157,Pave,IR1,HLS,AllPub,Corner,Gtl,StoneBr,Norm,Norm,1Fam,1Story,9,5,2005,2006,Hip,CompShg,VinylSd,VinylSd,200.0,Gd,TA,PConc,Ex,TA,Gd,GLQ,1249,Unf,0,673,1922,GasA,Ex,Y,SBrkr,1922,0,0,1922,1,0,2,0,3,1,Gd,8,Typ,1,Gd,Attchd,2005.0,Fin,3,676,TA,TA,Y,178,51,0,0,0,0,0,7,2007,WD,Normal,377426,3844,3.0,51,4.704747774480712,0.13576322667231758,0.5,2,1,0,1,17298,9.0,81,3694084
338,20,RL,70.0,9135,Pave,Reg,Lvl,AllPub,Inside,Gtl,CollgCr,Norm,Norm,1Fam,1Story,7,5,2002,2003,Gable,CompShg,VinylSd,VinylSd,113.0,Gd,TA,PConc,Gd,TA,Av,GLQ,810,Unf,0,726,1536,GasA,Ex,Y,SBrkr,1536,0,0,1536,1,0,2,0,3,1,Gd,7,Typ,0,,Attchd,2002.0,RFn,2,532,TA,TA,Y,192,74,0,0,0,0,0,12,2008,WD,Normal,214000,3072,3.0,74,3.2269601100412655,0.16814449917898194,0.5,6,0,0,1,10752,9.0,49,2359296
339,20,RL,91.0,14145,Pave,Reg,Lvl,AllPub,Corner,Gtl,NWAmes,Norm,Norm,1Fam,1Story,7,7,1984,1998,Gable,CompShg,Wd Sdng,Wd Sdng,0.0,Gd,TA,CBlock,Gd,TA,Mn,ALQ,213,Unf,0,995,1208,GasA,Ex,Y,SBrkr,1621,0,0,1621,1,0,2,0,3,1,Gd,8,Typ,0,,Attchd,1984.0,RFn,2,440,TA,TA,Y,108,45,0,0,0,0,400,5,2006,WD,Normal,202500,2829,3.0,45,1.8413654618473896,0.11459879816189467,0.42700600919052667,22,0,0,1,11347,9.0,49,2627641
340,20,RL,66.0,12400,Pave,IR1,Lvl,AllPub,Inside,Gtl,NAmes,Feedr,Norm,1Fam,1Story,6,7,1958,1998,Hip,CompShg,Wd Sdng,Wd Sdng,176.0,TA,TA,CBlock,TA,Fa,No,Rec,585,Unf,0,630,1215,GasA,TA,Y,FuseA,1215,0,0,1215,0,0,1,0,3,1,TA,6,Typ,0,,Attchd,1958.0,Unf,1,297,TA,TA,Y,0,0,0,0,234,0,0,6,2009,WD,Normal,155000,2430,1.0,234,2.8526148969889067,0.09798387096774193,0.5,51,0,0,1,7290,3.0,36,1476225
341,60,RL,85.0,14191,Pave,Reg,Lvl,AllPub,Inside,Gtl,Timber,Norm,Norm,1Fam,2Story,8,5,2002,2002,Gable,CompShg,VinylSd,VinylSd,0.0,Gd,TA,PConc,Gd,TA,No,Unf,0,Unf,0,967,967,GasA,Ex,Y,SBrkr,993,915,0,1908,0,0,2,1,4,1,Gd,9,Typ,0,,Attchd,2002.0,Fin,2,431,TA,TA,Y,135,0,0,0,0,0,0,4,2010,WD,Normal,202900,2875,2.5,0,1.9710743801652892,0.13445141286731027,0.3363478260869565,8,0,1,1,15264,10.0,64,3640464
342,20,RH,60.0,8400,Pave,Reg,Lvl,AllPub,Inside,Gtl,SawyerW,Feedr,Norm,1Fam,1Story,4,4,1950,1950,Gable,CompShg,Wd Sdng,AsbShng,0.0,Fa,Fa,CBlock,TA,Fa,No,Unf,0,Unf,0,721,721,GasA,Gd,Y,SBrkr,841,0,0,841,0,0,1,0,2,1,TA,4,Typ,0,,CarPort,1950.0,Unf,1,294,TA,TA,N,250,0,24,0,0,0,0,9,2009,WD,Normal,82000,1562,1.0,24,1.164819944598338,0.10011904761904762,0.4615877080665813,59,0,0,1,3364,2.0,16,707281
343,90,RL,69.0,8544,Pave,Reg,Lvl,AllPub,Inside,Gtl,NAmes,Norm,Norm,Duplex,1Story,3,4,1949,1950,Gable,CompShg,Stucco,Stucco,340.0,TA,TA,Slab,,,,,0,,0,0,0,Wall,Fa,N,FuseA,1040,0,0,1040,0,0,2,0,2,2,TA,6,Typ,0,,Detchd,1949.0,Unf,2,400,TA,TA,Y,0,0,0,0,0,0,0,5,2006,WD,Normal,87500,1040,2.0,0,1040.0,0.12172284644194757,0.0,57,0,0,1,3120,4.0,9,1081600
344,120,RL,63.0,8849,Pave,IR1,Lvl,AllPub,Inside,Gtl,NridgHt,Norm,Norm,TwnhsE,1Story,9,5,2005,2005,Hip,CompShg,MetalSd,MetalSd,616.0,Ex,TA,PConc,Ex,TA,No,GLQ,28,Unf,0,1656,1684,GasA,Ex,Y,SBrkr,1684,0,0,1684,0,0,2,0,2,1,Ex,6,Typ,1,Ex,Attchd,2005.0,RFn,2,564,TA,TA,Y,495,72,0,0,0,0,0,7,2008,WD,Normal,266000,3368,2.0,72,1.0331925165962583,0.19030398915131652,0.5,3,1,0,1,15156,4.0,81,2835856
345,160,RM,36.0,2592,Pave,Reg,Lvl,AllPub,Inside,Gtl,MeadowV,Norm,Norm,TwnhsE,2Story,5,3,1976,1976,Gable,CompShg,CemntBd,CmentBd,0.0,TA,TA,CBlock,Gd,TA,No,Rec,129,BLQ,232,175,536,GasA,TA,Y,SBrkr,536,576,0,1112,0,0,1,1,3,1,TA,4,Typ,0,,Attchd,1976.0,Unf,1,336,TA,TA,Y,182,0,0,0,0,0,0,4,2010,WD,Normal,85000,1648,1.5,0,8.369318181818182,0.42901234567901236,0.32524271844660196,34,0,1,1,5560,4.5,25,1236544
346,50,RL,65.0,6435,Pave,Reg,Lvl,AllPub,Inside,Gtl,BrkSide,RRAn,Norm,1Fam,1.5Fin,6,5,1939,1950,Gable,CompShg,MetalSd,MetalSd,0.0,TA,TA,BrkTil,TA,TA,No,Unf,0,Unf,0,972,972,GasA,Gd,Y,SBrkr,972,605,0,1577,0,0,1,0,3,1,Fa,6,Typ,1,Gd,Detchd,1939.0,Unf,1,312,TA,TA,Y,0,0,0,0,0,0,0,10,2006,WD,Normal,140200,2549,1.0,0,1.6207605344295992,0.24506604506604507,0.38132601020007845,67,0,1,1,9462,3.0,36,2486929
347,20,RL,69.0,12772,Pave,IR1,Lvl,AllPub,CulDSac,Gtl,NAmes,Norm,Norm,1Fam,1Story,6,8,1960,1998,Hip,CompShg,MetalSd,MetalSd,0.0,TA,Gd,CBlock,TA,TA,Mn,BLQ,498,Unf,0,460,958,GasA,TA,Y,SBrkr,958,0,0,958,0,0,1,0,2,1,TA,5,Typ,0,,Attchd,1960.0,RFn,1,301,TA,TA,Y,0,0,0,0,0,0,15500,4,2007,WD,Normal,151500,1916,1.0,0,3.158351409978308,0.07500782962730974,0.5,47,0,0,1,5748,2.0,36,917764
348,20,RL,69.0,17600,Pave,IR1,Lvl,AllPub,Inside,Gtl,NAmes,Norm,Norm,1Fam,1Story,6,5,1960,1960,Gable,CompShg,Wd Sdng,Wd Sdng,30.0,TA,TA,CBlock,TA,TA,No,BLQ,1270,Unf,0,208,1478,GasA,Ex,Y,FuseA,1478,0,0,1478,1,0,2,0,3,1,TA,6,Typ,2,Gd,Attchd,1960.0,Unf,2,498,TA,TA,Y,0,40,0,0,0,0,0,12,2009,WD,Normal,157500,2956,3.0,40,13.148325358851675,0.08397727272727273,0.5,49,0,0,1,8868,9.0,36,2184484
349,160,RL,36.0,2448,Pave,Reg,Lvl,AllPub,Inside,Gtl,NridgHt,Norm,Norm,Twnhs,2Story,7,5,2003,2004,Gable,CompShg,VinylSd,Wd Shng,106.0,Gd,TA,PConc,Gd,TA,No,GLQ,573,Unf,0,191,764,GasA,Ex,Y,SBrkr,764,862,0,1626,1,0,2,1,2,1,Gd,6,Typ,0,,BuiltIn,2003.0,RFn,2,474,TA,TA,Y,0,27,0,0,0,0,0,10,2008,WD,Normal,154000,2390,3.5,27,11.453125,0.6642156862745098,0.3196652719665272,5,0,1,1,11382,7.0,49,2643876
350,60,RL,56.0,20431,Pave,IR2,Lvl,AllPub,Inside,Gtl,NridgHt,Norm,Norm,1Fam,2Story,9,5,2005,2006,Hip,CompShg,CemntBd,CmentBd,870.0,Ex,TA,PConc,Ex,TA,No,GLQ,1410,Unf,0,438,1848,GasA,Ex,Y,SBrkr,1848,880,0,2728,1,0,2,1,4,1,Ex,10,Typ,2,Ex,Attchd,2006.0,Fin,3,706,TA,TA,Y,0,0,0,0,0,0,0,4,2006,New,Partial,437154,4576,3.5,0,9.425968109339408,0.1335225882237776,0.40384615384615385,1,1,1,1,24552,14.0,81,7441984
351,120,RL,68.0,7820,Pave,IR1,Lvl,AllPub,Inside,Gtl,NridgHt,Norm,Norm,TwnhsE,1Story,9,5,2007,2007,Hip,CompShg,MetalSd,MetalSd,362.0,Ex,TA,PConc,Ex,TA,No,Unf,0,Unf,0,1869,1869,GasA,Ex,Y,SBrkr,1869,0,0,1869,0,0,2,0,2,1,Ex,6,Typ,1,Gd,Attchd,2007.0,RFn,2,617,TA,TA,Y,210,54,0,0,0,0,0,12,2007,New,Partial,318061,3738,2.0,54,0.9994652406417113,0.23900255754475702,0.5,0,1,0,1,16821,4.0,81,3493161
352,120,RL,69.0,5271,Pave,IR1,Low,AllPub,Inside,Mod,ClearCr,Norm,Norm,1Fam,1Story,7,5,1986,1986,Gable,CompShg,Wd Sdng,Wd Sdng,0.0,TA,TA,PConc,Gd,TA,Gd,GLQ,1082,Unf,0,371,1453,GasA,Gd,Y,SBrkr,1453,0,0,1453,1,0,1,1,2,1,Gd,6,Typ,1,TA,Attchd,1986.0,RFn,2,445,TA,TA,Y,0,80,0,0,184,0,0,12,2006,WD,Abnorml,190000,2906,2.5,264,6.814516129032258,0.2756592676911402,0.5,20,0,0,1,10171,5.0,49,2111209
353,50,RL,60.0,9084,Pave,Reg,Lvl,AllPub,Inside,Gtl,Edwards,Artery,Norm,1Fam,1.5Fin,5,6,1941,1950,Gable,CompShg,VinylSd,VinylSd,0.0,TA,TA,CBlock,TA,Fa,Mn,LwQ,236,Rec,380,0,616,GasA,TA,N,SBrkr,616,495,0,1111,0,1,1,0,3,1,TA,5,Typ,0,,Detchd,1941.0,Unf,1,200,TA,Fa,Y,48,0,0,0,0,0,0,3,2008,ConLw,Normal,95000,1727,1.5,0,1727.0,0.12230295024218406,0.35668789808917195,67,0,1,1,5555,4.5,25,1234321
354,30,RM,60.0,8520,Pave,Reg,Lvl,AllPub,Inside,Gtl,OldTown,Norm,Norm,1Fam,1Story,6,8,1928,2003,Gable,CompShg,VinylSd,VinylSd,0.0,TA,Gd,BrkTil,TA,TA,No,Unf,0,Unf,0,624,624,GasA,Gd,Y,SBrkr,720,0,0,720,0,0,1,0,2,1,TA,5,Typ,0,,Detchd,2005.0,Unf,2,484,TA,TA,Y,106,0,0,0,0,0,0,5,2010,WD,Normal,105900,1344,1.0,0,1.152,0.08450704225352113,0.4642857142857143,82,0,0,1,4320,2.0,36,518400
355,50,RL,60.0,8400,Pave,Reg,Bnk,AllPub,Inside,Gtl,SWISU,Norm,Norm,1Fam,1.5Fin,6,5,1940,2000,Gable,CompShg,Wd Sdng,MetalSd,0.0,TA,TA,CBlock,TA,TA,No,LwQ,388,Unf,0,552,940,GasA,Ex,Y,SBrkr,1192,403,0,1595,0,0,1,0,2,1,TA,6,Typ,2,Gd,Attchd,1940.0,Unf,1,240,TA,TA,Y,0,0,108,0,0,0,0,6,2006,WD,Normal,140000,2535,1.0,108,3.5858951175406872,0.18988095238095237,0.3708086785009862,66,0,1,1,9570,2.0,36,2544025
356,20,RL,105.0,11249,Pave,IR2,Lvl,AllPub,Inside,Gtl,CollgCr,Norm,Norm,1Fam,1Story,6,5,1995,1995,Gable,CompShg,VinylSd,VinylSd,0.0,Gd,Gd,PConc,Gd,Gd,No,ALQ,334,BLQ,544,322,1200,GasA,Ex,Y,SBrkr,1200,0,0,1200,1,0,2,0,3,1,Gd,6,Typ,0,,Attchd,1995.0,RFn,2,521,TA,TA,Y,0,26,0,0,0,0,0,8,2007,WD,Normal,177500,2400,3.0,26,6.43343653250774,0.10667614899102143,0.5,12,0,0,1,7200,9.0,36,1440000
357,20,RL,69.0,9248,Pave,IR1,Lvl,AllPub,Inside,Gtl,Gilbert,Norm,Norm,1Fam,1Story,6,6,1992,1992,Gable,CompShg,HdBoard,HdBoard,106.0,TA,TA,PConc,Gd,TA,No,GLQ,560,Unf,0,598,1158,GasA,Gd,Y,SBrkr,1167,0,0,1167,1,0,2,0,3,1,Gd,6,Typ,0,,Attchd,1992.0,RFn,2,400,TA,TA,Y,120,26,0,0,0,0,0,7,2009,WD,Normal,173000,2325,3.0,26,2.8831385642737897,0.126189446366782,0.49806451612903224,17,0,0,1,7002,9.0,36,1361889
358,120,RM,44.0,4224,Pave,Reg,Lvl,AllPub,Inside,Gtl,MeadowV,Norm,Norm,TwnhsE,1Story,5,5,1976,1976,Gable,CompShg,CemntBd,CmentBd,0.0,TA,TA,PConc,Gd,TA,No,ALQ,874,Unf,0,268,1142,GasA,TA,Y,SBrkr,1142,0,0,1142,1,0,1,1,3,1,TA,6,Typ,1,Po,Attchd,1976.0,Fin,2,528,TA,TA,Y,536,90,0,0,0,0,0,8,2007,WD,Normal,134000,2284,2.5,90,7.4944237918215615,0.2703598484848485,0.5,31,0,0,1,5710,7.5,25,1304164
359,80,RL,92.0,6930,Pave,IR1,Lvl,AllPub,Inside,Gtl,ClearCr,Norm,Norm,1Fam,SLvl,5,4,1958,1958,Hip,CompShg,Wd Sdng,ImStucc,120.0,TA,TA,CBlock,TA,TA,Av,BLQ,300,Rec,294,468,1062,GasA,Ex,Y,FuseF,1352,0,0,1352,0,1,1,0,3,1,Gd,6,Min2,0,,BuiltIn,1958.0,Unf,1,288,TA,TA,Y,168,0,294,0,0,0,0,7,2006,WD,Abnorml,130000,2414,1.5,294,4.149253731343284,0.1950937950937951,0.43993371996686,48,0,0,1,6760,4.5,25,1827904
360,60,RL,78.0,12011,Pave,IR1,Lvl,AllPub,CulDSac,Gtl,NoRidge,Norm,Norm,1Fam,2Story,8,5,1998,1998,Gable,CompShg,VinylSd,VinylSd,530.0,Gd,TA,PConc,Gd,TA,Av,GLQ,956,Unf,0,130,1086,GasA,Ex,Y,SBrkr,1086,838,0,1924,1,0,2,1,3,1,Gd,7,Typ,1,TA,Attchd,1998.0,RFn,2,592,TA,TA,Y,208,75,0,0,374,0,0,6,2006,WD,Normal,280000,3010,3.5,449,21.984732824427482,0.16018649571226376,0.36079734219269105,8,0,1,1,15392,10.5,64,3701776
361,85,RL,69.0,7540,Pave,IR1,Lvl,AllPub,CulDSac,Gtl,Mitchel,Norm,Norm,1Fam,SFoyer,6,6,1978,1978,Gable,CompShg,VinylSd,VinylSd,0.0,TA,TA,CBlock,Gd,TA,Av,GLQ,773,Unf,0,115,888,GasA,Ex,Y,SBrkr,912,0,0,912,1,0,1,0,2,1,TA,5,Typ,1,TA,Attchd,1978.0,RFn,2,470,TA,TA,Y,0,0,0,0,192,0,0,6,2007,WD,Normal,156000,1800,2.0,192,14.525862068965518,0.12095490716180371,0.49333333333333335,29,0,0,1,5472,4.0,36,831744
362,50,RL,69.0,9144,Pave,Reg,Lvl,AllPub,Inside,Gtl,BrkSide,Norm,Norm,1Fam,1.5Fin,5,5,1940,1982,Gable,CompShg,MetalSd,MetalSd,0.0,TA,TA,CBlock,TA,TA,No,Rec,399,Unf,0,484,883,GasA,Gd,Y,SBrkr,988,517,0,1505,1,0,1,0,3,1,TA,8,Typ,0,,Detchd,1940.0,Unf,1,240,TA,TA,N,0,0,0,0,0,0,0,7,2008,WD,Normal,145000,2388,2.0,0,3.9257731958762885,0.164588801399825,0.36976549413735343,68,0,1,1,7525,6.0,25,2265025
363,85,RL,64.0,7301,Pave,Reg,Lvl,AllPub,Corner,Gtl,Edwards,Norm,Norm,1Fam,SFoyer,7,5,2003,2003,Gable,CompShg,HdBoard,HdBoard,500.0,Gd,TA,Slab,,,,,0,,0,0,0,GasA,Ex,Y,SBrkr,495,1427,0,1922,0,0,3,0,4,1,Gd,7,Typ,1,Ex,BuiltIn,2003.0,RFn,2,672,TA,TA,Y,0,0,177,0,0,0,0,7,2009,ConLD,Normal,198500,1922,3.0,177,1922.0,0.26325160936857966,0.0,6,0,1,1,13454,12.0,49,3694084
364,160,RM,21.0,1680,Pave,Reg,Lvl,AllPub,Inside,Gtl,BrDale,Norm,Norm,Twnhs,2Story,6,8,1972,2007,Gable,CompShg,HdBoard,HdBoard,510.0,TA,TA,CBlock,TA,TA,No,ALQ,162,Unf,0,321,483,GasA,Gd,Y,SBrkr,483,504,0,987,0,0,1,1,2,1,Gd,5,Typ,0,,Detchd,1972.0,Unf,1,264,TA,TA,Y,250,0,0,0,0,0,0,5,2009,WD,Normal,118000,1470,1.5,0,3.5683229813664594,0.5875,0.32857142857142857,37,0,1,1,5922,3.0,36,974169
365,60,RL,69.0,18800,Pave,IR1,Lvl,AllPub,FR2,Gtl,NWAmes,Norm,Norm,1Fam,2Story,6,5,1976,1976,Gable,CompShg,HdBoard,HdBoard,120.0,TA,TA,PConc,Gd,TA,Mn,GLQ,712,Unf,0,84,796,GasA,TA,Y,SBrkr,790,784,0,1574,1,0,2,1,3,1,TA,6,Typ,1,TA,Attchd,1976.0,Fin,2,566,TA,TA,Y,306,111,0,0,0,0,0,7,2006,WD,Normal,190000,2370,3.5,111,26.894117647058824,0.08372340425531914,0.3358649789029536,30,0,1,1,9444,10.5,36,2477476
366,70,RM,59.0,10690,Pave,Reg,Lvl,AllPub,Inside,Gtl,IDOTRR,Norm,Norm,1Fam,2Story,5,7,1920,1997,Hip,CompShg,VinylSd,VinylSd,0.0,TA,Gd,CBlock,TA,Fa,No,Rec,456,Unf,0,216,672,GasA,Gd,Y,FuseA,672,672,0,1344,0,0,1,0,3,1,TA,6,Typ,0,,Detchd,1964.0,Unf,1,468,TA,Fa,Y,0,128,218,0,0,0,0,7,2009,WD,Normal,147000,2016,1.0,346,8.294930875576037,0.1257249766136576,0.3333333333333333,89,0,1,1,6720,3.0,25,1806336
367,20,RL,69.0,9500,Pave,IR1,Lvl,AllPub,Inside,Gtl,NAmes,Norm,Norm,1Fam,1Story,6,5,1963,1963,Gable,CompShg,Plywood,Plywood,247.0,TA,TA,CBlock,Gd,TA,No,BLQ,609,Unf,0,785,1394,GasA,Gd,Y,SBrkr,1394,0,0,1394,1,0,1,1,3,1,TA,6,Typ,2,Gd,Attchd,1963.0,RFn,2,514,TA,TA,Y,0,76,0,0,185,0,0,7,2009,WD,Normal,159000,2788,2.5,261,2.5483460559796436,0.14673684210526317,0.5,46,0,0,1,8364,7.5,36,1943236
368,80,RL,101.0,9150,Pave,IR1,Lvl,AllPub,Corner,Gtl,NAmes,Norm,Norm,1Fam,SLvl,6,5,1962,1962,Gable,Tar&Grv,Plywood,Plywood,305.0,TA,TA,CBlock,Gd,TA,Gd,GLQ,371,Unf,0,728,1099,GasA,Gd,Y,SBrkr,1431,0,0,1431,0,1,1,0,3,1,TA,6,Typ,1,Gd,Basment,1962.0,RFn,1,296,TA,TA,Y,64,110,0,0,0,0,0,12,2008,WD,Normal,165000,2530,1.5,110,2.4718792866941017,0.15639344262295082,0.4343873517786561,46,0,0,1,8586,4.5,36,2047761
369,20,RL,78.0,7800,Pave,Reg,Lvl,AllPub,Inside,Gtl,NAmes,Norm,Norm,1Fam,1Story,5,6,1954,1954,Gable,CompShg,HdBoard,HdBoard,200.0,TA,TA,PConc,TA,TA,No,LwQ,540,Unf,0,728,1268,GasA,Gd,Y,SBrkr,1268,0,0,1268,0,0,1,0,2,1,TA,7,Typ,1,Gd,Attchd,1954.0,Fin,1,244,TA,TA,Y,0,98,0,0,0,0,0,3,2010,WD,Normal,132000,2536,1.0,98,2.4801097393689986,0.16256410256410256,0.5,56,0,0,1,6340,2.0,25,1607824
370,20,RL,69.0,9830,Pave,IR1,Lvl,AllPub,Corner,Gtl,NAmes,Norm,Norm,1Fam,1Story,5,7,1959,2006,Gable,CompShg,Wd Sdng,Wd Sdng,0.0,TA,Gd,CBlock,TA,TA,No,ALQ,72,Rec,258,733,1063,GasA,Ex,Y,SBrkr,1287,0,0,1287,1,0,1,0,3,1,Gd,7,Typ,1,Gd,Detchd,1997.0,Fin,2,576,TA,TA,Y,364,17,0,0,182,0,0,3,2010,WD,Normal,162000,2350,2.0,199,2.2029972752043596,0.1309257375381485,0.4523404255319149,51,0,0,1,6435,6.0,25,1656369
371,60,RL,69.0,8121,Pave,IR1,Lvl,AllPub,Inside,Gtl,Gilbert,Norm,Norm,1Fam,2Story,6,5,2000,2000,Gable,CompShg,VinylSd,VinylSd,0.0,TA,TA,PConc,Gd,TA,No,Unf,0,Unf,0,953,953,GasA,Ex,Y,SBrkr,953,711,0,1664,0,0,2,1,3,1,TA,7,Typ,1,TA,Attchd,2000.0,RFn,2,460,TA,TA,Y,100,40,0,0,0,0,0,1,2006,WD,Normal,172400,2617,2.5,40,1.7442348008385744,0.20490087427656692,0.36415743217424534,6,0,1,1,9984,7.5,36,2768896
372,50,RL,80.0,17120,Pave,Reg,Lvl,AllPub,Inside,Gtl,ClearCr,Feedr,Norm,1Fam,1.5Fin,4,4,1959,1959,Gable,CompShg,WdShing,Plywood,0.0,TA,TA,CBlock,,,,,0,,0,0,0,GasA,TA,Y,SBrkr,1120,468,0,1588,0,0,2,0,4,1,TA,7,Min2,1,Gd,Detchd,1991.0,Fin,2,680,TA,TA,N,0,59,0,0,0,0,0,7,2008,WD,Normal,134432,1588,2.0,59,1588.0,0.0927570093457944,0.0,49,0,1,1,6352,8.0,16,2521744
373,120,RL,50.0,7175,Pave,Reg,Lvl,AllPub,Inside,Gtl,SawyerW,Norm,Norm,TwnhsE,1Story,6,5,1984,1984,Gable,CompShg,Plywood,Plywood,0.0,TA,TA,CBlock,Gd,TA,No,ALQ,623,LwQ,121,0,744,GasA,TA,Y,SBrkr,752,0,0,752,1,0,1,0,2,1,TA,4,Typ,0,,Attchd,1984.0,Unf,1,264,TA,TA,Y,353,0,0,0,90,0,0,2,2010,WD,Normal,125000,1496,2.0,90,1496.0,0.10480836236933798,0.49732620320855614,26,0,0,1,4512,4.0,36,565504
374,20,RL,79.0,10634,Pave,Reg,Lvl,AllPub,Inside,Gtl,NAmes,Norm,Norm,1Fam,1Story,5,6,1953,1953,Gable,CompShg,MetalSd,MetalSd,0.0,TA,TA,PConc,TA,TA,No,BLQ,428,LwQ,180,0,608,GasA,TA,Y,SBrkr,1319,0,0,1319,1,0,1,0,3,1,TA,5,Min2,0,,Attchd,1953.0,Unf,1,270,TA,TA,Y,66,0,0,0,0,0,0,11,2009,WD,Normal,123000,1927,2.0,0,1927.0,0.12403611058867782,0.31551634665282824,56,0,0,1,6595,6.0,25,1739761
375,60,RL,65.0,8200,Pave,Reg,Lvl,AllPub,Inside,Gtl,CollgCr,Norm,Norm,1Fam,2Story,7,5,2003,2004,Gable,CompShg,VinylSd,VinylSd,0.0,Gd,TA,PConc,Gd,TA,No,Unf,0,Unf,0,847,847,GasA,Ex,Y,SBrkr,847,1081,0,1928,0,0,2,1,4,1,Gd,8,Typ,1,Gd,BuiltIn,2003.0,Fin,2,434,TA,TA,Y,100,48,0,0,0,0,0,7,2007,WD,Normal,219500,2775,2.5,48,2.2735849056603774,0.23512195121951218,0.3052252252252252,4,0,1,1,13496,10.0,49,3717184
376,30,RL,69.0,10020,Pave,IR1,Low,AllPub,Inside,Sev,Edwards,Norm,Norm,1Fam,1Story,1,1,1922,1950,Gable,CompShg,Wd Sdng,Wd Sdng,0.0,Fa,Fa,BrkTil,Fa,Po,Gd,BLQ,350,Unf,0,333,683,GasA,Gd,N,FuseA,904,0,0,904,1,0,0,1,1,1,Fa,4,Maj1,0,,,0.0,,0,0,,,Y,0,0,0,0,0,0,0,3,2009,WD,Normal,61000,1587,1.5,0,3.754491017964072,0.09021956087824351,0.4303717706364209,87,0,0,0,904,1.5,1,817216
377,85,RL,57.0,8846,Pave,IR1,Lvl,AllPub,CulDSac,Gtl,CollgCr,Norm,Norm,1Fam,SFoyer,5,5,1996,1996,Gable,CompShg,VinylSd,VinylSd,0.0,Gd,TA,PConc,Gd,TA,Av,GLQ,298,Unf,0,572,870,GasA,Ex,Y,SBrkr,914,0,0,914,0,0,1,0,2,1,TA,5,Typ,0,,Detchd,1998.0,Unf,2,576,TA,TA,Y,0,0,0,0,0,0,0,7,2006,WD,Normal,148000,1784,1.0,0,2.115183246073298,0.10332353606149672,0.4876681614349776,10,0,0,1,4570,2.0,25,835396
378,60,FV,102.0,11143,Pave,IR1,Lvl,AllPub,Corner,Gtl,Somerst,Norm,Norm,1Fam,2Story,8,5,2004,2005,Gable,CompShg,CemntBd,CmentBd,0.0,Gd,TA,PConc,Gd,TA,No,Unf,0,Unf,0,1580,1580,GasA,Ex,Y,SBrkr,1580,886,0,2466,0,0,3,0,4,1,Gd,8,Typ,1,Gd,Attchd,2004.0,RFn,2,610,TA,TA,Y,159,214,0,0,0,0,0,12,2007,WD,Normal,340000,4046,3.0,214,1.5597722960151803,0.2213048550659607,0.39050914483440435,3,1,1,1,19728,12.0,64,6081156
379,20,RL,88.0,11394,Pave,Reg,Lvl,AllPub,Corner,Gtl,StoneBr,Norm,Norm,1Fam,1Story,9,2,2010,2010,Hip,CompShg,VinylSd,VinylSd,350.0,Gd,TA,PConc,Ex,TA,Av,GLQ,1445,Unf,0,411,1856,GasA,Ex,Y,SBrkr,1856,0,0,1856,1,0,1,1,1,1,Ex,8,Typ,1,Ex,Attchd,2010.0,Fin,3,834,TA,TA,Y,113,0,0,0,0,0,0,6,2010,New,Partial,394432,3712,2.5,0,8.012135922330097,0.1628927505704757,0.5,0,1,0,1,16704,2.5,81,3444736
380,60,RL,60.0,8123,Pave,IR1,Lvl,AllPub,Inside,Gtl,Gilbert,RRAn,Norm,1Fam,2Story,6,5,2000,2000,Gable,CompShg,VinylSd,VinylSd,16.0,TA,TA,PConc,Gd,TA,No,Unf,0,Unf,0,982,982,GasA,Ex,Y,SBrkr,1007,793,0,1800,0,0,2,1,3,1,TA,7,Typ,1,TA,Attchd,2000.0,Fin,2,463,TA,TA,Y,100,63,0,0,0,0,0,6,2009,WD,Normal,179000,2782,2.5,63,1.8311291963377416,0.2215930075095408,0.35298346513299783,9,0,1,1,10800,7.5,36,3240000
381,50,RL,50.0,5000,Pave,Reg,Lvl,AllPub,Inside,Gtl,SWISU,Norm,Norm,1Fam,1.5Fin,5,6,1924,1950,Gable,CompShg,BrkFace,Wd Sdng,0.0,TA,TA,BrkTil,TA,TA,No,LwQ,218,Unf,0,808,1026,GasA,TA,Y,SBrkr,1026,665,0,1691,0,0,2,0,3,1,Gd,6,Typ,1,Gd,Detchd,1924.0,Unf,1,308,TA,TA,Y,0,0,242,0,0,0,0,5,2010,WD,Normal,127000,2717,2.0,242,2.3597033374536465,0.3382,0.3776223776223776,86,0,1,1,8455,6.0,25,2859481
382,20,FV,60.0,7200,Pave,Reg,Lvl,AllPub,Inside,Gtl,Somerst,Norm,Norm,1Fam,1Story,7,5,2006,2006,Gable,CompShg,VinylSd,VinylSd,0.0,Gd,TA,PConc,Gd,Gd,No,Unf,0,Unf,0,1293,1293,GasA,Ex,Y,SBrkr,1301,0,0,1301,1,0,2,0,2,1,Gd,5,Typ,1,Gd,Attchd,2006.0,RFn,2,572,TA,TA,Y,216,121,0,0,0,0,0,8,2006,New,Partial,187750,2594,3.0,121,1.0054095826893354,0.18069444444444444,0.4984579799537394,0,1,0,1,9107,6.0,49,1692601
383,60,RL,79.0,9245,Pave,IR1,Lvl,AllPub,Inside,Gtl,CollgCr,Norm,Norm,1Fam,2Story,7,5,2006,2006,Gable,CompShg,VinylSd,VinylSd,0.0,Gd,TA,PConc,Gd,TA,Av,Unf,0,Unf,0,939,939,GasA,Ex,Y,SBrkr,939,858,0,1797,0,0,2,1,3,1,Gd,8,Typ,0,,Attchd,2006.0,RFn,2,639,TA,TA,Y,144,53,0,0,0,0,0,4,2007,WD,Normal,213500,2736,2.5,53,1.9117021276595745,0.19437533802055165,0.3432017543859649,1,1,1,1,12579,7.5,49,3229209
384,45,RH,60.0,9000,Pave,Reg,Lvl,AllPub,Corner,Gtl,SawyerW,Norm,Norm,1Fam,1.5Unf,6,3,1928,1950,Gable,CompShg,Wd Sdng,Wd Sdng,0.0,TA,TA,BrkTil,Fa,Fa,No,Unf,0,Unf,0,784,784,GasA,TA,N,FuseA,784,0,0,784,0,0,1,0,2,1,TA,5,Typ,0,,Detchd,1950.0,Unf,2,360,Fa,Fa,N,0,0,91,0,0,0,0,10,2009,WD,Normal,76000,1568,1.0,91,0.9987261146496815,0.08711111111111111,0.5,81,0,0,1,4704,2.0,36,614656
385,60,RL,69.0,53107,Pave,IR2,Low,AllPub,Corner,Mod,ClearCr,Feedr,Norm,1Fam,2Story,6,5,1992,1992,Gable,CompShg,HdBoard,HdBoard,0.0,Gd,TA,PConc,Gd,TA,Av,GLQ,985,Unf,0,595,1580,GasA,Ex,Y,SBrkr,1079,874,0,1953,1,0,2,1,3,1,Gd,9,Typ,2,Fa,Attchd,1992.0,Fin,2,501,TA,TA,Y,216,231,0,0,0,0,0,6,2007,WD,Normal,240000,3533,3.5,231,4.929530201342282,0.036774813113148924,0.4472120011321823,15,0,1,1,11718,10.5,36,3814209
386,120,RL,43.0,3182,Pave,Reg,Lvl,AllPub,Inside,Gtl,Blmngtn,Norm,Norm,TwnhsE,1Story,8,5,2004,2005,Gable,CompShg,VinylSd,VinylSd,16.0,Gd,TA,PConc,Gd,TA,No,GLQ,24,Unf,0,1232,1256,GasA,Ex,Y,SBrkr,1269,0,0,1269,0,0,2,0,2,1,Gd,6,Typ,1,TA,Attchd,2004.0,Fin,2,430,TA,TA,Y,146,20,0,0,144,0,0,4,2010,WD,Normal,192000,2525,2.0,164,1.048661800486618,0.3988057825267128,0.4974257425742574,6,0,0,1,10152,4.0,64,1610361
387,50,RL,58.0,8410,Pave,Reg,Lvl,AllPub,FR2,Gtl,Edwards,Feedr,Norm,1Fam,1.5Fin,5,3,1910,1996,Gambrel,CompShg,Wd Sdng,VinylSd,0.0,TA,Fa,PConc,TA,TA,No,Unf,0,Unf,0,658,658,GasA,TA,Y,SBrkr,658,526,0,1184,0,0,1,0,5,1,TA,8,Typ,0,,,0.0,,0,0,,,N,0,151,0,0,0,0,0,5,2006,WD,AdjLand,81000,1842,1.0,151,1.7966616084977238,0.14078478002378123,0.3572204125950054,96,0,1,0,5920,5.0,25,1401856
388,80,RL,72.0,7200,Pave,Reg,Lvl,AllPub,Inside,Gtl,Edwards,Norm,Norm,1Fam,SLvl,6,6,1976,1976,Hip,CompShg,MetalSd,MetalSd,255.0,TA,TA,CBlock,TA,TA,Av,ALQ,631,Unf,0,410,1041,GasA,Ex,Y,SBrkr,1125,0,0,1125,1,0,1,0,3,1,TA,6,Typ,1,Fa,Detchd,1977.0,Unf,1,352,TA,TA,Y,296,0,0,0,0,0,0,10,2009,WD,Abnorml,125000,2166,2.0,0,4.2725060827250605,0.15625,0.4806094182825485,33,0,0,1,6750,6.0,36,1265625
389,20,RL,93.0,9382,Pave,IR1,Lvl,AllPub,CulDSac,Gtl,CollgCr,Norm,Norm,1Fam,1Story,7,5,1999,2000,Gable,CompShg,VinylSd,VinylSd,125.0,Gd,TA,PConc,Gd,TA,No,Unf,0,Unf,0,1468,1468,GasA,Ex,Y,SBrkr,1479,0,0,1479,0,0,2,0,3,1,Gd,6,Typ,0,,Attchd,1999.0,RFn,2,577,TA,TA,Y,120,25,0,0,0,0,0,7,2008,WD,Normal,191000,2947,2.0,25,1.0068073519400953,0.15764229375399702,0.498133695283339,9,0,0,1,10353,6.0,49,2187441
390,60,RL,96.0,12474,Pave,Reg,Lvl,AllPub,Inside,Gtl,NridgHt,Norm,Norm,1Fam,2Story,10,5,2007,2008,Gable,CompShg,VinylSd,VinylSd,272.0,Ex,TA,PConc,Ex,TA,Av,GLQ,1280,Unf,0,402,1682,GasA,Ex,Y,SBrkr,1742,590,0,2332,1,0,2,1,3,1,Ex,9,Typ,1,Ex,BuiltIn,2008.0,Fin,3,846,TA,TA,Y,196,134,0,0,0,0,0,8,2008,New,Partial,426000,4014,3.5,134,8.962779156327544,0.18694885361552027,0.4190333831589437,1,1,1,1,23320,10.5,100,5438224
391,50,RL,50.0,8405,Pave,Reg,Lvl,AllPub,Inside,Gtl,Edwards,Norm,Norm,1Fam,1.5Fin,5,8,1900,1950,Gable,CompShg,MetalSd,MetalSd,0.0,TA,TA,BrkTil,TA,Gd,No,Rec,241,BLQ,391,229,861,GasA,Ex,Y,SBrkr,961,406,0,1367,1,0,1,0,4,1,TA,7,Typ,0,,Detchd,1978.0,Unf,1,384,TA,TA,Y,0,130,112,0,0,0,0,4,2008,WD,Normal,119000,2228,2.0,242,8.691304347826087,0.16264128494943486,0.3864452423698384,108,0,1,1,6835,8.0,25,1868689
392,60,RL,71.0,12209,Pave,IR1,Lvl,AllPub,CulDSac,Gtl,Mitchel,Norm,Norm,1Fam,2Story,6,5,2001,2002,Gable,CompShg,VinylSd,VinylSd,0.0,TA,TA,PConc,Ex,TA,No,ALQ,690,Unf,0,114,804,GasA,Ex,Y,SBrkr,804,1157,0,1961,1,0,2,1,3,1,Gd,7,Typ,1,TA,BuiltIn,2001.0,Fin,2,560,TA,TA,Y,125,192,0,0,0,0,0,6,2009,WD,Normal,215000,2765,3.5,192,23.05217391304348,0.1606192153329511,0.29077757685352623,8,0,1,1,11766,10.5,36,3845521
393,20,RL,69.0,8339,Pave,IR1,Lvl,AllPub,Inside,Gtl,NAmes,Norm,Norm,1Fam,1Story,5,7,1959,1959,Gable,CompShg,MetalSd,MetalSd,0.0,TA,TA,Slab,,,,,0,,0,0,0,GasA,TA,Y,SBrkr,882,0,0,882,0,0,1,0,3,1,TA,5,Typ,0,,Attchd,1959.0,RFn,1,294,TA,TA,Y,0,0,0,0,0,0,1200,7,2007,WD,Normal,106500,882,1.0,0,882.0,0.10576807770715912,0.0,48,0,0,1,4410,3.0,25,777924
394,30,RL,69.0,7446,Pave,Reg,Lvl,AllPub,Corner,Gtl,BrkSide,Feedr,Norm,1Fam,1Story,4,5,1941,1950,Gable,CompShg,WdShing,Wd Shng,0.0,TA,TA,CBlock,TA,TA,No,Rec,266,Unf,0,522,788,GasA,TA,Y,FuseA,788,0,0,788,0,0,1,0,2,1,TA,4,Typ,2,TA,,0.0,,0,0,,,Y,0,0,0,0,0,0,0,4,2006,WD,Abnorml,100000,1576,1.0,0,2.0152963671128106,0.10582863282299221,0.5,65,0,0,0,3152,2.0,16,620944
395,50,RL,60.0,10134,Pave,Reg,Lvl,AllPub,Inside,Gtl,OldTown,Norm,Norm,1Fam,1.5Fin,5,6,1940,1950,Gable,CompShg,MetalSd,MetalSd,0.0,TA,TA,CBlock,TA,TA,No,Unf,0,Unf,0,735,735,GasA,Gd,Y,FuseA,735,299,0,1034,0,0,1,0,2,1,TA,5,Typ,0,,Detchd,1940.0,Unf,1,240,TA,TA,Y,0,39,0,0,0,0,0,7,2007,WD,Normal,109000,1769,1.0,39,1.4048913043478262,0.10203276100256561,0.4154889768230639,67,0,1,1,5170,2.0,25,1069156
396,20,RL,68.0,9571,Pave,Reg,Lvl,AllPub,Inside,Gtl,Edwards,Norm,Norm,1Fam,1Story,5,6,1956,1956,Gable,CompShg,Wd Sdng,Wd Sdng,0.0,TA,TA,CBlock,TA,TA,Av,BLQ,739,Unf,0,405,1144,GasA,TA,Y,SBrkr,1144,0,0,1144,1,0,1,0,3,1,TA,6,Typ,0,,Attchd,1956.0,Unf,1,596,TA,TA,Y,44,0,0,0,0,0,0,6,2010,WD,Normal,129000,2288,2.0,0,4.637931034482759,0.11952774004806185,0.5,54,0,0,1,5720,6.0,25,1308736
397,20,RL,60.0,7200,Pave,Reg,Low,AllPub,Inside,Gtl,CollgCr,Norm,Norm,1Fam,1Story,5,5,1972,1972,Hip,CompShg,MetalSd,MetalSd,0.0,TA,TA,CBlock,TA,TA,Av,Rec,777,Unf,0,117,894,GasA,TA,Y,SBrkr,894,0,0,894,0,0,1,0,2,1,TA,6,Typ,0,,Detchd,1985.0,RFn,2,600,TA,TA,Y,215,0,0,0,0,0,0,9,2009,WD,Normal,123000,1788,1.0,0,14.161016949152541,0.12416666666666666,0.5,37,0,0,1,4470,2.0,25,799236
398,60,RL,69.0,7590,Pave,Reg,Lvl,AllPub,Inside,Gtl,NAmes,PosN,Norm,1Fam,2Story,5,5,1962,1962,Gable,CompShg,VinylSd,VinylSd,288.0,TA,TA,CBlock,TA,TA,No,ALQ,540,Unf,0,324,864,GasA,TA,Y,SBrkr,876,936,0,1812,0,0,2,0,4,1,TA,8,Typ,1,TA,Attchd,1962.0,RFn,1,264,TA,TA,Y,0,168,0,0,0,0,0,7,2007,WD,Normal,169500,2676,2.0,168,7.236923076923077,0.23873517786561266,0.32286995515695066,45,0,1,1,9060,8.0,25,3283344
399,30,RM,60.0,8967,Pave,Reg,Lvl,AllPub,Corner,Gtl,IDOTRR,Norm,Norm,1Fam,1Story,5,2,1920,1950,Gable,CompShg,MetalSd,MetalSd,0.0,TA,Fa,BrkTil,Fa,Po,No,Unf,0,Unf,0,961,961,GasA,Gd,Y,Mix,1077,0,0,1077,0,0,1,0,2,1,TA,6,Maj2,0,,Detchd,1920.0,Unf,1,338,Po,Po,N,0,0,0,0,0,0,0,11,2007,WD,Abnorml,67000,2038,1.0,0,1.1195426195426195,0.12010705921712947,0.471540726202159,87,0,0,1,5385,2.0,25,1159929
400,60,FV,65.0,8125,Pave,Reg,Lvl,AllPub,Inside,Gtl,Somerst,Norm,Norm,1Fam,2Story,7,5,2006,2007,Gable,CompShg,CemntBd,CmentBd,100.0,Gd,TA,PConc,Gd,TA,No,GLQ,812,Unf,0,280,1092,GasA,Ex,Y,SBrkr,1112,438,0,1550,1,0,2,0,2,1,Gd,7,Typ,0,,Attchd,2007.0,Fin,2,438,TA,TA,Y,0,168,0,0,0,0,0,10,2009,WD,Normal,241000,2642,3.0,168,8.405693950177936,0.19076923076923077,0.4133232399697199,3,1,1,1,10850,6.0,49,2402500
401,120,RL,38.0,14963,Pave,IR2,Lvl,AllPub,Inside,Gtl,Veenker,Norm,Norm,TwnhsE,1Story,8,5,1996,1996,Gable,CompShg,BrkFace,BrkFace,0.0,Gd,TA,PConc,Gd,TA,No,GLQ,786,Unf,0,474,1260,GasA,Ex,Y,SBrkr,1288,0,0,1288,1,0,1,1,1,1,Ex,4,Typ,2,Gd,Attchd,1996.0,Fin,2,500,TA,TA,Y,120,30,0,0,224,0,0,12,2008,WD,Normal,245500,2548,2.5,254,4.366315789473684,0.08607899485397313,0.4945054945054945,12,0,0,1,10304,2.5,64,1658944
402,20,RL,65.0,8767,Pave,IR1,Lvl,AllPub,Inside,Gtl,CollgCr,Norm,Norm,1Fam,1Story,7,5,2005,2005,Gable,CompShg,VinylSd,VinylSd,0.0,Gd,TA,PConc,Gd,TA,Av,GLQ,24,Unf,0,1286,1310,GasA,Ex,Y,SBrkr,1310,0,0,1310,0,0,2,0,3,1,Gd,6,Typ,1,Gd,Attchd,2005.0,Fin,2,400,TA,TA,Y,0,0,0,0,0,0,0,7,2006,New,Partial,164990,2620,2.0,0,1.0365190365190364,0.14942397627466636,0.5,1,1,0,1,9170,6.0,49,1716100
403,30,RL,60.0,10200,Pave,Reg,Lvl,AllPub,Inside,Gtl,Sawyer,Norm,Norm,1Fam,1Story,5,8,1940,1997,Gable,CompShg,Wd Sdng,Wd Sdng,0.0,TA,TA,PConc,TA,TA,No,Unf,0,Unf,0,672,672,GasA,Ex,Y,SBrkr,672,0,0,672,0,0,1,0,2,1,TA,4,Typ,0,,Detchd,1940.0,Unf,1,240,TA,TA,N,168,0,0,0,0,0,0,8,2008,WD,Normal,108000,1344,1.0,0,0.9985141158989599,0.06588235294117648,0.5,68,0,0,1,3360,2.0,25,451584
404,60,RL,93.0,12090,Pave,Reg,Lvl,AllPub,Corner,Gtl,NoRidge,Norm,Norm,1Fam,2Story,8,5,1998,1998,Hip,CompShg,VinylSd,VinylSd,650.0,Gd,TA,PConc,Gd,TA,No,Unf,0,Unf,0,1141,1141,GasA,Gd,Y,SBrkr,1165,1098,0,2263,0,0,2,1,4,1,Gd,10,Typ,1,TA,BuiltIn,1998.0,Fin,2,420,TA,TA,Y,144,123,0,0,0,0,0,7,2006,WD,Abnorml,258000,3404,2.5,123,1.9816112084063047,0.18717948717948718,0.33519388954171564,8,0,1,1,18104,10.0,64,5121169
405,60,RL,69.0,10364,Pave,IR1,Lvl,AllPub,Inside,Gtl,Gilbert,Norm,Norm,1Fam,2Story,6,5,1995,1996,Gable,CompShg,MetalSd,MetalSd,0.0,TA,TA,PConc,Gd,TA,No,Unf,0,Unf,0,806,806,GasA,Gd,Y,SBrkr,806,766,0,1572,0,0,2,1,3,1,TA,7,Typ,1,TA,BuiltIn,1995.0,Fin,2,373,TA,TA,Y,0,40,0,0,0,0,0,5,2007,WD,Normal,168000,2378,2.5,40,1.9479553903345725,0.15167888846005403,0.3389402859545837,12,0,1,1,9432,7.5,36,2471184
406,20,RL,69.0,9991,Pave,IR1,Lvl,AllPub,Corner,Gtl,Sawyer,Feedr,Norm,1Fam,1Story,4,4,1976,1993,Gable,CompShg,Plywood,Plywood,0.0,TA,TA,CBlock,TA,TA,No,BLQ,1116,Unf,0,165,1281,GasA,Ex,Y,SBrkr,1620,0,0,1620,1,0,2,0,3,1,TA,8,Min1,1,TA,Attchd,1993.0,Unf,2,490,TA,TA,Y,120,78,0,0,0,0,0,6,2009,WD,Normal,150000,2901,3.0,78,16.481927710843372,0.16214593133820437,0.4415718717683557,33,0,0,1,6480,9.0,16,2624400
407,50,RL,51.0,10480,Pave,Reg,Lvl,AllPub,Inside,Gtl,SWISU,Norm,Norm,1Fam,1.5Fin,6,5,1936,1950,Gable,CompShg,MetalSd,MetalSd,0.0,TA,TA,BrkTil,TA,TA,No,Unf,0,Unf,0,1064,1064,GasA,Ex,Y,FuseA,1166,0,473,1639,0,0,1,0,3,1,TA,6,Maj2,0,,Detchd,1936.0,Unf,1,240,TA,TA,Y,0,0,0,0,0,0,0,3,2008,WD,Normal,115000,2230,1.0,0,1.5389671361502348,0.15639312977099237,0.47713004484304933,72,0,0,1,9834,3.0,36,2686321
408,70,RL,63.0,15576,Pave,Reg,Lvl,AllPub,Inside,Gtl,Crawfor,Norm,Norm,1Fam,2Story,6,7,1915,1976,Gable,CompShg,Wd Sdng,Plywood,0.0,TA,TA,BrkTil,Gd,TA,No,Unf,0,Unf,0,840,840,GasA,Ex,Y,SBrkr,840,840,0,1680,0,0,2,0,4,1,TA,8,Typ,0,,Attchd,1960.0,Unf,1,308,TA,TA,Y,0,0,160,0,0,0,0,3,2008,WD,Normal,177000,2520,2.0,160,1.9976218787158144,0.10785824345146379,0.3333333333333333,93,0,1,1,10080,8.0,36,2822400
409,60,RL,109.0,14154,Pave,Reg,Lvl,AllPub,Corner,Gtl,NridgHt,Norm,Norm,1Fam,2Story,7,5,2006,2006,Gable,CompShg,VinylSd,VinylSd,350.0,Gd,TA,PConc,Ex,Gd,No,Unf,0,Unf,0,1063,1063,GasA,Ex,Y,SBrkr,1071,1101,0,2172,0,0,2,1,3,1,Gd,9,Typ,1,Gd,Attchd,2006.0,RFn,3,947,TA,TA,Y,192,62,0,0,0,0,0,8,2007,New,Partial,280000,3235,2.5,62,2.0413533834586466,0.15345485375158965,0.3285935085007728,1,1,1,1,15204,7.5,49,4717584
410,60,FV,85.0,10800,Pave,Reg,Lvl,AllPub,Inside,Gtl,Somerst,Norm,Norm,1Fam,2Story,8,5,2007,2008,Gable,CompShg,VinylSd,VinylSd,100.0,Gd,TA,PConc,Ex,TA,No,GLQ,789,Unf,0,245,1034,GasA,Ex,Y,SBrkr,1050,1028,0,2078,1,0,2,1,3,1,Ex,8,Typ,1,Gd,Attchd,2008.0,Fin,3,836,TA,TA,Y,0,102,0,0,0,0,0,4,2008,New,Partial,339750,3112,3.5,102,11.654471544715447,0.19240740740740742,0.33226221079691515,1,1,1,1,16624,10.5,64,4318084
411,20,RL,68.0,9571,Pave,Reg,Lvl,AllPub,Inside,Gtl,Edwards,Norm,Norm,1Fam,1Story,5,3,1958,1958,Gable,CompShg,BrkComm,Brk Cmn,0.0,TA,Fa,CBlock,TA,Fa,No,Unf,0,Unf,0,1276,1276,GasA,TA,Y,FuseA,1276,0,0,1276,0,0,1,0,3,1,TA,5,Mod,0,,Attchd,1958.0,Unf,1,350,TA,TA,Y,0,0,0,0,0,0,0,6,2009,COD,Abnorml,60000,2552,1.0,0,0.9992169146436961,0.13331940236129977,0.5,51,0,0,1,6380,3.0,25,1628176
412,190,RL,100.0,34650,Pave,Reg,Bnk,AllPub,Inside,Gtl,Gilbert,Norm,Norm,2fmCon,1Story,5,5,1955,1955,Hip,CompShg,Wd Sdng,Wd Sdng,0.0,TA,TA,CBlock,TA,TA,Mn,Rec,1056,Unf,0,0,1056,GasA,TA,N,SBrkr,1056,0,0,1056,1,0,1,0,3,1,TA,5,Typ,0,,Attchd,1955.0,Fin,2,572,TA,TA,Y,264,0,0,0,0,0,0,1,2006,WD,Normal,145000,2112,2.0,0,2112.0,0.030476190476190476,0.5,51,0,0,1,5280,6.0,25,1115136
413,20,FV,69.0,4403,Pave,IR2,Lvl,AllPub,Inside,Gtl,Somerst,Norm,Norm,1Fam,1Story,7,5,2009,2009,Gable,CompShg,MetalSd,MetalSd,432.0,Ex,TA,PConc,Ex,TA,Av,GLQ,578,Unf,0,892,1470,GasA,Ex,Y,SBrkr,1478,0,0,1478,1,0,2,1,2,1,Gd,7,Typ,1,Gd,Attchd,2009.0,Fin,2,484,TA,TA,Y,0,144,0,0,0,0,0,6,2010,New,Partial,222000,2948,3.5,144,2.3023516237402015,0.33568021803315923,0.49864314789687925,1,1,0,1,10346,7.0,49,2184484
414,30,RM,56.0,8960,Pave,Reg,Lvl,AllPub,Inside,Gtl,OldTown,Artery,Norm,1Fam,1Story,5,6,1927,1950,Gable,CompShg,WdShing,Wd Shng,0.0,TA,TA,CBlock,TA,TA,No,Unf,0,Unf,0,1008,1008,GasA,Gd,Y,FuseA,1028,0,0,1028,0,0,1,0,2,1,TA,5,Typ,1,Gd,Detchd,1927.0,Unf,2,360,TA,TA,Y,0,0,130,0,0,0,0,3,2010,WD,Normal,115000,2036,1.0,130,1.0188305252725471,0.11473214285714285,0.4950884086444008,83,0,0,1,5140,2.0,25,1056784
415,60,RL,59.0,11228,Pave,IR2,Lvl,AllPub,CulDSac,Gtl,SawyerW,Norm,Norm,1Fam,2Story,7,5,1993,1993,Gable,CompShg,VinylSd,VinylSd,0.0,Gd,TA,PConc,Gd,TA,No,BLQ,50,GLQ,531,499,1080,GasA,Ex,Y,SBrkr,1080,1017,0,2097,0,1,2,1,3,1,Gd,9,Typ,1,TA,Attchd,1993.0,Unf,3,678,TA,TA,Y,196,187,0,0,0,0,0,12,2008,WD,Normal,228000,3177,3.0,187,5.356,0.18676522978268614,0.33994334277620397,15,0,1,1,14679,9.0,49,4397409
416,20,RL,73.0,8899,Pave,IR1,Lvl,AllPub,Inside,Gtl,Gilbert,Norm,Norm,1Fam,1Story,7,5,2007,2007,Gable,CompShg,VinylSd,VinylSd,0.0,Gd,TA,PConc,Gd,TA,Av,GLQ,24,Unf,0,1316,1340,GasA,Ex,Y,SBrkr,1340,0,0,1340,0,0,2,0,3,1,Gd,6,Typ,0,,Attchd,2007.0,Fin,2,396,TA,TA,Y,100,30,0,0,0,0,0,8,2007,New,Partial,181134,2680,2.0,30,1.0356871678056188,0.15057871670974265,0.5,0,1,0,1,9380,6.0,49,1795600
417,60,RL,74.0,7844,Pave,Reg,Lvl,AllPub,Inside,Gtl,Sawyer,Norm,Norm,1Fam,2Story,6,7,1978,1978,Hip,CompShg,HdBoard,HdBoard,203.0,TA,TA,CBlock,TA,TA,No,ALQ,209,Unf,0,463,672,GasA,TA,Y,SBrkr,672,728,0,1400,0,0,1,1,3,1,TA,6,Typ,1,TA,Attchd,1978.0,Fin,2,440,TA,TA,Y,0,0,0,0,0,0,0,3,2006,WD,Normal,149500,2072,1.5,0,3.4676724137931036,0.17848036715961244,0.32432432432432434,28,0,1,1,8400,4.5,36,1960000
418,70,RL,86.0,22420,Pave,IR1,Lvl,AllPub,Inside,Gtl,Crawfor,Feedr,Norm,1Fam,2Story,6,6,1918,1950,Hip,CompShg,Wd Sdng,Stucco,0.0,TA,TA,BrkTil,Gd,TA,No,BLQ,1128,Unf,0,242,1370,GasW,TA,N,FuseA,1370,1254,0,2624,1,0,2,1,4,1,TA,10,Typ,1,Gd,Detchd,1918.0,Unf,3,864,TA,TA,N,0,0,0,0,0,0,0,11,2007,WD,Normal,239000,3994,3.5,0,15.440329218106996,0.11703835860838536,0.343014521782674,89,0,1,1,15744,14.0,36,6885376
419,50,RL,60.0,8160,Pave,Reg,Lvl,AllPub,Inside,Gtl,Edwards,Norm,Norm,1Fam,1.5Fin,5,6,1940,1950,Gable,CompShg,MetalSd,MetalSd,0.0,TA,TA,BrkTil,TA,TA,No,ALQ,312,Unf,0,444,756,GasA,Fa,N,FuseF,756,378,0,1134,1,0,1,1,3,1,TA,7,Typ,0,,Detchd,1940.0,Unf,1,240,TA,TA,P,0,0,0,0,0,0,0,4,2007,WD,AdjLand,126000,1890,2.5,0,3.249438202247191,0.13897058823529412,0.4,67,0,1,1,5670,7.5,25,1285956
420,20,RL,65.0,8450,Pave,Reg,Lvl,AllPub,Inside,Gtl,NAmes,Norm,Norm,1Fam,1Story,5,6,1968,1968,Gable,CompShg,VinylSd,VinylSd,0.0,TA,TA,CBlock,TA,TA,No,BLQ,775,Unf,0,281,1056,GasA,Ex,Y,SBrkr,1056,0,0,1056,1,0,1,0,3,1,TA,6,Typ,1,Fa,Attchd,1968.0,Unf,1,304,TA,TA,Y,0,85,184,0,0,0,0,7,2010,WD,Normal,142000,2112,2.0,269,6.49290780141844,0.12497041420118343,0.5,42,0,0,1,5280,6.0,25,1115136
421,90,RM,78.0,7060,Pave,Reg,Lvl,AllPub,Inside,Gtl,Mitchel,Norm,Norm,Duplex,SFoyer,7,5,1997,1998,Gable,CompShg,VinylSd,VinylSd,200.0,TA,Gd,PConc,Gd,Gd,Gd,GLQ,1309,Unf,0,35,1344,GasA,Ex,Y,SBrkr,1344,0,0,1344,2,0,2,0,2,2,TA,8,Typ,0,,Attchd,1997.0,Fin,4,784,TA,TA,Y,0,0,0,0,0,0,0,11,2008,WD,Alloca,206300,2688,4.0,0,73.69444444444444,0.19036827195467423,0.5,11,0,0,1,9408,8.0,49,1806336
422,20,RL,69.0,16635,Pave,IR1,Lvl,AllPub,FR2,Gtl,NWAmes,Norm,Norm,1Fam,1Story,6,7,1977,2000,Gable,CompShg,CemntBd,CmentBd,126.0,Gd,TA,CBlock,Gd,TA,No,ALQ,1246,Unf,0,356,1602,GasA,Gd,Y,SBrkr,1602,0,0,1602,0,1,2,0,3,1,Gd,8,Typ,1,TA,Attchd,1977.0,Fin,2,529,TA,TA,Y,240,0,0,0,0,0,0,6,2009,WD,Normal,215000,3204,2.5,0,7.977591036414566,0.09630297565374211,0.5,32,0,0,1,9612,7.5,36,2566404
423,20,RL,100.0,21750,Pave,Reg,HLS,AllPub,Inside,Mod,Mitchel,Artery,Norm,1Fam,1Story,5,5,1954,1954,Hip,CompShg,HdBoard,HdBoard,0.0,TA,TA,CBlock,TA,TA,No,Unf,0,Unf,0,988,988,GasA,Ex,Y,FuseA,988,0,0,988,0,0,1,0,2,1,TA,4,Typ,0,,Attchd,1954.0,RFn,2,520,TA,TA,N,0,0,0,0,0,0,0,2,2008,WD,Normal,113000,1976,1.0,0,0.9989888776541962,0.04542528735632184,0.5,54,0,0,1,4940,2.0,25,976144
424,60,RL,80.0,9200,Pave,Reg,Lvl,AllPub,Inside,Gtl,NoRidge,Norm,Norm,1Fam,2Story,8,5,1998,1998,Gable,CompShg,VinylSd,VinylSd,473.0,Gd,TA,PConc,Gd,TA,No,GLQ,986,Unf,0,484,1470,GasA,Gd,Y,SBrkr,1470,1160,0,2630,1,0,2,1,4,1,Gd,8,Typ,1,TA,Attchd,1998.0,Fin,3,696,TA,TA,Y,0,66,0,0,0,0,0,6,2008,WD,Normal,315000,4100,3.5,66,7.455670103092784,0.2858695652173913,0.35853658536585364,10,0,1,1,21040,14.0,64,6916900
425,20,RL,72.0,9000,Pave,Reg,Lvl,AllPub,Inside,Gtl,NAmes,Norm,Norm,1Fam,1Story,6,5,1956,1956,Gable,CompShg,Wd Sdng,Wd Sdng,74.0,TA,TA,CBlock,Gd,TA,No,LwQ,616,Unf,0,580,1196,GasA,Gd,Y,FuseA,1196,0,0,1196,1,0,1,0,2,1,TA,6,Typ,1,Gd,Attchd,1956.0,RFn,1,297,TA,TA,Y,0,44,0,0,0,0,0,5,2008,WD,Normal,139000,2392,2.0,44,3.1187607573149743,0.1328888888888889,0.5,52,0,0,1,7176,4.0,36,1430416
426,60,RM,60.0,3378,Pave,Reg,HLS,AllPub,Inside,Gtl,OldTown,Norm,Norm,1Fam,2Story,7,8,1946,1992,Gable,CompShg,HdBoard,HdBoard,0.0,TA,Gd,CBlock,TA,TA,No,Unf,0,Unf,0,651,651,GasA,Gd,Y,SBrkr,707,682,0,1389,0,0,1,1,3,1,TA,6,Typ,2,Gd,Detchd,1947.0,Unf,1,240,TA,TA,P,0,0,126,0,0,0,0,9,2009,WD,Normal,135000,2040,1.5,126,2.1303680981595092,0.411190053285968,0.3191176470588235,63,0,1,1,9723,4.5,49,1929321
427,80,RL,69.0,12800,Pave,Reg,Low,AllPub,Inside,Mod,SawyerW,Norm,Norm,1Fam,SLvl,7,5,1989,1989,Gable,CompShg,Wd Sdng,Wd Sdng,145.0,Gd,TA,PConc,Gd,TA,Gd,GLQ,1518,Unf,0,0,1518,GasA,Gd,Y,SBrkr,1644,0,0,1644,1,1,2,0,2,1,Gd,5,Typ,1,TA,Attchd,1989.0,Fin,2,569,TA,TA,Y,80,0,0,0,396,0,0,8,2009,WD,Normal,275000,3162,3.5,396,3162.0,0.1284375,0.48007590132827327,20,0,0,1,11508,7.0,49,2702736
428,20,RL,77.0,8593,Pave,IR1,Lvl,AllPub,Inside,Gtl,NAmes,Norm,Norm,1Fam,1Story,4,6,1957,1957,Hip,CompShg,MetalSd,MetalSd,0.0,TA,TA,CBlock,TA,TA,No,Rec,288,Unf,0,619,907,GasA,Ex,Y,SBrkr,907,0,0,907,0,0,1,0,3,1,TA,5,Typ,0,,Detchd,1964.0,Unf,1,352,TA,TA,Y,0,0,0,0,0,0,0,7,2008,WD,Normal,109008,1814,1.0,0,1.9274193548387097,0.1055510299080647,0.5,51,0,0,1,3628,3.0,16,822649
429,20,RL,64.0,6762,Pave,Reg,Lvl,AllPub,Inside,Gtl,CollgCr,Norm,Norm,1Fam,1Story,7,5,2007,2007,Gable,CompShg,VinylSd,VinylSd,108.0,Gd,TA,PConc,Gd,TA,No,GLQ,664,Unf,0,544,1208,GasA,Ex,Y,SBrkr,1208,0,0,1208,1,0,2,0,2,1,Gd,6,Typ,0,,Attchd,2007.0,RFn,2,628,TA,TA,Y,105,54,0,0,0,0,0,9,2007,New,Partial,195400,2416,3.0,54,3.434862385321101,0.17864537119195503,0.5,0,1,0,1,8456,6.0,49,1459264
430,20,RL,130.0,11457,Pave,IR1,Lvl,AllPub,Corner,Gtl,Timber,Norm,Norm,1Fam,1Story,6,5,1988,1988,Gable,CompShg,HdBoard,HdBoard,0.0,TA,TA,CBlock,Gd,TA,Mn,GLQ,1005,Unf,0,387,1392,GasA,TA,Y,SBrkr,1412,0,0,1412,1,0,2,0,3,1,Gd,6,Typ,1,TA,Attchd,1988.0,Unf,2,576,TA,TA,Y,0,0,169,0,0,0,0,3,2009,WD,Normal,175000,2804,3.0,169,6.229381443298969,0.12324343196299206,0.4964336661911555,21,0,0,1,8472,9.0,36,1993744
431,160,RM,21.0,1680,Pave,Reg,Lvl,AllPub,Inside,Gtl,BrDale,Norm,Norm,Twnhs,2Story,6,5,1971,1971,Gable,CompShg,HdBoard,HdBoard,232.0,TA,TA,CBlock,TA,TA,No,ALQ,387,Unf,0,96,483,GasA,TA,Y,SBrkr,483,504,0,987,0,0,1,1,2,1,TA,4,Typ,0,,Detchd,1971.0,Unf,1,264,TA,TA,Y,0,0,0,0,0,0,0,7,2008,COD,Abnorml,85400,1470,1.5,0,14.164948453608247,0.5875,0.32857142857142857,37,0,1,1,5922,3.0,36,974169
432,50,RM,60.0,5586,Pave,IR1,Bnk,AllPub,Inside,Gtl,OldTown,Feedr,Norm,1Fam,1.5Fin,6,7,1920,1998,Gable,CompShg,MetalSd,MetalSd,0.0,TA,TA,BrkTil,TA,TA,No,Unf,0,Unf,0,901,901,GasA,Gd,Y,SBrkr,1088,110,0,1198,0,0,1,0,4,1,TA,7,Typ,0,,,0.0,,0,0,,,N,0,98,0,0,0,0,0,9,2008,ConLD,Abnorml,79900,2099,1.0,98,1.328159645232816,0.21446473326172574,0.4292520247737018,88,0,1,0,7188,4.0,36,1435204
433,160,RM,24.0,1920,Pave,Reg,Lvl,AllPub,Inside,Gtl,BrDale,Norm,Norm,TwnhsE,2Story,5,5,1971,1971,Gable,CompShg,HdBoard,HdBoard,376.0,TA,TA,CBlock,TA,TA,No,ALQ,471,Unf,0,294,765,GasA,Ex,Y,SBrkr,765,600,0,1365,1,0,1,1,2,1,TA,6,Min1,0,,Detchd,1971.0,Unf,2,440,TA,TA,Y,240,36,0,0,0,0,0,8,2007,WD,Normal,122500,2130,2.5,36,6.223728813559322,0.7109375,0.3591549295774648,36,0,1,1,6825,5.0,25,1863225
434,60,RL,100.0,10839,Pave,IR1,Lvl,AllPub,Corner,Gtl,Gilbert,Norm,Norm,1Fam,2Story,6,5,1997,1998,Gable,CompShg,VinylSd,VinylSd,0.0,TA,TA,PConc,Gd,TA,No,Unf,0,Unf,0,926,926,GasA,Ex,Y,SBrkr,926,678,0,1604,0,0,2,1,3,1,TA,7,Typ,1,TA,Attchd,1997.0,Fin,2,470,TA,TA,Y,0,36,0,0,0,0,0,7,2008,WD,Normal,181000,2530,2.5,36,1.7303128371089536,0.14798413137743335,0.3660079051383399,11,0,1,1,9624,7.5,36,2572816
435,180,RM,21.0,1890,Pave,Reg,Lvl,AllPub,Inside,Gtl,MeadowV,Norm,Norm,Twnhs,SFoyer,4,7,1972,1972,Gable,CompShg,CemntBd,CmentBd,0.0,TA,Gd,CBlock,Gd,TA,Av,ALQ,495,Unf,0,135,630,GasA,Gd,Y,SBrkr,630,0,0,630,1,0,1,0,1,1,TA,3,Typ,0,,,0.0,,0,0,,,Y,88,0,0,0,0,0,0,6,2008,WD,Normal,81000,1260,2.0,0,8.272058823529411,0.3333333333333333,0.5,36,0,0,0,2520,2.0,16,396900
436,60,RL,43.0,10667,Pave,IR2,Lvl,AllPub,CulDSac,Gtl,CollgCr,PosN,Norm,1Fam,2Story,7,6,1996,1996,Gable,CompShg,VinylSd,VinylSd,0.0,Gd,TA,PConc,Gd,TA,Av,GLQ,385,ALQ,344,70,799,GasA,Ex,Y,SBrkr,827,834,0,1661,1,0,2,1,3,1,Gd,6,Typ,1,TA,Attchd,1996.0,RFn,2,550,TA,TA,Y,158,61,0,0,0,0,0,4,2009,ConLw,Normal,212000,2460,3.5,61,33.66197183098591,0.15571388394112684,0.32479674796747965,13,0,1,1,11627,10.5,49,2758921
437,50,RM,40.0,4400,Pave,Reg,Lvl,AllPub,Inside,Gtl,OldTown,Norm,Norm,1Fam,1.5Fin,6,8,1920,1950,Gable,CompShg,Stucco,Stucco,0.0,TA,TA,BrkTil,Fa,TA,No,Unf,0,Unf,0,648,648,GasA,TA,Y,FuseA,734,384,0,1118,0,0,1,0,2,1,TA,6,Typ,0,,Detchd,1990.0,Unf,2,440,TA,TA,Y,0,0,0,0,0,0,0,10,2006,WD,Normal,116000,1766,1.0,0,1.7226502311248073,0.2540909090909091,0.3669309173272933,86,0,1,1,6708,2.0,36,1249924
438,45,RM,50.0,6000,Pave,Reg,Lvl,AllPub,Inside,Gtl,BrkSide,Norm,Norm,1Fam,1.5Unf,6,7,1926,2004,Gable,CompShg,Wd Sdng,Wd Sdng,0.0,Gd,TA,PConc,TA,TA,No,Unf,0,Unf,0,884,884,GasA,Gd,Y,SBrkr,904,0,0,904,0,0,1,0,2,1,TA,4,Typ,0,,Detchd,1926.0,Unf,1,180,TA,TA,Y,0,0,105,0,0,0,0,1,2009,WD,Normal,119000,1788,1.0,105,1.0214689265536723,0.15066666666666667,0.49440715883668906,83,0,0,1,5424,2.0,36,817216
439,30,RL,40.0,4280,Pave,Reg,Lvl,AllPub,Inside,Gtl,Crawfor,Norm,Norm,1Fam,1Story,5,6,1913,2002,Gable,CompShg,WdShing,Stucco,0.0,TA,TA,PConc,TA,TA,No,LwQ,365,Unf,0,75,440,GasA,TA,N,SBrkr,694,0,0,694,0,0,1,0,2,1,Gd,4,Typ,1,Gd,Detchd,1990.0,Unf,1,352,Gd,TA,P,0,0,34,0,0,0,0,3,2007,WD,Normal,90350,1134,1.0,34,13.93421052631579,0.16214953271028038,0.3880070546737213,94,0,0,1,3470,2.0,25,481636
440,50,RL,67.0,12354,Pave,Reg,Lvl,AllPub,Corner,Gtl,Edwards,Norm,Norm,1Fam,1.5Fin,6,8,1920,2000,Gable,CompShg,Wd Sdng,Wd Sdng,0.0,TA,TA,BrkTil,TA,Fa,Mn,Unf,0,Unf,0,684,684,GasA,Gd,Y,SBrkr,684,512,0,1196,0,0,1,0,3,1,Gd,7,Typ,0,,Detchd,2005.0,Unf,2,528,TA,TA,Y,0,46,0,0,0,0,800,8,2009,ConLI,Normal,110000,1880,1.0,46,1.745985401459854,0.09681074955480007,0.3638297872340426,89,0,1,1,7176,3.0,36,1430416
441,20,RL,105.0,15431,Pave,Reg,Lvl,AllPub,Inside,Gtl,NridgHt,Norm,Norm,1Fam,1Story,10,5,2008,2008,Hip,CompShg,VinylSd,VinylSd,200.0,Ex,TA,PConc,Ex,TA,Gd,GLQ,1767,ALQ,539,788,3094,GasA,Ex,Y,SBrkr,2402,0,0,2402,1,0,2,0,2,1,Ex,10,Typ,2,Gd,Attchd,2008.0,Fin,3,672,TA,TA,Y,0,72,0,0,170,0,0,4,2009,WD,Normal,555000,5496,3.0,242,5.967046894803548,0.1556606830406325,0.5629548762736536,1,1,0,1,24020,6.0,100,5769604
442,90,RL,92.0,12108,Pave,Reg,Lvl,AllPub,Inside,Gtl,Edwards,Norm,Norm,Duplex,1Story,4,4,1955,1955,Gable,CompShg,VinylSd,VinylSd,270.0,TA,TA,CBlock,TA,TA,No,ALQ,133,Unf,0,1307,1440,GasA,TA,N,FuseF,1440,0,0,1440,0,0,2,0,4,2,Fa,8,Typ,0,,,0.0,,0,0,,,Y,0,0,0,0,0,0,0,9,2008,WD,Normal,118000,2880,2.0,0,1.202599388379205,0.11892963330029732,0.5,53,0,0,0,5760,8.0,16,2073600
443,50,RM,52.0,6240,Pave,Reg,Lvl,AllPub,Inside,Gtl,BrkSide,Norm,Norm,1Fam,1.5Fin,5,7,1930,1992,Gable,CompShg,MetalSd,MetalSd,0.0,TA,TA,PConc,TA,TA,No,Unf,0,Unf,0,1078,1078,GasA,TA,Y,SBrkr,1128,445,0,1573,0,0,2,0,3,1,TA,8,Typ,1,Gd,Detchd,1930.0,Unf,2,360,TA,TA,P,0,0,0,0,0,0,0,6,2008,WD,Normal,162900,2651,2.0,0,1.4578313253012047,0.2520833333333333,0.4066390041493776,78,0,1,1,7865,6.0,25,2474329
444,120,RL,53.0,3922,Pave,Reg,Lvl,AllPub,Inside,Gtl,Blmngtn,Norm,Norm,TwnhsE,1Story,7,5,2006,2007,Gable,CompShg,WdShing,Wd Shng,72.0,Gd,TA,PConc,Ex,TA,Av,Unf,0,Unf,0,1258,1258,GasA,Ex,Y,SBrkr,1258,0,0,1258,0,0,2,0,2,1,Gd,6,Typ,1,Gd,Attchd,2007.0,Fin,3,648,TA,TA,Y,144,16,0,0,0,0,0,6,2007,New,Partial,172500,2516,2.0,16,0.9992057188244639,0.32075471698113206,0.5,1,1,0,1,8806,4.0,49,1582564
445,60,RL,70.0,8750,Pave,Reg,Lvl,AllPub,Inside,Gtl,CollgCr,Norm,Norm,1Fam,2Story,7,5,1994,1995,Gable,CompShg,VinylSd,VinylSd,0.0,Gd,Gd,PConc,Gd,TA,No,GLQ,642,Unf,0,273,915,GasA,Ex,Y,SBrkr,933,975,0,1908,1,0,2,1,4,1,Gd,8,Typ,1,TA,Attchd,1994.0,Unf,2,493,TA,TA,Y,144,133,0,0,0,0,0,7,2008,WD,Normal,210000,2823,3.5,133,9.306569343065693,0.21805714285714287,0.3241232731137088,14,0,1,1,13356,14.0,49,3640464
446,20,RL,73.0,9855,Pave,Reg,Lvl,AllPub,Corner,Gtl,Edwards,Norm,Norm,1Fam,1Story,6,5,1956,1956,Hip,CompShg,Wd Sdng,Wd Sdng,0.0,TA,TA,CBlock,TA,TA,No,Unf,0,Unf,0,1436,1436,GasA,Fa,Y,SBrkr,1689,0,0,1689,0,0,1,0,3,1,TA,7,Typ,1,Gd,Attchd,1956.0,Unf,2,480,TA,TA,Y,0,0,0,0,0,0,0,11,2009,COD,Normal,127500,3125,1.0,0,1.1753653444676408,0.17138508371385083,0.45952,53,0,0,1,10134,3.0,36,2852721
447,20,RL,137.0,16492,Pave,IR1,Lvl,AllPub,Corner,Gtl,NAmes,PosA,Norm,1Fam,1Story,6,6,1966,2002,Gable,CompShg,BrkFace,Plywood,0.0,Gd,TA,CBlock,TA,TA,No,ALQ,247,Rec,713,557,1517,GasA,Ex,Y,SBrkr,1888,0,0,1888,0,0,2,1,2,1,Gd,6,Mod,1,Gd,Attchd,1966.0,Fin,2,578,TA,TA,Y,0,0,0,0,0,0,0,6,2010,WD,Normal,190000,3405,2.5,0,5.103942652329749,0.11447974775648799,0.44552129221732745,44,0,0,1,11328,5.0,36,3564544
448,60,RL,69.0,11214,Pave,IR1,Lvl,AllPub,Corner,Gtl,Gilbert,Norm,Norm,1Fam,2Story,7,5,1998,1999,Gable,CompShg,VinylSd,VinylSd,0.0,Gd,TA,PConc,Gd,TA,No,Unf,0,Unf,0,930,930,GasA,Gd,Y,SBrkr,956,930,0,1886,0,0,2,1,4,1,Gd,10,Typ,1,TA,Attchd,1998.0,Fin,2,431,TA,TA,Y,89,0,0,0,0,0,0,7,2006,WD,Normal,199900,2816,2.5,0,2.0257787325456498,0.16818262885678617,0.3302556818181818,8,0,1,1,13202,10.0,49,3556996
449,50,RM,50.0,8600,Pave,Reg,Bnk,AllPub,Inside,Gtl,IDOTRR,Norm,Norm,1Fam,1.5Fin,6,6,1937,1950,Gable,CompShg,MetalSd,MetalSd,0.0,TA,TA,BrkTil,TA,TA,No,Unf,0,Unf,0,780,780,GasA,TA,Y,SBrkr,780,596,0,1376,0,0,2,0,3,1,TA,7,Typ,1,Gd,Detchd,1937.0,Unf,1,198,TA,TA,N,0,0,0,0,0,0,0,6,2006,WD,Normal,119500,2156,2.0,0,1.7618437900128041,0.16,0.36178107606679033,69,0,1,1,8256,6.0,36,1893376
450,50,RM,50.0,6000,Pave,Reg,Lvl,AllPub,Inside,Gtl,OldTown,Norm,Norm,1Fam,1.5Fin,3,7,1948,2002,Gable,CompShg,MetalSd,MetalSd,0.0,TA,Gd,CBlock,TA,TA,No,ALQ,331,Unf,0,318,649,GasA,Ex,Y,SBrkr,679,504,0,1183,0,0,1,1,2,1,TA,6,Typ,0,,Detchd,1981.0,Unf,1,308,TA,TA,Y,0,176,0,0,0,0,0,6,2007,WD,Normal,120000,1832,1.5,176,4.746081504702194,0.19716666666666666,0.35425764192139736,59,0,1,1,3549,3.0,9,1399489
451,30,RM,70.0,5684,Pave,Reg,Lvl,AllPub,Inside,Gtl,OldTown,Norm,Norm,1Fam,1Story,6,8,1930,2005,Hip,CompShg,Wd Sdng,Wd Sdng,0.0,TA,TA,BrkTil,TA,TA,No,Unf,0,Unf,0,813,813,GasA,Ex,Y,FuseA,813,0,0,813,0,0,1,0,2,1,Gd,5,Typ,0,,Detchd,1932.0,Unf,1,270,Fa,Fa,N,0,113,0,0,0,0,0,6,2006,WD,Normal,110000,1626,1.0,113,0.9987714987714987,0.14303307529908516,0.5,76,0,0,1,4878,2.0,36,660969
452,20,RL,62.0,70761,Pave,IR1,Low,AllPub,Inside,Mod,ClearCr,Norm,Norm,1Fam,1Story,7,5,1975,1975,Gable,WdShngl,Plywood,Plywood,0.0,TA,TA,CBlock,Gd,TA,Gd,ALQ,655,Unf,0,878,1533,GasA,TA,Y,SBrkr,1533,0,0,1533,1,0,2,0,2,1,Gd,5,Typ,2,TA,Attchd,1975.0,Unf,2,576,TA,TA,Y,200,54,0,0,0,0,0,12,2006,WD,Normal,280000,3066,3.0,54,2.489192263936291,0.021664476194513928,0.5,31,0,0,1,10731,6.0,49,2350089
453,60,RL,69.0,9303,Pave,IR1,Lvl,AllPub,Corner,Gtl,Timber,Norm,Norm,1Fam,2Story,6,5,1996,1997,Hip,CompShg,VinylSd,VinylSd,42.0,Gd,TA,PConc,Ex,TA,No,ALQ,742,Unf,0,130,872,GasA,Ex,Y,SBrkr,888,868,0,1756,1,0,2,1,3,1,TA,7,Typ,0,,Attchd,1996.0,Fin,2,422,TA,TA,Y,144,122,0,0,0,0,0,7,2007,WD,Normal,204000,2628,3.5,122,19.068702290076335,0.18875631516715038,0.3318112633181126,11,0,1,1,10536,10.5,36,3083536
454,60,FV,75.0,9000,Pave,Reg,Lvl,AllPub,Inside,Gtl,Somerst,Norm,Norm,1Fam,2Story,8,5,2008,2008,Gable,CompShg,VinylSd,VinylSd,0.0,Gd,TA,PConc,Gd,TA,No,Unf,0,Unf,0,768,768,GasA,Ex,Y,SBrkr,786,804,0,1590,0,0,2,1,3,1,Gd,6,Typ,0,,Attchd,2008.0,RFn,2,676,TA,TA,Y,0,30,0,0,0,0,0,6,2009,WD,Normal,210000,2358,2.5,30,2.067620286085826,0.17666666666666667,0.3256997455470738,1,1,1,1,12720,7.5,64,2528100
455,90,RL,63.0,9297,Pave,Reg,Lvl,AllPub,Inside,Gtl,Mitchel,Norm,Norm,Duplex,1Story,5,5,1976,1976,Gable,CompShg,Plywood,Plywood,0.0,TA,TA,CBlock,TA,TA,No,ALQ,1606,Unf,0,122,1728,GasA,TA,Y,SBrkr,1728,0,0,1728,2,0,2,0,4,2,TA,8,Typ,0,,Detchd,1976.0,Unf,2,560,TA,TA,Y,0,0,0,0,0,0,0,7,2006,WD,Family,188000,3456,4.0,0,27.10569105691057,0.18586640851887706,0.5,30,0,0,1,8640,16.0,25,2985984
456,20,RL,80.0,9600,Pave,Reg,Lvl,AllPub,Inside,Gtl,NWAmes,Norm,Norm,1Fam,1Story,7,6,1973,1973,Hip,CompShg,HdBoard,HdBoard,320.0,TA,TA,CBlock,TA,TA,No,ALQ,916,Unf,0,326,1242,GasA,Fa,Y,SBrkr,1242,0,0,1242,0,0,1,1,3,1,TA,6,Typ,1,TA,Attchd,1973.0,Unf,2,528,TA,TA,Y,0,0,0,0,0,0,0,9,2007,WD,Normal,175500,2484,1.5,0,6.599388379204893,0.129375,0.5,34,0,0,1,8694,4.5,49,1542564
457,70,RM,34.0,4571,Pave,Reg,Lvl,AllPub,Inside,Gtl,OldTown,Norm,Norm,1Fam,2Story,5,5,1916,1950,Gable,CompShg,AsbShng,AsbShng,0.0,TA,TA,BrkTil,TA,TA,No,Unf,0,Unf,0,624,624,GasA,Fa,N,SBrkr,624,720,0,1344,0,0,1,0,4,1,TA,7,Typ,0,,Detchd,1916.0,Unf,3,513,Fa,Fa,Y,0,0,96,0,0,0,0,5,2008,COD,Abnorml,98000,1968,1.0,96,2.1504,0.29402756508422667,0.3170731707317073,92,0,1,1,6720,4.0,25,1806336
458,20,RL,69.0,53227,Pave,IR1,Low,AllPub,CulDSac,Mod,ClearCr,Norm,Norm,1Fam,1Story,4,6,1954,1994,Flat,Tar&Grv,Plywood,Plywood,0.0,TA,TA,CBlock,Gd,TA,Gd,BLQ,1116,Unf,0,248,1364,GasA,Ex,Y,SBrkr,1663,0,0,1663,1,0,1,0,2,1,Gd,6,Min1,2,Gd,Attchd,1954.0,Fin,2,529,TA,TA,Y,224,137,0,0,0,0,0,3,2008,WD,Normal,256000,3027,2.0,137,11.160642570281125,0.031243541811486652,0.4506111661711265,54,0,0,1,6652,4.0,16,2765569
459,70,RM,69.0,5100,Pave,Reg,Lvl,AllPub,Inside,Gtl,OldTown,Norm,Norm,1Fam,2Story,8,7,1925,1996,Hip,CompShg,Stucco,Wd Shng,0.0,TA,Gd,PConc,TA,TA,No,Unf,0,Unf,0,588,588,GasA,Fa,Y,SBrkr,833,833,0,1666,0,0,1,0,3,1,Gd,7,Typ,1,Gd,Detchd,1925.0,Unf,1,228,TA,TA,Y,192,63,0,0,0,0,0,6,2008,WD,Normal,161000,2254,1.0,63,2.828522920203735,0.32666666666666666,0.2608695652173913,83,0,1,1,13328,3.0,64,2775556
460,50,RL,69.0,7015,Pave,IR1,Bnk,AllPub,Corner,Gtl,BrkSide,Norm,Norm,1Fam,1.5Fin,5,4,1950,1950,Gable,CompShg,MetalSd,MetalSd,161.0,TA,TA,CBlock,TA,TA,No,LwQ,185,Unf,0,524,709,GasA,TA,Y,SBrkr,979,224,0,1203,1,0,1,0,3,1,Gd,5,Typ,1,TA,Detchd,1950.0,Unf,1,352,TA,TA,Y,0,0,248,0,0,0,0,7,2009,WD,Normal,110000,1912,2.0,248,2.643809523809524,0.1714896650035638,0.37081589958158995,59,0,1,1,6015,6.0,25,1447209
461,60,FV,75.0,8004,Pave,IR1,Lvl,AllPub,Inside,Gtl,Somerst,RRAn,Norm,1Fam,2Story,8,5,2009,2009,Gable,CompShg,VinylSd,VinylSd,110.0,Gd,TA,PConc,Gd,TA,No,GLQ,544,Unf,0,288,832,GasA,Ex,Y,SBrkr,832,1103,0,1935,1,0,2,1,3,1,TA,8,Typ,0,,BuiltIn,2009.0,Fin,2,552,TA,TA,Y,0,150,0,0,0,0,0,12,2009,New,Partial,263435,2767,3.5,150,8.577854671280276,0.24175412293853074,0.3006866642573184,0,1,1,1,15480,10.5,64,3744225
462,70,RL,60.0,7200,Pave,Reg,Lvl,AllPub,Inside,Gtl,SWISU,Feedr,Norm,1Fam,2Story,7,9,1936,2007,Gable,CompShg,Wd Sdng,Wd Sdng,0.0,Gd,Gd,PConc,Gd,Gd,No,ALQ,350,BLQ,210,0,560,GasA,Ex,Y,SBrkr,575,560,0,1135,1,0,1,0,3,1,Gd,6,Typ,0,,Detchd,1971.0,RFn,2,576,TA,TA,Y,256,0,0,0,0,0,0,4,2009,WD,Normal,155000,1695,2.0,0,1695.0,0.15763888888888888,0.3303834808259587,73,0,1,1,7945,6.0,49,1288225
463,20,RL,60.0,8281,Pave,IR1,Lvl,AllPub,Inside,Gtl,Sawyer,Norm,Norm,1Fam,1Story,5,5,1965,1965,Gable,CompShg,MetalSd,MetalSd,0.0,TA,TA,CBlock,TA,TA,No,Rec,553,BLQ,311,0,864,GasA,Gd,Y,SBrkr,864,0,0,864,0,0,1,0,3,1,TA,5,Typ,1,Po,Detchd,1965.0,Unf,1,360,TA,TA,Y,0,0,236,0,0,0,0,12,2009,WD,Normal,62383,1728,1.0,236,1728.0,0.1043352252143461,0.5,44,0,0,1,4320,3.0,25,746496
464,70,RL,74.0,11988,Pave,IR1,HLS,AllPub,Inside,Mod,Crawfor,Norm,Norm,1Fam,2Story,6,7,1934,1995,Hip,CompShg,Stucco,Stucco,0.0,TA,TA,CBlock,TA,TA,No,LwQ,326,Unf,0,389,715,GasA,Fa,Y,FuseA,849,811,0,1660,0,0,1,1,3,1,TA,6,Typ,1,Gd,Detchd,1939.0,Unf,1,240,TA,TA,Y,0,0,0,0,0,0,0,8,2008,WD,Normal,188700,2375,1.5,0,5.092307692307692,0.1384718051384718,0.30105263157894735,74,0,1,1,9960,4.5,36,2755600
465,20,RL,60.0,8430,Pave,Reg,HLS,AllPub,Inside,Mod,CollgCr,Norm,Norm,1Fam,1Story,5,5,1978,1978,Gable,CompShg,HdBoard,HdBoard,136.0,TA,TA,CBlock,Gd,TA,No,Rec,616,Unf,0,424,1040,GasA,TA,Y,SBrkr,1040,0,0,1040,0,0,2,0,3,1,TA,5,Typ,0,,,0.0,,0,0,,,Y,0,0,0,0,0,0,0,8,2009,WD,Normal,124000,2080,2.0,0,3.896470588235294,0.12336892052194544,0.5,31,0,0,0,5200,6.0,25,1081600
466,120,RM,69.0,3072,Pave,Reg,Lvl,AllPub,Inside,Gtl,Blmngtn,Norm,Norm,TwnhsE,1Story,7,5,2004,2004,Hip,CompShg,VinylSd,VinylSd,18.0,Gd,TA,PConc,Gd,TA,No,Unf,0,Unf,0,1375,1375,GasA,Ex,Y,SBrkr,1414,0,0,1414,0,0,2,0,2,1,Gd,6,Typ,1,TA,Attchd,2004.0,Fin,2,398,TA,TA,Y,144,20,0,0,0,0,0,5,2006,WD,Normal,178740,2789,2.0,20,1.0276162790697674,0.4602864583333333,0.49300824668339904,2,1,0,1,9898,4.0,49,1999396
467,20,RL,85.0,10628,Pave,Reg,Lvl,AllPub,Inside,Gtl,NAmes,Norm,Norm,1Fam,1Story,7,5,1970,1970,Flat,Tar&Grv,Plywood,Plywood,0.0,TA,Gd,CBlock,TA,Gd,Gd,GLQ,778,Unf,0,499,1277,GasA,TA,Y,SBrkr,1277,0,0,1277,1,0,1,0,2,1,TA,5,Typ,1,Po,Attchd,1970.0,Unf,2,526,TA,TA,Y,0,0,0,0,176,0,0,4,2007,WD,Normal,167000,2554,2.0,176,4.11,0.12015430937147159,0.5,37,0,0,1,8939,4.0,49,1630729
468,70,RL,79.0,9480,Pave,Reg,Lvl,AllPub,Inside,Gtl,NAmes,Artery,Norm,1Fam,2Story,5,7,1942,1995,Gable,CompShg,MetalSd,MetalSd,224.0,TA,TA,CBlock,TA,TA,No,LwQ,386,Unf,0,342,728,GasA,Ex,Y,SBrkr,888,756,0,1644,0,0,1,1,3,1,Gd,7,Typ,2,Gd,Attchd,1942.0,Unf,1,312,TA,TA,Y,168,0,0,0,0,0,0,6,2007,WD,Normal,146500,2372,1.5,0,5.918367346938775,0.17341772151898735,0.3069139966273187,65,0,1,1,8220,4.5,25,2702736
469,20,RL,98.0,11428,Pave,IR1,Lvl,AllPub,Inside,Gtl,NridgHt,Norm,Norm,1Fam,1Story,8,5,2006,2006,Gable,CompShg,VinylSd,VinylSd,248.0,Gd,TA,PConc,Gd,TA,No,Unf,0,Unf,0,1626,1626,GasA,Ex,Y,SBrkr,1634,0,0,1634,0,0,2,0,3,1,Gd,7,Typ,1,Gd,Attchd,2006.0,RFn,3,866,TA,TA,Y,0,44,0,0,0,0,0,5,2007,WD,Normal,250000,3260,2.0,44,1.0043023970497849,0.14298214910745538,0.49877300613496933,1,1,0,1,13072,6.0,64,2669956
470,60,RL,76.0,9291,Pave,IR1,Lvl,AllPub,Corner,Gtl,SawyerW,RRNe,Norm,1Fam,2Story,6,5,1993,1993,Gable,CompShg,HdBoard,HdBoard,120.0,Gd,TA,PConc,Gd,TA,No,GLQ,426,Unf,0,406,832,GasA,Ex,Y,SBrkr,832,878,0,1710,0,0,2,1,3,1,Gd,7,Typ,0,,Attchd,1993.0,RFn,2,506,TA,TA,Y,144,70,0,0,0,0,0,6,2008,WD,Normal,187000,2542,2.5,70,5.2481572481572485,0.18404907975460122,0.32730133752950435,15,0,1,1,10260,7.5,36,2924100
471,120,RL,69.0,6820,Pave,IR1,Lvl,AllPub,Corner,Gtl,StoneBr,Norm,Norm,TwnhsE,1Story,8,5,1985,1985,Gable,CompShg,HdBoard,HdBoard,0.0,Gd,TA,PConc,Gd,TA,Av,GLQ,368,BLQ,1120,0,1488,GasA,TA,Y,SBrkr,1502,0,0,1502,1,0,1,1,1,1,Gd,4,Typ,0,,Attchd,1985.0,RFn,2,528,TA,TA,Y,0,54,0,0,140,0,0,6,2010,WD,Normal,212000,2990,2.5,194,2990.0,0.22023460410557186,0.49765886287625416,25,0,0,1,12016,2.5,64,2256004
472,60,RL,92.0,11952,Pave,Reg,Lvl,AllPub,Inside,Gtl,NWAmes,PosA,Norm,1Fam,2Story,7,6,1977,1977,Mansard,WdShake,WdShing,Plywood,0.0,TA,TA,CBlock,Gd,TA,No,Unf,0,Unf,0,808,808,GasA,TA,Y,SBrkr,1161,808,0,1969,0,0,2,1,3,1,TA,8,Typ,1,Gd,Attchd,1977.0,RFn,2,534,TA,TA,Y,0,0,0,0,276,0,0,11,2007,WD,Normal,190000,2777,2.5,276,2.4338689740420274,0.16474230254350736,0.29096146921137916,30,0,1,1,13783,7.5,49,3876961
473,180,RM,35.0,3675,Pave,Reg,Lvl,AllPub,Inside,Gtl,Edwards,Norm,Norm,TwnhsE,SLvl,6,5,2005,2005,Gable,CompShg,VinylSd,VinylSd,80.0,TA,TA,PConc,Gd,TA,Gd,GLQ,459,Unf,0,88,547,GasA,Ex,Y,SBrkr,1072,0,0,1072,1,0,1,0,2,1,TA,5,Typ,0,,Basment,2005.0,RFn,2,525,TA,TA,Y,0,28,0,0,0,0,0,6,2008,WD,Normal,148000,1619,2.0,28,17.202247191011235,0.2917006802721088,0.3378628783199506,3,1,0,1,6432,4.0,36,1149184
474,20,RL,110.0,14977,Pave,IR1,Lvl,AllPub,Inside,Gtl,NridgHt,Norm,Norm,1Fam,1Story,8,5,2006,2007,Gable,CompShg,VinylSd,VinylSd,304.0,Gd,TA,PConc,Ex,TA,Gd,GLQ,1350,Unf,0,626,1976,GasA,Ex,Y,SBrkr,1976,0,0,1976,1,0,2,0,2,1,Gd,7,Typ,1,Ex,Attchd,2006.0,RFn,3,908,TA,TA,Y,250,63,0,0,0,0,0,7,2007,New,Partial,440000,3952,3.0,63,5.304625199362041,0.131935634639781,0.5,1,1,0,1,15808,6.0,64,3904576
475,120,RL,41.0,5330,Pave,Reg,Lvl,AllPub,Inside,Gtl,StoneBr,Norm,Norm,TwnhsE,1Story,8,5,2000,2000,Gable,CompShg,CemntBd,CmentBd,0.0,Gd,TA,PConc,Gd,TA,Av,GLQ,1196,Unf,0,298,1494,GasA,Ex,Y,SBrkr,1652,0,0,1652,1,0,2,0,2,1,Ex,6,Typ,0,,Attchd,2000.0,RFn,2,499,TA,TA,Y,96,48,0,0,0,0,0,8,2007,WD,Normal,251000,3146,3.0,48,9.525083612040135,0.3099437148217636,0.47488874761602035,7,0,0,1,13216,6.0,64,2729104
476,20,RL,80.0,8480,Pave,Reg,Lvl,AllPub,Corner,Gtl,Sawyer,Norm,Norm,1Fam,1Story,5,6,1963,1963,Hip,CompShg,HdBoard,HdBoard,0.0,TA,TA,CBlock,TA,TA,No,GLQ,630,Unf,0,340,970,GasA,TA,Y,SBrkr,970,0,0,970,1,0,1,0,2,1,TA,5,Typ,0,,Detchd,1996.0,Unf,2,624,TA,TA,Y,0,24,0,0,192,0,0,7,2007,WD,Normal,132500,1940,2.0,216,4.69208211143695,0.11438679245283019,0.5,44,0,0,1,4850,4.0,25,940900
477,20,RL,75.0,13125,Pave,Reg,Lvl,AllPub,Inside,Mod,CollgCr,Norm,Norm,1Fam,1Story,6,5,1997,1998,Gable,CompShg,VinylSd,VinylSd,215.0,TA,TA,PConc,Gd,TA,Gd,GLQ,994,Unf,0,484,1478,GasA,Ex,Y,SBrkr,1493,0,0,1493,1,0,2,0,3,1,Gd,7,Typ,1,TA,Attchd,1997.0,Fin,2,508,TA,TA,Y,140,39,0,0,0,0,0,4,2008,WD,Normal,208900,2971,3.0,39,5.127835051546392,0.11375238095238095,0.49747559744193875,11,0,0,1,8958,9.0,36,2229049
478,60,RL,105.0,13693,Pave,Reg,Lvl,AllPub,Inside,Gtl,NridgHt,Norm,Norm,1Fam,2Story,9,5,2006,2006,Hip,CompShg,VinylSd,VinylSd,772.0,Ex,TA,PConc,Gd,TA,Av,Unf,0,Unf,0,2153,2153,GasA,Ex,Y,SBrkr,2069,574,0,2643,0,0,2,1,3,1,Ex,9,Typ,1,Gd,BuiltIn,2006.0,Fin,3,694,TA,TA,Y,414,84,0,0,0,0,0,3,2007,WD,Normal,380000,4796,2.5,84,1.2270194986072422,0.19301833053384942,0.4489157631359466,1,1,1,1,23787,7.5,81,6985449
479,20,RL,79.0,10637,Pave,Reg,Lvl,AllPub,Inside,Gtl,CollgCr,Norm,Norm,1Fam,1Story,8,5,2007,2008,Hip,CompShg,VinylSd,VinylSd,336.0,Gd,TA,PConc,Ex,TA,Gd,GLQ,1288,Unf,0,417,1705,GasA,Ex,Y,SBrkr,1718,0,0,1718,1,0,2,0,3,1,Gd,7,Typ,1,Gd,Attchd,2007.0,RFn,3,826,TA,TA,Y,208,44,0,0,0,0,0,9,2009,WD,Normal,297000,3423,3.0,44,7.1913875598086126,0.16151170442794022,0.4981010809231668,2,1,0,1,13744,9.0,64,2951524
480,30,RM,50.0,5925,Pave,Reg,Bnk,AllPub,Inside,Gtl,OldTown,Norm,Norm,1Fam,1Story,4,7,1937,2000,Hip,CompShg,Stucco,Stucco,435.0,TA,TA,BrkTil,Fa,TA,No,Rec,168,Unf,0,739,907,GasA,TA,Y,SBrkr,1131,0,0,1131,0,0,1,0,2,1,TA,7,Typ,0,,Detchd,1995.0,Unf,2,672,TA,TA,Y,0,72,0,0,0,0,0,3,2007,WD,Alloca,89471,2038,1.0,72,1.7554054054054054,0.1908860759493671,0.4450441609421001,70,0,0,1,4524,2.0,16,1279161
481,20,RL,98.0,16033,Pave,IR1,Lvl,AllPub,FR2,Gtl,NridgHt,Norm,Norm,1Fam,1Story,9,5,2004,2005,Hip,CompShg,VinylSd,VinylSd,378.0,Gd,TA,PConc,Ex,TA,Gd,GLQ,1261,Unf,0,572,1833,GasA,Ex,Y,SBrkr,1850,0,0,1850,1,0,2,0,3,1,Gd,8,Typ,1,Gd,Attchd,2004.0,Fin,3,772,TA,TA,Y,519,112,0,0,0,0,0,3,2006,WD,Normal,326000,3683,3.0,112,5.429319371727749,0.11538701428304123,0.4976920988324735,2,1,0,1,16650,9.0,81,3422500
482,20,RL,72.0,11846,Pave,IR1,HLS,AllPub,Inside,Gtl,NridgHt,Norm,Norm,1Fam,1Story,9,5,2003,2004,Hip,CompShg,VinylSd,VinylSd,562.0,Gd,TA,PConc,Ex,TA,Gd,GLQ,1567,Unf,0,225,1792,GasA,Ex,Y,SBrkr,1792,0,0,1792,1,0,2,0,2,1,Ex,6,Typ,1,Gd,Attchd,2003.0,Fin,3,874,TA,TA,Y,206,49,0,0,0,0,0,8,2006,WD,Normal,374000,3584,3.0,49,14.86283185840708,0.15127469187911532,0.5,3,1,0,1,16128,6.0,81,3211264
483,70,RM,50.0,2500,Pave,Reg,Lvl,AllPub,Corner,Gtl,OldTown,Norm,Norm,1Fam,2Story,7,8,1915,2005,Gable,CompShg,Stucco,Stucco,0.0,Gd,TA,PConc,TA,TA,No,ALQ,299,Unf,0,611,910,GasA,Ex,Y,SBrkr,916,910,0,1826,1,0,1,1,4,1,Ex,7,Min2,1,Gd,Attchd,1915.0,Unf,1,164,Fa,Fa,Y,0,0,0,0,0,0,0,6,2009,WD,Normal,155000,2736,2.5,0,3.4722222222222223,0.7304,0.33260233918128657,94,0,1,1,12782,10.0,49,3334276
484,120,RM,32.0,4500,Pave,Reg,Lvl,AllPub,FR2,Gtl,Mitchel,Norm,Norm,Twnhs,1Story,6,5,1998,1998,Hip,CompShg,VinylSd,VinylSd,116.0,TA,TA,PConc,Ex,TA,No,GLQ,897,Unf,0,319,1216,GasA,Ex,Y,SBrkr,1216,0,0,1216,1,0,2,0,2,1,TA,5,Typ,0,,Attchd,1998.0,Unf,2,402,TA,TA,Y,0,125,0,0,0,0,0,5,2006,WD,Normal,164000,2432,3.0,125,6.603125,0.2702222222222222,0.5,8,0,0,1,7296,6.0,36,1478656
485,20,RL,69.0,7758,Pave,IR1,Lvl,AllPub,Corner,Gtl,Sawyer,Norm,Norm,1Fam,1Story,5,7,1962,2001,Gable,CompShg,HdBoard,Plywood,0.0,TA,Gd,CBlock,TA,TA,No,ALQ,588,Unf,0,411,999,GasA,Gd,Y,SBrkr,999,0,0,999,1,0,1,0,3,1,Gd,6,Typ,0,,Detchd,1963.0,Unf,1,264,TA,TA,Y,0,132,0,0,0,0,0,3,2007,WD,Normal,132500,1998,2.0,132,3.8519417475728157,0.12877030162412992,0.5,45,0,0,1,4995,6.0,25,998001
486,20,RL,80.0,9600,Pave,Reg,Lvl,AllPub,Inside,Gtl,NAmes,Norm,Norm,1Fam,1Story,5,7,1950,2007,Gable,CompShg,MetalSd,MetalSd,0.0,Gd,TA,CBlock,TA,TA,No,ALQ,607,Unf,0,506,1113,GasA,Gd,Y,SBrkr,1113,0,0,1113,0,0,1,0,3,1,Gd,5,Typ,1,Gd,Attchd,1950.0,Unf,1,264,TA,TA,Y,0,80,120,0,0,0,0,7,2009,WD,Normal,147000,2226,1.0,200,3.3925049309664694,0.1159375,0.5,59,0,0,1,5565,3.0,25,1238769
487,20,RL,79.0,10289,Pave,Reg,Lvl,AllPub,Inside,Gtl,NAmes,Norm,Norm,1Fam,1Story,5,7,1965,1965,Hip,CompShg,MetalSd,MetalSd,168.0,TA,TA,CBlock,TA,TA,No,ALQ,836,Unf,0,237,1073,GasA,TA,Y,SBrkr,1073,0,0,1073,1,0,1,1,3,1,TA,6,Typ,0,,Attchd,1965.0,RFn,2,515,TA,TA,Y,0,0,0,0,0,0,0,6,2007,WD,Normal,156000,2146,2.5,0,8.021008403361344,0.1042861308193216,0.5,42,0,0,1,5365,7.5,25,1151329
488,20,RL,70.0,12243,Pave,IR1,Lvl,AllPub,Inside,Gtl,NWAmes,Norm,Norm,1Fam,1Story,5,6,1971,1971,Gable,CompShg,Plywood,Plywood,0.0,TA,TA,CBlock,Gd,TA,Av,ALQ,998,Unf,0,486,1484,GasA,Gd,Y,SBrkr,1484,0,0,1484,0,0,2,0,3,1,TA,7,Typ,1,TA,Attchd,1971.0,Unf,2,487,TA,TA,Y,224,0,0,0,180,0,0,2,2007,WD,Normal,175000,2968,2.0,180,5.096509240246407,0.12121212121212122,0.5,36,0,0,1,7420,6.0,25,2202256
489,190,RL,60.0,10800,Pave,Reg,Lvl,AllPub,Corner,Gtl,OldTown,Norm,Norm,2fmCon,1.5Fin,5,4,1900,1970,Gable,CompShg,Wd Sdng,Wd Sdng,0.0,TA,Fa,CBlock,TA,Fa,No,BLQ,664,Unf,0,290,954,GasA,TA,N,FuseA,1766,648,0,2414,0,0,2,0,3,2,TA,10,Mod,1,Gd,Attchd,1970.0,Unf,2,520,TA,Fa,N,142,0,0,0,0,0,0,5,2006,ConLD,Normal,160000,3368,2.0,0,10.577319587628866,0.2235185185185185,0.2832541567695962,106,0,1,1,12070,6.0,25,5827396
490,180,RM,21.0,1526,Pave,Reg,Lvl,AllPub,Inside,Gtl,MeadowV,Norm,Norm,Twnhs,SFoyer,4,8,1970,2002,Gable,CompShg,CemntBd,CmentBd,0.0,TA,Gd,CBlock,Gd,TA,Av,GLQ,515,Unf,0,115,630,GasA,TA,Y,SBrkr,630,0,0,630,1,0,1,0,1,1,Gd,3,Typ,0,,Attchd,1970.0,Unf,1,286,TA,TA,Y,0,0,0,0,0,0,0,5,2009,WD,Normal,86000,1260,2.0,0,9.870689655172415,0.41284403669724773,0.5,39,0,0,1,2520,2.0,16,396900
491,160,RM,69.0,2665,Pave,Reg,Lvl,AllPub,Inside,Gtl,MeadowV,Norm,Norm,TwnhsE,2Story,5,6,1976,1976,Gable,CompShg,CemntBd,CmentBd,0.0,TA,TA,PConc,Gd,TA,Mn,Unf,0,Unf,0,264,264,GasA,TA,Y,SBrkr,616,688,0,1304,0,0,1,1,3,1,TA,4,Typ,1,Gd,BuiltIn,1976.0,Fin,1,336,TA,TA,Y,141,24,0,0,0,0,0,6,2008,WD,Normal,115000,1568,1.5,24,4.920754716981132,0.48930581613508445,0.1683673469387755,32,0,1,1,6520,4.5,25,1700416
492,50,RL,79.0,9490,Pave,Reg,Lvl,AllPub,Inside,Gtl,NAmes,Artery,Norm,1Fam,1.5Fin,6,7,1941,1950,Gable,CompShg,Wd Sdng,Wd Sdng,0.0,TA,TA,CBlock,TA,TA,No,BLQ,403,Rec,165,238,806,GasA,TA,Y,FuseA,958,620,0,1578,1,0,1,0,3,1,Fa,5,Typ,2,TA,Attchd,1941.0,Unf,1,240,TA,TA,Y,0,0,32,0,0,0,0,8,2006,WD,Normal,133000,2384,2.0,32,8.97907949790795,0.16628029504741834,0.33808724832214765,65,0,1,1,9468,6.0,36,2490084
493,60,RL,105.0,15578,Pave,IR1,Lvl,AllPub,Corner,Gtl,Gilbert,Norm,Norm,1Fam,2Story,6,5,2006,2006,Gable,CompShg,VinylSd,VinylSd,0.0,Gd,TA,PConc,Gd,TA,No,Unf,0,Unf,0,728,728,GasA,Gd,Y,SBrkr,728,728,0,1456,0,0,2,1,3,1,TA,8,Typ,0,,Attchd,2006.0,RFn,2,429,TA,TA,Y,0,0,0,0,0,0,0,5,2006,New,Partial,172785,2184,2.5,0,1.9972565157750344,0.093465143150597,0.3333333333333333,0,1,1,1,8736,7.5,36,2119936
494,20,RL,70.0,7931,Pave,Reg,Lvl,AllPub,Inside,Gtl,NAmes,Norm,Norm,1Fam,1Story,5,6,1960,1960,Gable,CompShg,BrkFace,Wd Sdng,0.0,TA,TA,CBlock,TA,TA,No,BLQ,374,LwQ,532,363,1269,GasA,TA,Y,FuseA,1269,0,0,1269,0,0,1,1,3,1,TA,6,Typ,1,Fa,Detchd,1964.0,Unf,1,308,TA,TA,Y,0,0,0,0,0,0,0,6,2008,WD,Normal,155000,2538,1.5,0,5.975274725274725,0.16000504350018913,0.5,48,0,0,1,6345,4.5,25,1610361
495,30,RM,50.0,5784,Pave,Reg,Lvl,AllPub,Inside,Gtl,OldTown,Artery,Norm,1Fam,1Story,5,8,1938,1996,Gable,CompShg,MetalSd,MetalSd,0.0,TA,TA,BrkTil,Fa,TA,No,Unf,0,Unf,0,190,190,GasA,Gd,Y,FuseA,886,0,0,886,0,0,1,0,2,1,TA,4,Typ,0,,Attchd,1938.0,Unf,1,273,TA,TA,Y,144,20,80,0,0,0,0,12,2009,WD,Normal,91300,1076,1.0,100,4.638743455497382,0.15318118948824344,0.17657992565055763,71,0,0,1,4430,2.0,25,784996
496,30,C (all),60.0,7879,Pave,Reg,Lvl,AllPub,Inside,Gtl,IDOTRR,Norm,Norm,1Fam,1Story,4,5,1920,1950,Gable,CompShg,Wd Sdng,Wd Sdng,0.0,TA,TA,CBlock,TA,TA,No,Rec,495,Unf,0,225,720,GasA,TA,N,FuseA,720,0,0,720,0,0,1,0,2,1,TA,4,Typ,0,,,0.0,,0,0,,,N,0,523,115,0,0,0,0,11,2009,WD,Abnorml,34900,1440,1.0,638,5.376106194690266,0.09138215509582434,0.5,89,0,0,0,2880,2.0,16,518400
497,20,RL,69.0,12692,Pave,IR1,Lvl,AllPub,Inside,Gtl,NoRidge,Norm,Norm,1Fam,1Story,8,5,1992,1993,Hip,CompShg,BrkFace,BrkFace,0.0,Gd,TA,PConc,Gd,TA,No,GLQ,1231,Unf,0,1969,3200,GasA,Ex,Y,SBrkr,3228,0,0,3228,1,0,3,0,4,1,Gd,10,Typ,1,Gd,Attchd,1992.0,RFn,2,546,TA,TA,Y,264,75,291,0,0,0,0,5,2007,WD,Normal,430000,6428,4.0,366,2.263451776649746,0.2543334383863851,0.49782202862476665,15,0,0,1,25824,16.0,64,10419984
498,50,RL,60.0,9120,Pave,Reg,Lvl,AllPub,Inside,Gtl,BrkSide,Norm,Norm,1Fam,1.5Fin,7,6,1925,1950,Gable,CompShg,Wd Sdng,Wd Sdng,0.0,TA,Gd,PConc,TA,TA,No,Rec,329,Unf,0,697,1026,GasA,Ex,Y,SBrkr,1133,687,0,1820,1,0,2,0,4,1,TA,8,Typ,0,,Detchd,1925.0,Unf,1,240,TA,TA,N,0,100,0,0,0,0,0,6,2008,WD,Normal,184000,2846,3.0,100,3.0787965616045847,0.19956140350877194,0.3605059732958538,83,0,1,1,12740,12.0,49,3312400
499,20,RL,65.0,7800,Pave,Reg,Lvl,AllPub,Inside,Gtl,Sawyer,Norm,Norm,1Fam,1Story,5,7,1967,2004,Hip,CompShg,HdBoard,HdBoard,89.0,TA,TA,PConc,TA,TA,No,ALQ,450,Unf,0,414,864,GasA,Ex,Y,SBrkr,899,0,0,899,0,0,1,0,3,1,Gd,5,Typ,0,,Attchd,1967.0,Fin,1,288,TA,TA,Y,64,0,0,0,0,0,0,6,2009,WD,Normal,130000,1763,1.0,0,3.2506024096385544,0.11525641025641026,0.4900737379466818,42,0,0,1,4495,3.0,25,808201
500,20,RL,70.0,7535,Pave,IR1,Lvl,AllPub,Inside,Gtl,NAmes,Norm,Norm,1Fam,1Story,5,7,1958,1985,Gable,CompShg,MetalSd,MetalSd,0.0,TA,TA,CBlock,TA,TA,No,BLQ,111,LwQ,279,522,912,GasA,Fa,Y,SBrkr,912,0,0,912,0,1,1,0,2,1,TA,5,Typ,0,,Attchd,1958.0,Fin,1,297,TA,TA,Y,12,285,0,0,0,0,480,6,2007,WD,Normal,120000,1824,1.5,285,2.4894837476099427,0.12103516921035169,0.5,49,0,0,1,4560,3.0,25,831744
501,160,RM,21.0,1890,Pave,Reg,Lvl,AllPub,Inside,Gtl,BrDale,Norm,Norm,Twnhs,2Story,6,5,1973,1973,Gable,CompShg,HdBoard,HdBoard,285.0,TA,TA,CBlock,TA,TA,No,BLQ,356,Unf,0,316,672,GasA,TA,Y,SBrkr,672,546,0,1218,0,0,1,1,3,1,TA,7,Typ,0,,Detchd,1973.0,Unf,1,264,TA,TA,Y,144,28,0,0,0,0,0,5,2007,WD,Normal,113000,1890,1.5,28,4.965299684542587,0.6444444444444445,0.35555555555555557,34,0,1,1,7308,4.5,36,1483524
502,60,FV,75.0,9803,Pave,Reg,Lvl,AllPub,Inside,Gtl,Somerst,Norm,Norm,1Fam,2Story,7,5,2005,2005,Gable,CompShg,VinylSd,VinylSd,0.0,Gd,TA,PConc,Gd,TA,No,GLQ,400,Unf,0,466,866,GasA,Gd,Y,SBrkr,866,902,0,1768,0,0,2,1,3,1,Gd,7,Typ,0,,Attchd,2005.0,RFn,2,603,TA,TA,Y,0,108,0,0,0,0,0,2,2008,WD,Normal,226700,2634,2.5,108,4.642398286937902,0.1803529531775987,0.3287775246772969,3,1,1,1,12376,7.5,49,3125824
503,20,RL,70.0,9170,Pave,Reg,Lvl,AllPub,Corner,Gtl,Edwards,Feedr,Norm,1Fam,1Story,5,7,1965,1965,Hip,CompShg,MetalSd,MetalSd,0.0,TA,TA,CBlock,TA,TA,No,ALQ,698,GLQ,96,420,1214,GasA,Ex,Y,SBrkr,1214,0,0,1214,1,0,1,0,2,1,TA,6,Typ,0,,Detchd,1965.0,Unf,2,461,Fa,Fa,Y,0,0,184,0,0,0,400,4,2007,WD,Normal,140000,2428,2.0,184,4.7695961995249405,0.13238822246455834,0.5,42,0,0,1,6070,4.0,25,1473796
504,20,RL,100.0,15602,Pave,IR1,Lvl,AllPub,Inside,Gtl,Crawfor,Norm,Norm,1Fam,1Story,7,8,1959,1997,Gable,CompShg,BrkFace,Wd Sdng,0.0,TA,TA,CBlock,TA,TA,No,ALQ,1247,Unf,0,254,1501,GasA,TA,Y,SBrkr,1801,0,0,1801,1,0,2,0,1,1,TA,6,Typ,2,TA,Attchd,1959.0,Fin,2,484,TA,TA,Y,0,54,0,0,161,0,0,3,2010,WD,Normal,289000,3302,3.0,215,11.952941176470588,0.11543391872836815,0.45457298606904906,51,0,0,1,12607,3.0,49,3243601
505,160,RL,24.0,2308,Pave,Reg,Lvl,AllPub,Inside,Gtl,NPkVill,Norm,Norm,TwnhsE,2Story,6,5,1974,1974,Gable,CompShg,Plywood,Brk Cmn,0.0,TA,TA,CBlock,TA,TA,No,ALQ,257,Rec,495,103,855,GasA,TA,Y,SBrkr,855,467,0,1322,0,1,2,1,3,1,TA,6,Typ,1,Fa,Attchd,1974.0,Unf,2,440,TA,TA,Y,260,0,0,0,0,0,0,6,2009,WD,Normal,147000,2177,3.0,0,19.942307692307693,0.5727902946273831,0.3927423059255857,35,0,1,1,7932,9.0,36,1747684
506,90,RM,60.0,7596,Pave,Reg,Lvl,AllPub,Inside,Gtl,OldTown,Artery,Norm,Duplex,2Story,5,5,1952,1952,Hip,CompShg,Wd Sdng,Wd Sdng,360.0,TA,TA,CBlock,TA,TA,No,Unf,0,Unf,0,960,960,GasA,Gd,Y,SBrkr,960,1000,0,1960,0,0,2,0,4,2,TA,10,Typ,0,,Detchd,1952.0,Unf,2,400,TA,TA,N,0,0,0,0,0,0,0,7,2009,COD,Normal,124500,2920,2.0,0,2.0395421436004164,0.258030542390732,0.3287671232876712,57,0,1,1,9800,8.0,25,3841600
507,60,RL,80.0,9554,Pave,IR1,Lvl,AllPub,Inside,Gtl,SawyerW,Norm,Norm,1Fam,2Story,8,5,1993,1994,Gable,CompShg,VinylSd,VinylSd,125.0,Gd,TA,PConc,Gd,TA,No,GLQ,380,Unf,0,397,777,GasA,Ex,Y,SBrkr,1065,846,0,1911,0,0,2,1,3,1,Gd,8,Typ,1,TA,Attchd,1993.0,RFn,2,471,TA,TA,Y,182,81,0,0,0,0,0,9,2006,WD,Normal,215000,2688,2.5,81,5.756281407035176,0.20002093364036005,0.2890625,13,0,1,1,15288,7.5,64,3651921
508,20,FV,75.0,7862,Pave,IR1,Lvl,AllPub,Inside,Gtl,Somerst,Norm,Norm,1Fam,1Story,6,5,2009,2009,Gable,CompShg,VinylSd,VinylSd,0.0,Gd,TA,PConc,Gd,TA,No,GLQ,27,Unf,0,1191,1218,GasA,Ex,Y,SBrkr,1218,0,0,1218,0,0,2,0,2,1,Gd,4,Typ,0,,Attchd,2009.0,Fin,2,676,TA,TA,Y,0,102,0,0,0,0,0,9,2009,New,Partial,208300,2436,2.0,102,1.044463087248322,0.15492241160010176,0.5,0,1,0,1,7308,4.0,36,1483524
509,70,RM,60.0,9600,Pave,Reg,Lvl,AllPub,Inside,Gtl,OldTown,Norm,Norm,1Fam,2Story,7,9,1928,2005,Gambrel,CompShg,MetalSd,MetalSd,0.0,TA,Ex,BrkTil,TA,TA,No,Rec,141,Unf,0,548,689,GasA,Ex,Y,SBrkr,689,689,0,1378,0,0,2,0,3,1,Gd,7,Typ,1,Gd,Detchd,1928.0,Unf,2,360,TA,TA,N,0,0,116,0,0,0,0,10,2008,WD,Normal,161000,2067,2.0,116,2.766848816029144,0.14354166666666668,0.3333333333333333,80,0,1,1,9646,6.0,49,1898884
510,20,RL,80.0,9600,Pave,Reg,Lvl,AllPub,Corner,Gtl,NAmes,Norm,Norm,1Fam,1Story,5,6,1959,1959,Gable,CompShg,MetalSd,MetalSd,132.0,TA,TA,CBlock,TA,TA,No,ALQ,991,Unf,0,50,1041,GasA,Ex,Y,SBrkr,1041,0,0,1041,1,0,1,0,3,1,TA,6,Typ,0,,Attchd,1959.0,RFn,1,270,TA,TA,Y,224,88,0,0,0,0,0,7,2009,WD,Normal,124500,2082,2.0,88,39.84313725490196,0.1084375,0.5,50,0,0,1,5205,6.0,25,1083681
511,20,RL,75.0,14559,Pave,Reg,Lvl,AllPub,Inside,Gtl,NAmes,Norm,Norm,1Fam,1Story,5,7,1951,2000,Hip,CompShg,Wd Sdng,Wd Sdng,70.0,Gd,TA,CBlock,TA,TA,No,BLQ,650,Rec,180,178,1008,GasA,Ex,Y,SBrkr,1363,0,0,1363,1,0,1,0,2,1,TA,6,Min1,2,TA,CarPort,1951.0,Unf,1,288,TA,TA,Y,324,42,0,0,168,0,2000,6,2009,WD,Normal,164900,2371,2.0,210,12.251396648044693,0.09361906724362937,0.4251370729649937,58,0,0,1,6815,4.0,25,1857769
512,120,RL,40.0,6792,Pave,IR1,Lvl,AllPub,Inside,Gtl,NridgHt,Norm,Norm,TwnhsE,1Story,7,5,2005,2006,Gable,CompShg,VinylSd,VinylSd,94.0,Gd,TA,PConc,Gd,TA,No,Unf,0,Unf,0,1368,1368,GasA,Ex,Y,SBrkr,1368,0,0,1368,0,0,2,0,2,1,Gd,6,Typ,1,Gd,Attchd,2005.0,RFn,2,474,TA,TA,Y,132,35,0,0,0,0,0,3,2006,New,Partial,202665,2736,2.0,35,0.9992695398100804,0.20141342756183744,0.5,1,1,0,1,9576,4.0,49,1871424
513,20,RL,70.0,9100,Pave,Reg,Lvl,AllPub,Corner,Gtl,NAmes,Feedr,Norm,1Fam,1Story,5,5,1958,1958,Gable,CompShg,VinylSd,VinylSd,0.0,TA,TA,CBlock,TA,TA,No,BLQ,521,LwQ,174,169,864,GasA,TA,Y,SBrkr,864,0,0,864,1,0,1,0,3,1,TA,5,Typ,0,,Detchd,1964.0,Unf,2,624,TA,TA,Y,0,0,0,0,0,0,0,7,2006,WD,Normal,129900,1728,2.0,0,9.170588235294117,0.09494505494505495,0.5,48,0,0,1,4320,6.0,25,746496
514,20,RL,71.0,9187,Pave,Reg,Bnk,AllPub,Corner,Gtl,Mitchel,Norm,Norm,1Fam,1Story,6,5,1983,1983,Gable,CompShg,VinylSd,VinylSd,0.0,TA,Gd,PConc,TA,TA,No,ALQ,336,Unf,0,748,1084,GasA,TA,Y,SBrkr,1080,0,0,1080,0,0,1,1,3,1,TA,5,Typ,0,,Attchd,1983.0,Unf,2,484,TA,TA,Y,120,0,158,0,0,0,0,6,2007,WD,Normal,134000,2164,1.5,158,1.890520694259012,0.11755741809078045,0.5009242144177449,24,0,0,1,6480,4.5,36,1166400
515,45,RL,55.0,10594,Pave,Reg,Lvl,AllPub,Inside,Gtl,Crawfor,Norm,Norm,1Fam,1.5Unf,5,5,1926,1950,Gable,CompShg,Wd Sdng,Wd Sdng,0.0,TA,TA,BrkTil,TA,TA,No,Unf,0,Unf,0,768,768,Grav,Fa,N,SBrkr,789,0,0,789,0,0,1,0,2,1,TA,5,Typ,0,,Detchd,1926.0,Unf,1,200,Po,Po,Y,0,0,112,0,0,0,0,6,2007,WD,Normal,96500,1557,1.0,112,1.0260078023407022,0.07447611855767415,0.4932562620423892,81,0,0,1,3945,2.0,25,622521
516,20,RL,94.0,12220,Pave,Reg,Lvl,AllPub,Inside,Gtl,NridgHt,Norm,Norm,1Fam,1Story,10,5,2009,2009,Hip,CompShg,CemntBd,CmentBd,305.0,Ex,TA,CBlock,Ex,TA,No,GLQ,1436,Unf,0,570,2006,GasA,Ex,Y,SBrkr,2020,0,0,2020,1,0,2,1,3,1,Ex,9,Typ,1,Gd,Attchd,2009.0,Fin,3,900,TA,TA,Y,156,54,0,0,0,0,0,9,2009,New,Partial,402861,4026,3.5,54,6.052539404553415,0.16530278232405893,0.49826130153999004,0,1,0,1,20200,10.5,100,4080400
517,80,RL,69.0,10448,Pave,IR1,Lvl,AllPub,Corner,Gtl,NWAmes,Norm,Norm,1Fam,SLvl,6,6,1972,1972,Gable,CompShg,HdBoard,HdBoard,333.0,TA,TA,CBlock,TA,TA,No,Unf,0,Unf,0,689,689,GasA,TA,Y,SBrkr,1378,741,0,2119,0,0,2,1,3,1,TA,7,Typ,1,TA,Attchd,1972.0,RFn,2,583,TA,TA,Y,0,104,0,0,0,0,0,8,2009,COD,Abnorml,158000,2808,2.5,104,3.071014492753623,0.20281393568147013,0.24537037037037038,37,0,1,1,12714,7.5,36,4490161
518,60,RL,79.0,10208,Pave,IR1,Lvl,AllPub,Inside,Gtl,NoRidge,Norm,Norm,1Fam,2Story,7,5,1996,1997,Gable,CompShg,VinylSd,VinylSd,921.0,Gd,TA,PConc,Gd,TA,No,Unf,0,Unf,0,1264,1264,GasA,Ex,Y,SBrkr,1277,1067,0,2344,0,0,2,1,3,1,Gd,7,Typ,1,TA,Attchd,1996.0,RFn,3,889,TA,TA,Y,220,0,0,0,0,0,0,7,2009,WD,Normal,265000,3608,2.5,0,1.8529644268774703,0.22962382445141066,0.35033259423503327,13,0,1,1,16408,7.5,49,5494336
519,60,RL,69.0,9531,Pave,IR1,Lvl,AllPub,CulDSac,Gtl,CollgCr,Norm,Norm,1Fam,2Story,6,5,1998,1998,Gable,CompShg,VinylSd,VinylSd,0.0,TA,TA,PConc,Gd,TA,Mn,GLQ,706,Unf,0,88,794,GasA,Ex,Y,SBrkr,882,914,0,1796,1,0,2,1,3,1,TA,7,Typ,0,,Attchd,1998.0,RFn,2,546,TA,TA,Y,0,36,0,0,0,0,0,5,2007,WD,Normal,211000,2590,3.5,36,28.1123595505618,0.18843772951421678,0.3065637065637066,9,0,1,1,10776,10.5,36,3225616
520,70,RL,53.0,10918,Pave,Reg,Lvl,AllPub,Inside,Gtl,Crawfor,Norm,Norm,1Fam,2Story,7,9,1926,2004,Gambrel,CompShg,MetalSd,MetalSd,0.0,Gd,TA,BrkTil,Gd,TA,No,Unf,0,Unf,0,1276,1276,GasA,Ex,Y,SBrkr,1276,804,0,2080,0,0,1,1,3,1,Gd,9,Typ,2,Gd,Detchd,1926.0,Unf,1,282,TA,TA,Y,0,0,0,0,145,0,0,6,2009,WD,Normal,234000,3356,1.5,145,1.6288175411119812,0.19051108261586372,0.3802145411203814,83,0,1,1,14560,4.5,49,4326400
521,190,RL,60.0,10800,Pave,Reg,Lvl,AllPub,Inside,Gtl,OldTown,Norm,Norm,2fmCon,2Story,4,7,1900,2000,Gable,CompShg,MetalSd,MetalSd,0.0,TA,TA,BrkTil,,,,,0,,0,0,0,GasA,TA,N,FuseA,694,600,0,1294,0,0,2,0,3,2,TA,7,Typ,0,,,0.0,,0,0,,,N,220,114,210,0,0,0,0,8,2008,WD,Normal,106250,1294,2.0,324,1294.0,0.11981481481481482,0.0,108,0,1,0,5176,6.0,16,1674436
522,20,RL,90.0,11988,Pave,IR1,Lvl,AllPub,Corner,Gtl,NAmes,Feedr,Norm,1Fam,1Story,6,6,1957,1957,Gable,CompShg,VinylSd,VinylSd,0.0,TA,TA,CBlock,TA,TA,No,Rec,777,Unf,0,467,1244,GasA,Ex,Y,FuseA,1244,0,0,1244,0,0,1,1,3,1,TA,6,Typ,2,Gd,Attchd,1957.0,Unf,1,336,TA,TA,Y,0,40,0,0,0,0,0,5,2007,WD,Normal,150000,2488,1.5,40,4.318376068376068,0.10377043710377044,0.5,50,0,0,1,7464,4.5,36,1547536
523,50,RM,50.0,5000,Pave,Reg,Lvl,AllPub,Corner,Gtl,BrkSide,Feedr,Norm,1Fam,1.5Fin,6,7,1947,1950,Gable,CompShg,CemntBd,CmentBd,0.0,TA,Gd,CBlock,TA,TA,No,ALQ,399,Unf,0,605,1004,GasA,Ex,Y,SBrkr,1004,660,0,1664,0,0,2,0,3,1,TA,7,Typ,2,Gd,Detchd,1950.0,Unf,2,420,TA,TA,Y,0,24,36,0,0,0,0,10,2006,WD,Normal,159000,2668,2.0,60,3.4042904290429044,0.3328,0.37631184407796103,59,0,1,1,9984,6.0,36,2768896
524,60,RL,130.0,40094,Pave,IR1,Bnk,AllPub,Inside,Gtl,Edwards,PosN,PosN,1Fam,2Story,10,5,2007,2008,Hip,CompShg,CemntBd,CmentBd,762.0,Ex,TA,PConc,Ex,TA,Gd,GLQ,2260,Unf,0,878,3138,GasA,Ex,Y,SBrkr,3138,1538,0,4676,1,0,3,1,3,1,Ex,11,Typ,1,Gd,BuiltIn,2007.0,Fin,3,884,TA,TA,Y,208,406,0,0,0,0,0,10,2007,New,Partial,184750,7814,4.5,406,7.890784982935154,0.11662592906669327,0.4015868953160993,0,1,1,1,46760,13.5,100,21864976
525,60,RL,95.0,11787,Pave,IR1,Lvl,AllPub,Inside,Gtl,NoRidge,Norm,Norm,1Fam,2Story,7,5,1996,1997,Gable,CompShg,VinylSd,VinylSd,594.0,Gd,TA,PConc,Gd,TA,No,GLQ,719,Unf,0,660,1379,GasA,Ex,Y,SBrkr,1383,1015,0,2398,1,0,2,1,3,1,Gd,8,Typ,1,TA,Attchd,1996.0,Fin,3,834,TA,TA,Y,239,60,0,0,0,0,0,8,2007,WD,Normal,315750,3777,3.5,60,4.7155824508320725,0.20344447272418767,0.36510458035477894,11,0,1,1,16786,10.5,49,5750404
526,20,FV,62.0,7500,Pave,Reg,Lvl,AllPub,Inside,Gtl,Somerst,Norm,Norm,1Fam,1Story,7,5,2005,2005,Gable,CompShg,VinylSd,VinylSd,0.0,Gd,TA,PConc,Gd,TA,No,Unf,0,Unf,0,1257,1257,GasA,Ex,Y,SBrkr,1266,0,0,1266,0,0,2,0,3,1,Gd,6,Typ,1,TA,Attchd,2005.0,Unf,2,453,TA,TA,Y,38,144,0,0,0,0,0,4,2006,WD,Normal,176000,2523,2.0,144,1.0063593004769475,0.1688,0.4982164090368609,1,1,0,1,8862,6.0,49,1602756
527,20,RL,70.0,13300,Pave,Reg,Lvl,AllPub,Inside,Gtl,NAmes,Norm,Norm,1Fam,1Story,5,7,1956,2000,Hip,CompShg,Wd Sdng,Wd Sdng,0.0,TA,TA,CBlock,Gd,TA,No,Rec,377,Unf,0,551,928,GasA,TA,Y,SBrkr,928,0,0,928,0,0,1,0,2,1,TA,4,Typ,0,,Attchd,1956.0,Unf,1,252,TA,TA,Y,261,0,156,0,0,0,0,6,2007,WD,Normal,132000,1856,1.0,156,2.364130434782609,0.06977443609022556,0.5,51,0,0,1,4640,2.0,25,861184
528,60,RL,67.0,14948,Pave,IR1,Lvl,AllPub,Inside,Gtl,NridgHt,Norm,Norm,1Fam,2Story,9,5,2008,2008,Hip,CompShg,VinylSd,VinylSd,268.0,Ex,TA,PConc,Ex,TA,Av,GLQ,1330,Unf,0,122,1452,GasA,Ex,Y,SBrkr,1476,1237,0,2713,1,0,2,1,3,1,Ex,11,Typ,1,Gd,Attchd,2008.0,Fin,3,858,TA,TA,Y,126,66,0,0,0,0,0,11,2008,New,Partial,446261,4165,3.5,66,32.86991869918699,0.1814958522879315,0.34861944777911164,0,1,1,1,24417,10.5,81,7360369
529,30,RL,58.0,9098,Pave,IR1,Lvl,AllPub,Inside,Gtl,Edwards,Norm,Norm,1Fam,1Story,4,7,1920,2002,Gable,CompShg,Wd Sdng,Wd Sdng,0.0,TA,TA,BrkTil,TA,TA,Mn,ALQ,348,Unf,0,180,528,GasA,Ex,Y,SBrkr,605,0,0,605,1,0,1,0,2,1,TA,5,Typ,0,,,0.0,,0,0,,,N,0,0,144,0,0,0,0,7,2007,WD,Normal,86000,1133,2.0,144,5.265193370165746,0.06649813145746318,0.46601941747572817,87,0,0,0,2420,4.0,16,366025
530,20,RL,69.0,32668,Pave,IR1,Lvl,AllPub,CulDSac,Gtl,Crawfor,Norm,Norm,1Fam,1Story,6,3,1957,1975,Hip,CompShg,Wd Sdng,Stone,0.0,Gd,TA,PConc,TA,TA,No,Rec,1219,Unf,0,816,2035,GasA,TA,Y,SBrkr,2515,0,0,2515,1,0,3,0,4,2,TA,9,Maj1,2,TA,Attchd,1975.0,RFn,2,484,TA,TA,Y,0,0,200,0,0,0,0,3,2007,WD,Alloca,200624,4550,4.0,200,4.5703794369645045,0.07698665360597527,0.4472527472527473,50,0,0,1,15090,16.0,36,6325225
531,80,RL,85.0,10200,Pave,Reg,Lvl,AllPub,Inside,Gtl,Timber,Norm,Norm,1Fam,SLvl,6,5,1988,1989,Gable,CompShg,HdBoard,HdBoard,219.0,Gd,TA,CBlock,Gd,TA,Av,GLQ,783,Unf,0,678,1461,GasA,Ex,Y,SBrkr,1509,0,0,1509,1,0,2,0,3,1,Gd,5,Typ,1,Fa,Attchd,1988.0,RFn,2,600,TA,TA,Y,224,0,0,0,0,0,0,8,2008,WD,Abnorml,175000,2970,3.0,0,3.3755522827687776,0.14794117647058824,0.4919191919191919,20,0,0,1,9054,9.0,36,2277081
532,70,RM,60.0,6155,Pave,IR1,Lvl,AllPub,FR3,Gtl,BrkSide,RRNn,Feedr,1Fam,2Story,6,8,1920,1999,Gable,CompShg,Wd Sdng,Wd Sdng,0.0,TA,TA,BrkTil,Fa,Fa,Mn,Unf,0,Unf,0,611,611,GasA,Ex,Y,SBrkr,751,611,0,1362,0,0,2,0,3,1,TA,6,Typ,0,,Detchd,1920.0,Fin,2,502,TA,Fa,Y,0,0,84,0,0,0,0,6,2008,WD,Normal,128000,1973,2.0,84,2.2254901960784315,0.22128350934199836,0.309680689305626,88,0,1,1,8172,6.0,36,1855044
533,20,RL,60.0,7200,Pave,Reg,Lvl,AllPub,Inside,Gtl,NAmes,Norm,Norm,1Fam,1Story,5,7,1955,2007,Gable,CompShg,VinylSd,VinylSd,0.0,TA,TA,Slab,,,,,0,,0,0,0,GasA,Ex,Y,SBrkr,827,0,0,827,0,0,1,0,2,1,TA,5,Mod,1,Po,Detchd,1967.0,Unf,1,392,TA,TA,Y,0,0,0,0,0,0,0,4,2010,WD,Normal,107500,827,1.0,0,827.0,0.11486111111111111,0.0,55,0,0,1,4135,2.0,25,683929
534,20,RL,50.0,5000,Pave,Reg,Low,AllPub,Inside,Mod,BrkSide,Norm,Norm,1Fam,1Story,1,3,1946,1950,Gable,CompShg,VinylSd,VinylSd,0.0,Fa,Fa,Slab,,,,,0,,0,0,0,GasA,Fa,N,FuseF,334,0,0,334,0,0,1,0,1,1,Fa,2,Typ,0,,,0.0,,0,0,,,N,0,0,0,0,0,0,0,1,2007,WD,Normal,39300,334,1.0,0,334.0,0.0668,0.0,61,0,0,0,334,1.0,1,111556
535,60,RL,74.0,9056,Pave,IR1,Lvl,AllPub,Inside,Gtl,Gilbert,Norm,Norm,1Fam,2Story,8,5,2004,2004,Gable,CompShg,VinylSd,VinylSd,0.0,Gd,TA,PConc,Ex,Gd,Av,Unf,0,Unf,0,707,707,GasA,Ex,Y,SBrkr,707,707,0,1414,0,0,2,1,3,1,Gd,6,Typ,1,Gd,Attchd,2004.0,Fin,2,403,TA,TA,Y,100,35,0,0,0,0,0,10,2006,WD,Normal,178000,2121,2.5,35,1.997175141242938,0.15613957597173145,0.3333333333333333,2,1,1,1,11312,7.5,64,1999396
536,190,RL,70.0,7000,Pave,Reg,Lvl,AllPub,Inside,Gtl,Edwards,Norm,Norm,2fmCon,2Story,5,7,1910,1991,Gable,CompShg,MetalSd,MetalSd,0.0,TA,TA,CBlock,Gd,TA,Gd,GLQ,969,Unf,0,148,1117,GasA,TA,Y,SBrkr,820,527,0,1347,1,0,1,0,3,1,TA,5,Typ,0,,,0.0,,0,0,,,N,85,0,148,0,0,0,0,1,2008,WD,Normal,107500,2464,2.0,148,15.543624161073826,0.19242857142857142,0.45332792207792205,98,0,1,0,6735,6.0,25,1814409
537,60,RL,57.0,8924,Pave,IR1,Lvl,AllPub,CulDSac,Gtl,CollgCr,Norm,Norm,1Fam,2Story,7,5,1998,1999,Gable,CompShg,VinylSd,VinylSd,0.0,TA,TA,PConc,Gd,TA,Av,Unf,0,Unf,0,880,880,GasA,Ex,Y,SBrkr,880,844,0,1724,0,0,2,1,3,1,Gd,8,Typ,0,,Attchd,1998.0,Fin,2,527,TA,TA,Y,120,155,0,0,0,0,0,7,2008,WD,Normal,188000,2604,2.5,155,1.956867196367764,0.1931869116987898,0.3379416282642089,10,0,1,1,12068,7.5,49,2972176
538,20,RL,69.0,12735,Pave,IR1,Lvl,AllPub,FR2,Gtl,NAmes,Norm,Norm,1Fam,1Story,4,5,1972,1972,Hip,CompShg,MetalSd,MetalSd,0.0,TA,TA,CBlock,TA,TA,No,BLQ,600,Unf,0,264,864,GasA,TA,Y,SBrkr,864,0,0,864,0,0,1,0,3,1,TA,5,Typ,0,,Detchd,1980.0,Unf,2,576,TA,TA,Y,216,0,0,0,0,0,0,4,2008,COD,Normal,111250,1728,1.0,0,5.524528301886792,0.06784452296819787,0.5,36,0,0,1,3456,3.0,16,746496
539,20,RL,69.0,11553,Pave,IR1,Lvl,AllPub,Inside,Gtl,Sawyer,Norm,Norm,1Fam,1Story,5,5,1968,1968,Hip,CompShg,Plywood,Plywood,188.0,TA,TA,CBlock,TA,TA,No,BLQ,673,Unf,0,378,1051,GasA,TA,Y,SBrkr,1159,0,0,1159,0,0,1,1,3,1,TA,7,Typ,1,Fa,Attchd,1968.0,Unf,1,336,TA,TA,Y,466,0,0,0,0,0,0,7,2006,WD,Normal,158000,2210,1.5,0,4.83377308707124,0.10032026313511642,0.4755656108597285,38,0,0,1,5795,4.5,25,1343281
540,20,RL,69.0,11423,Pave,Reg,Lvl,AllPub,Inside,Gtl,CollgCr,Norm,Norm,1Fam,1Story,8,5,2001,2002,Gable,CompShg,VinylSd,VinylSd,479.0,Gd,TA,PConc,Gd,TA,Av,GLQ,1358,Unf,0,223,1581,GasA,Ex,Y,SBrkr,1601,0,0,1601,1,0,2,0,3,1,Gd,6,Typ,1,TA,Attchd,2001.0,RFn,2,670,TA,TA,Y,180,0,0,0,0,0,2000,5,2010,WD,Normal,272000,3182,3.0,0,13.209821428571429,0.14015582596515802,0.4968573224387178,9,0,0,1,12808,9.0,64,2563201
541,20,RL,85.0,14601,Pave,Reg,Lvl,AllPub,Inside,Gtl,Timber,Norm,Norm,1Fam,1Story,9,5,2006,2006,Hip,CompShg,VinylSd,VinylSd,584.0,Ex,TA,PConc,Ex,TA,Av,GLQ,1260,Unf,0,578,1838,GasA,Ex,Y,SBrkr,1838,0,0,1838,1,0,2,0,2,1,Ex,8,Typ,1,Gd,Attchd,2006.0,Fin,3,765,TA,TA,Y,270,68,0,0,0,0,0,3,2009,WD,Normal,315000,3676,3.0,68,5.350604490500864,0.12588178891856722,0.5,3,1,0,1,16542,6.0,81,3378244
542,60,RL,69.0,11000,Pave,Reg,Lvl,AllPub,FR2,Gtl,NoRidge,Norm,Norm,1Fam,2Story,8,5,2000,2000,Gable,CompShg,VinylSd,VinylSd,72.0,Gd,TA,PConc,Gd,TA,No,Unf,0,Unf,0,969,969,GasA,Ex,Y,SBrkr,997,1288,0,2285,0,0,2,1,4,1,Gd,8,Typ,1,TA,BuiltIn,2000.0,Fin,3,648,TA,TA,Y,0,56,0,0,0,0,0,6,2007,WD,Normal,248000,3254,2.5,56,2.3556701030927836,0.20772727272727273,0.29778733866011065,7,0,1,1,18280,10.0,64,5221225
543,20,RL,78.0,10140,Pave,Reg,Lvl,AllPub,Inside,Gtl,NWAmes,RRAn,Norm,1Fam,1Story,7,5,1998,1999,Hip,CompShg,VinylSd,VinylSd,0.0,Gd,TA,PConc,Ex,TA,No,LwQ,144,GLQ,1127,379,1650,GasA,Ex,Y,SBrkr,1680,0,0,1680,1,0,2,0,3,1,Gd,7,Maj1,1,TA,Attchd,1998.0,Fin,2,583,TA,TA,Y,78,73,0,0,0,0,0,6,2009,WD,Normal,213250,3330,3.0,73,7.765789473684211,0.16568047337278108,0.4954954954954955,11,0,0,1,11760,9.0,49,2822400
544,120,RH,34.0,4058,Pave,Reg,Lvl,AllPub,Inside,Gtl,NAmes,Norm,Norm,TwnhsE,SFoyer,7,5,1998,1998,Gable,CompShg,MetalSd,MetalSd,182.0,TA,TA,PConc,Gd,TA,Av,GLQ,584,LwQ,139,0,723,GasA,Ex,Y,SBrkr,767,0,0,767,1,0,1,0,1,1,TA,4,Typ,0,,Attchd,1998.0,Fin,1,367,TA,TA,Y,120,40,0,0,0,0,0,6,2007,WD,Normal,133000,1490,2.0,40,1490.0,0.189009364218827,0.48523489932885905,9,0,0,1,5369,2.0,49,588289
545,60,RL,58.0,17104,Pave,IR1,Lvl,AllPub,Inside,Gtl,Gilbert,Norm,Norm,1Fam,2Story,7,5,2006,2006,Gable,CompShg,VinylSd,VinylSd,0.0,Gd,TA,PConc,Gd,Gd,Av,GLQ,554,Unf,0,100,654,GasA,Ex,Y,SBrkr,664,832,0,1496,1,0,2,1,3,1,Gd,7,Typ,1,Gd,Attchd,2006.0,RFn,2,426,TA,TA,Y,100,24,0,0,0,0,0,9,2006,New,Partial,179665,2150,3.5,24,20.297029702970296,0.08746492048643592,0.3041860465116279,0,1,1,1,10472,10.5,49,2238016
546,50,RL,69.0,13837,Pave,IR1,Lvl,AllPub,Corner,Gtl,NWAmes,Norm,Norm,1Fam,1.5Fin,7,5,1988,1988,Gable,CompShg,HdBoard,HdBoard,178.0,Gd,Gd,PConc,Gd,Gd,No,GLQ,1002,LwQ,202,0,1204,GasA,Gd,Y,SBrkr,1377,806,0,2183,0,0,2,1,4,1,Gd,9,Typ,0,,Attchd,1988.0,Unf,3,786,TA,TA,Y,0,0,0,0,0,0,0,2,2006,WD,Normal,229000,3387,2.5,0,3387.0,0.1577654115776541,0.35547682314732804,18,0,1,1,15281,10.0,49,4765489
547,50,RL,70.0,8737,Pave,IR1,Bnk,AllPub,Inside,Gtl,BrkSide,Norm,Norm,1Fam,1.5Fin,6,7,1923,1950,Gable,CompShg,BrkFace,Wd Sdng,0.0,TA,TA,BrkTil,Gd,TA,No,Rec,300,Unf,0,765,1065,GasA,Ex,Y,FuseA,915,720,0,1635,0,0,1,1,3,1,TA,6,Typ,1,Gd,Detchd,1950.0,Unf,2,440,TA,TA,Y,0,38,0,144,0,0,0,5,2007,WD,Normal,210000,2700,1.5,182,2.5261096605744124,0.18713517225592308,0.39444444444444443,84,0,1,1,9810,4.5,36,2673225
548,85,RL,54.0,7244,Pave,Reg,Lvl,AllPub,Inside,Gtl,Mitchel,Norm,Norm,1Fam,SFoyer,5,7,1970,1970,Gable,CompShg,VinylSd,VinylSd,0.0,TA,Gd,CBlock,Gd,TA,Av,ALQ,619,Unf,0,149,768,GasA,Ex,Y,SBrkr,768,0,0,768,1,0,1,0,2,1,TA,5,Typ,0,,Detchd,1987.0,Unf,2,624,TA,TA,Y,104,0,0,0,0,0,0,4,2007,WD,Normal,129500,1536,2.0,0,9.246666666666666,0.1060187741579238,0.5,37,0,0,1,3840,4.0,25,589824
549,20,RM,49.0,8235,Pave,IR1,HLS,AllPub,Inside,Gtl,OldTown,Feedr,RRNn,1Fam,1Story,5,7,1955,1995,Gable,CompShg,MetalSd,MetalSd,0.0,TA,Gd,CBlock,TA,TA,No,LwQ,180,Rec,645,0,825,GasA,TA,Y,SBrkr,825,0,0,825,1,0,1,0,2,1,TA,4,Typ,0,,Detchd,1963.0,RFn,2,720,TA,TA,Y,140,50,0,0,0,0,0,6,2008,WD,Normal,125000,1650,2.0,50,1650.0,0.10018214936247723,0.5,53,0,0,1,4125,4.0,25,680625
550,60,FV,75.0,9375,Pave,Reg,Lvl,AllPub,Inside,Gtl,Somerst,Norm,Norm,1Fam,2Story,7,5,2003,2004,Gable,CompShg,VinylSd,VinylSd,0.0,Gd,TA,PConc,Gd,TA,No,Unf,0,Unf,0,912,912,GasA,Ex,Y,SBrkr,912,1182,0,2094,0,0,2,1,4,1,Gd,8,Typ,1,Gd,BuiltIn,2003.0,Fin,2,615,TA,TA,Y,182,182,0,0,0,0,0,11,2009,WD,Normal,263000,3006,2.5,182,2.2935377875136913,0.22336,0.3033932135728543,6,0,1,1,14658,10.0,49,4384836
551,120,RL,53.0,4043,Pave,Reg,Lvl,AllPub,Inside,Gtl,NPkVill,Norm,Norm,TwnhsE,1Story,6,6,1977,1977,Gable,CompShg,Plywood,Plywood,0.0,TA,TA,CBlock,Gd,TA,No,ALQ,559,Unf,0,510,1069,GasA,TA,Y,SBrkr,1069,0,0,1069,0,0,2,0,2,1,TA,4,Typ,0,,Attchd,1977.0,RFn,2,440,TA,TA,Y,0,55,0,0,200,0,0,10,2008,COD,Abnorml,140000,2138,2.0,255,3.1859099804305284,0.2644076181053673,0.5,31,0,0,1,6414,4.0,36,1142761
552,20,RM,50.0,6000,Pave,Reg,Lvl,AllPub,Inside,Gtl,OldTown,Norm,Norm,1Fam,1Story,5,6,1957,1957,Hip,CompShg,BrkFace,BrkFace,0.0,TA,TA,CBlock,TA,TA,No,Rec,308,Unf,0,620,928,GasA,Gd,Y,FuseA,928,0,0,928,0,0,1,0,3,1,TA,5,Typ,0,,Attchd,1957.0,Fin,1,288,TA,TA,Y,0,0,0,0,0,0,0,6,2008,WD,Normal,112500,1856,1.0,0,1.9903381642512077,0.15466666666666667,0.5,51,0,0,1,4640,3.0,25,861184
553,20,RL,87.0,11146,Pave,IR1,Lvl,AllPub,Inside,Gtl,NridgHt,Norm,Norm,1Fam,1Story,8,5,2006,2006,Gable,CompShg,VinylSd,VinylSd,250.0,Gd,TA,PConc,Ex,TA,Av,Unf,0,Unf,0,1709,1709,GasA,Ex,Y,SBrkr,1717,0,0,1717,0,0,2,0,3,1,Gd,7,Typ,1,Gd,Attchd,2006.0,RFn,3,908,TA,TA,Y,169,39,0,0,0,0,0,7,2009,WD,Normal,255500,3426,2.0,39,1.004093567251462,0.1540462946348466,0.4988324576765908,3,1,0,1,13736,6.0,64,2948089
554,20,RL,67.0,8777,Pave,Reg,Lvl,AllPub,Inside,Gtl,Edwards,Feedr,Norm,1Fam,1Story,4,5,1949,2003,Gable,CompShg,VinylSd,VinylSd,0.0,TA,TA,CBlock,,,,,0,,0,0,0,GasA,Ex,Y,SBrkr,1126,0,0,1126,0,0,2,0,2,1,Gd,5,Typ,0,,Detchd,2002.0,Fin,2,520,TA,TA,N,0,96,0,0,0,0,0,5,2009,WD,Normal,108000,1126,2.0,96,1126.0,0.12828984846758573,0.0,60,0,0,1,4504,4.0,16,1267876
555,60,RL,85.0,10625,Pave,Reg,Lvl,AllPub,Inside,Gtl,NridgHt,Norm,Norm,1Fam,2Story,7,5,2003,2004,Gable,CompShg,VinylSd,VinylSd,292.0,Gd,TA,PConc,Gd,TA,No,GLQ,866,Unf,0,132,998,GasA,Ex,Y,SBrkr,1006,1040,0,2046,1,0,2,1,3,1,Gd,8,Typ,1,Gd,BuiltIn,2003.0,RFn,3,871,TA,TA,Y,320,62,0,0,0,0,0,8,2008,WD,Normal,284000,3044,3.5,62,21.894736842105264,0.19256470588235294,0.3278580814717477,5,0,1,1,14322,10.5,49,4186116
556,45,RM,58.0,6380,Pave,Reg,Lvl,AllPub,Inside,Gtl,BrkSide,Norm,Norm,1Fam,1.5Unf,5,6,1922,1950,Gable,CompShg,MetalSd,MetalSd,0.0,TA,TA,BrkTil,TA,Fa,No,Unf,0,Unf,0,993,993,GasA,TA,Y,FuseA,1048,0,0,1048,0,0,1,0,2,1,TA,5,Typ,1,Gd,Detchd,1922.0,Unf,1,280,TA,TA,Y,0,0,116,0,0,0,0,8,2006,WD,Normal,113000,2041,1.0,116,1.0543259557344065,0.16426332288401255,0.4865262126408623,84,0,0,1,5240,2.0,25,1098304
557,20,RL,69.0,14850,Pave,IR1,Lvl,AllPub,Inside,Gtl,NAmes,Norm,Norm,1Fam,1Story,5,5,1957,1957,Gable,CompShg,Wd Sdng,Wd Sdng,0.0,TA,TA,CBlock,TA,TA,No,Rec,895,Unf,0,197,1092,GasA,TA,Y,FuseA,1092,0,0,1092,1,0,1,0,2,1,TA,6,Typ,1,TA,Attchd,1957.0,Fin,1,299,TA,TA,Y,268,0,0,0,122,0,0,5,2006,WD,Normal,141000,2184,2.0,122,10.035353535353535,0.07353535353535354,0.5,49,0,0,1,5460,4.0,25,1192464
558,50,C (all),60.0,11040,Pave,Reg,Low,AllPub,Inside,Mod,IDOTRR,Norm,Norm,1Fam,1.5Fin,4,6,1920,1950,Gable,CompShg,MetalSd,MetalSd,0.0,TA,TA,CBlock,TA,TA,No,Rec,637,Unf,0,0,637,GasA,Gd,Y,SBrkr,897,439,0,1336,0,0,1,1,3,1,TA,7,Typ,0,,CarPort,1994.0,Unf,1,570,TA,TA,Y,0,47,120,0,0,0,0,9,2006,COD,Normal,108000,1973,1.5,167,1973.0,0.12101449275362319,0.3228585909782058,86,0,1,1,5344,4.5,16,1784896
559,60,RL,57.0,21872,Pave,IR2,HLS,AllPub,FR2,Gtl,Gilbert,Norm,Norm,1Fam,2Story,7,5,1996,1997,Gable,CompShg,HdBoard,HdBoard,0.0,TA,TA,PConc,Gd,TA,Gd,GLQ,604,Unf,0,125,729,GasA,Ex,Y,SBrkr,729,717,0,1446,0,1,2,1,3,1,TA,6,Typ,1,TA,Attchd,1996.0,Unf,2,406,TA,TA,Y,264,22,0,0,0,0,0,8,2008,WD,Normal,175000,2175,3.0,22,16.26984126984127,0.06611192392099488,0.3351724137931035,12,0,1,1,10122,9.0,49,2090916
560,120,RL,69.0,3196,Pave,Reg,Lvl,AllPub,Inside,Gtl,Blmngtn,Norm,Norm,TwnhsE,1Story,7,5,2003,2004,Gable,CompShg,VinylSd,VinylSd,18.0,Gd,TA,PConc,Gd,TA,Gd,Unf,0,Unf,0,1374,1374,GasA,Ex,Y,SBrkr,1557,0,0,1557,0,0,2,0,2,1,Gd,7,Typ,1,TA,Attchd,2003.0,Fin,2,420,TA,TA,Y,143,20,0,0,0,0,0,10,2006,WD,Normal,234000,2931,2.0,20,1.1323636363636365,0.48717146433041303,0.4687819856704197,3,1,0,1,10899,4.0,49,2424249
561,20,RL,69.0,11341,Pave,IR1,Lvl,AllPub,Inside,Gtl,Sawyer,Norm,Norm,1Fam,1Story,5,6,1957,1996,Hip,CompShg,Wd Sdng,Wd Sdng,180.0,TA,TA,CBlock,Gd,TA,No,ALQ,1302,Unf,0,90,1392,GasA,TA,Y,SBrkr,1392,0,0,1392,1,0,1,1,3,1,TA,5,Mod,1,Gd,Detchd,1957.0,Unf,2,528,TA,TA,Y,0,0,0,0,95,0,0,5,2010,WD,Normal,121500,2784,2.5,95,29.604395604395606,0.12274049907415571,0.5,53,0,0,1,6960,7.5,25,1937664
562,20,RL,77.0,10010,Pave,Reg,Lvl,AllPub,Inside,Mod,Mitchel,Norm,Norm,1Fam,1Story,5,5,1974,1975,Gable,CompShg,HdBoard,HdBoard,0.0,TA,TA,CBlock,Gd,TA,Av,ALQ,1071,LwQ,123,195,1389,GasA,Gd,Y,SBrkr,1389,0,0,1389,1,0,1,0,2,1,TA,6,Typ,1,TA,Attchd,1975.0,RFn,2,418,TA,TA,Y,240,38,0,0,0,0,0,4,2006,WD,Normal,170000,2778,2.0,38,13.178571428571429,0.13876123876123875,0.5,32,0,0,1,6945,4.0,25,1929321
563,30,RL,63.0,13907,Pave,Reg,Lvl,AllPub,Inside,Gtl,Edwards,Norm,Norm,1Fam,1Story,5,6,1940,1969,Gable,CompShg,WdShing,Wd Shng,0.0,TA,TA,CBlock,TA,TA,No,BLQ,290,Unf,0,706,996,GasA,Ex,Y,SBrkr,996,0,0,996,1,0,1,0,3,1,TA,6,Typ,1,Gd,,0.0,,0,0,,,Y,144,0,0,0,0,0,0,7,2008,WD,Normal,108000,1992,2.0,0,1.818953323903819,0.07161860933342921,0.5,68,0,0,0,4980,6.0,25,992016
564,50,RL,66.0,21780,Pave,Reg,Lvl,AllPub,Inside,Gtl,Edwards,Norm,Norm,1Fam,1.5Fin,6,7,1918,1950,Gable,CompShg,Wd Sdng,Wd Sdng,0.0,TA,TA,BrkTil,Gd,TA,Mn,Unf,0,Unf,0,1163,1163,GasA,Ex,Y,SBrkr,1163,511,0,1674,0,0,2,0,4,1,TA,8,Typ,1,Gd,Detchd,1955.0,Fin,2,396,TA,TA,N,72,36,0,0,144,0,0,7,2008,WD,Normal,185000,2837,2.0,180,1.4381443298969072,0.0768595041322314,0.40994007754670425,90,0,1,1,10044,8.0,36,2802276
565,60,RL,69.0,13346,Pave,IR1,Lvl,AllPub,CulDSac,Gtl,NoRidge,Norm,Norm,1Fam,2Story,7,5,1992,2000,Gable,CompShg,HdBoard,HdBoard,0.0,Gd,TA,PConc,Gd,TA,No,GLQ,728,Unf,0,367,1095,GasA,Ex,Y,SBrkr,1166,1129,0,2295,1,0,2,1,4,1,Gd,9,Typ,1,TA,Attchd,1992.0,RFn,2,590,TA,TA,Y,0,40,0,0,0,0,0,7,2006,WD,Normal,268000,3390,3.5,40,8.214673913043478,0.1719616364453769,0.3230088495575221,14,0,1,1,16065,14.0,49,5267025
566,70,RL,66.0,6858,Pave,Reg,Bnk,AllPub,Corner,Gtl,SWISU,Norm,Norm,1Fam,2Story,6,4,1915,1950,Gable,CompShg,Wd Sdng,Wd Sdng,0.0,TA,TA,PConc,Gd,TA,No,Unf,0,Unf,0,806,806,GasA,TA,N,FuseF,841,806,0,1647,1,0,1,1,4,1,Fa,6,Typ,0,,Detchd,1920.0,Unf,1,216,TA,TA,Y,0,66,136,0,0,0,0,5,2010,WD,Normal,128000,2453,2.5,202,2.04089219330855,0.24015748031496062,0.3285772523440685,95,0,1,1,9882,10.0,36,2712609
567,60,RL,77.0,11198,Pave,IR1,Lvl,AllPub,Inside,Gtl,StoneBr,Norm,Norm,1Fam,2Story,9,5,2005,2007,Hip,CompShg,VinylSd,VinylSd,245.0,Gd,TA,PConc,Gd,Gd,No,Unf,0,Unf,0,1122,1122,GasA,Ex,Y,SBrkr,1134,1370,0,2504,0,0,2,1,4,1,Ex,11,Typ,1,Gd,BuiltIn,2005.0,Fin,3,656,TA,TA,Y,144,39,0,0,0,0,0,6,2008,WD,Normal,325000,3626,2.5,39,2.229741763134461,0.22361135917128058,0.3094318808604523,3,1,1,1,22536,10.0,81,6270016
568,20,RL,70.0,10171,Pave,IR1,Lvl,AllPub,Inside,Gtl,NridgHt,Norm,Norm,1Fam,1Story,7,5,2004,2004,Gable,CompShg,VinylSd,VinylSd,168.0,Gd,TA,PConc,Gd,TA,No,GLQ,2,Unf,0,1515,1517,GasA,Ex,Y,SBrkr,1535,0,0,1535,0,0,2,0,3,1,Gd,7,Typ,0,,Attchd,2004.0,RFn,2,532,TA,TA,Y,0,0,0,0,0,0,0,3,2010,WD,Normal,214000,3052,2.0,0,1.0138522427440633,0.1509192803067545,0.4970511140235911,6,0,0,1,10745,6.0,49,2356225
569,50,RL,79.0,12327,Pave,IR1,Low,AllPub,Inside,Mod,SawyerW,Norm,Norm,1Fam,1.5Fin,8,8,1983,2009,Gable,CompShg,Wd Sdng,Wd Sdng,0.0,Gd,TA,CBlock,Gd,TA,Gd,GLQ,1441,Unf,0,55,1496,GasA,Ex,Y,SBrkr,1496,636,0,2132,1,0,1,1,1,1,Gd,5,Min2,1,Gd,BuiltIn,1983.0,Fin,2,612,Gd,TA,Y,349,40,0,0,0,0,0,9,2009,WD,Normal,316600,3628,2.5,40,63.80357142857143,0.1729536789162002,0.412348401323043,26,0,1,1,17056,2.5,64,4545424
570,90,RL,69.0,7032,Pave,IR1,Lvl,AllPub,Corner,Gtl,NAmes,Norm,Norm,Duplex,SFoyer,5,5,1979,1979,Gable,CompShg,MetalSd,MetalSd,0.0,TA,TA,CBlock,Gd,TA,Gd,GLQ,943,Unf,0,0,943,GasA,TA,Y,SBrkr,943,0,0,943,1,0,1,0,2,1,TA,4,Typ,2,TA,Detchd,1979.0,Unf,2,600,TA,TA,Y,42,0,0,0,0,0,0,12,2006,WD,Normal,135960,1886,2.0,0,1886.0,0.13410125142207052,0.5,27,0,0,1,4715,4.0,25,889249
571,90,RL,74.0,13101,Pave,IR1,Lvl,AllPub,Inside,Gtl,NAmes,Norm,Norm,Duplex,1Story,5,5,1965,1965,Gable,CompShg,HdBoard,HdBoard,108.0,TA,TA,CBlock,TA,TA,No,LwQ,231,Unf,0,1497,1728,GasA,TA,Y,SBrkr,1728,0,0,1728,0,0,2,0,6,2,TA,10,Typ,0,,Detchd,1987.0,Unf,2,576,TA,TA,Y,0,0,0,0,0,0,0,11,2008,WD,Normal,142600,3456,2.0,0,1.3077436582109478,0.13189832837188,0.5,43,0,0,1,8640,12.0,25,2985984
572,20,RL,60.0,7332,Pave,Reg,Lvl,AllPub,Inside,Gtl,NAmes,Norm,Norm,1Fam,1Story,6,6,1959,1959,Gable,CompShg,WdShing,Wd Shng,207.0,TA,TA,CBlock,TA,TA,No,BLQ,414,Unf,0,450,864,GasA,Ex,Y,SBrkr,864,0,0,864,1,0,1,0,2,1,Gd,4,Typ,0,,Attchd,1959.0,Unf,1,288,TA,TA,Y,168,0,0,0,0,0,0,10,2006,WD,Abnorml,120000,1728,2.0,0,2.83370288248337,0.11783960720130933,0.5,47,0,0,1,5184,4.0,36,746496
573,60,RL,83.0,13159,Pave,IR1,HLS,AllPub,Corner,Gtl,Timber,Norm,Norm,1Fam,2Story,7,5,2009,2009,Gable,CompShg,VinylSd,VinylSd,0.0,TA,TA,PConc,Ex,TA,Av,Unf,0,Unf,0,846,846,GasA,Gd,Y,SBrkr,846,846,0,1692,0,0,2,1,3,1,Gd,6,Typ,0,,Attchd,2009.0,RFn,2,650,TA,TA,Y,208,114,0,0,0,0,0,7,2009,New,Partial,224500,2538,2.5,114,1.9976387249114522,0.12858119917926894,0.3333333333333333,0,1,1,1,11844,7.5,49,2862864
574,80,RL,76.0,9967,Pave,IR1,Lvl,AllPub,Inside,Gtl,Gilbert,Norm,Norm,1Fam,SLvl,7,5,2000,2000,Gable,CompShg,VinylSd,VinylSd,0.0,TA,TA,PConc,Gd,TA,No,Unf,0,Unf,0,384,384,GasA,Ex,Y,SBrkr,774,656,0,1430,0,0,2,1,3,1,TA,8,Typ,1,TA,BuiltIn,2000.0,RFn,2,400,TA,TA,Y,100,0,0,0,0,0,0,12,2007,WD,Normal,170000,1814,2.5,0,3.7142857142857144,0.1434734624260058,0.21168687982359427,7,0,1,1,10010,7.5,49,2044900
575,80,RL,70.0,10500,Pave,Reg,Lvl,AllPub,FR2,Gtl,NAmes,Norm,Norm,1Fam,SLvl,5,7,1971,2005,Gambrel,CompShg,MetalSd,AsphShn,82.0,TA,TA,CBlock,TA,TA,Av,ALQ,349,Unf,0,23,372,GasA,TA,Y,SBrkr,576,533,0,1109,0,1,1,0,3,1,TA,5,Typ,0,,BuiltIn,1971.0,Unf,1,288,TA,TA,Y,35,0,0,0,0,0,0,12,2007,WD,Normal,139000,1481,1.5,0,60.75,0.10561904761904761,0.2511816340310601,36,0,1,1,5545,4.5,25,1229881
576,50,RL,80.0,8480,Pave,Reg,Lvl,AllPub,Inside,Gtl,NAmes,Norm,Norm,1Fam,1.5Fin,5,5,1947,1950,Gable,CompShg,MetalSd,MetalSd,0.0,TA,TA,CBlock,TA,TA,No,Rec,442,Unf,0,390,832,GasA,TA,Y,SBrkr,832,384,0,1216,0,0,1,0,2,1,TA,6,Typ,0,,Detchd,1947.0,Unf,1,336,TA,TA,Y,158,0,102,0,0,0,0,10,2008,COD,Abnorml,118500,2048,1.0,102,4.240409207161125,0.14339622641509434,0.40625,61,0,1,1,6080,2.0,25,1478656
577,50,RL,52.0,6292,Pave,Reg,Lvl,AllPub,Inside,Gtl,SWISU,Norm,Norm,1Fam,1.5Fin,7,7,1928,1950,Gable,CompShg,Wd Sdng,Wd Sdng,0.0,TA,TA,BrkTil,TA,TA,No,Unf,0,Unf,0,861,861,GasA,Gd,Y,SBrkr,877,600,0,1477,0,1,2,0,3,1,TA,6,Typ,1,Gd,Detchd,1928.0,Unf,1,216,TA,TA,Y,0,50,0,0,0,0,0,8,2009,WD,Normal,145000,2338,2.5,50,1.7134570765661252,0.23474253019707564,0.36826347305389223,81,0,1,1,10339,7.5,49,2181529
578,80,RL,96.0,11777,Pave,IR1,Lvl,AllPub,Inside,Gtl,Sawyer,Norm,Norm,1Fam,SLvl,5,6,1966,1966,Gable,CompShg,VinylSd,VinylSd,97.0,TA,TA,CBlock,TA,TA,Av,LwQ,328,ALQ,551,285,1164,GasA,Ex,Y,SBrkr,1320,0,0,1320,1,0,1,0,3,1,TA,6,Typ,2,Fa,Attchd,1966.0,RFn,2,564,TA,TA,Y,160,68,240,0,0,0,0,5,2006,WD,Abnorml,164500,2484,2.0,308,7.688811188811189,0.11208287339729982,0.46859903381642515,40,0,0,1,6600,6.0,25,1742400
579,160,FV,34.0,3604,Pave,Reg,Lvl,AllPub,Corner,Gtl,Somerst,Norm,Norm,TwnhsE,2Story,7,5,2007,2007,Gable,CompShg,VinylSd,VinylSd,0.0,Gd,TA,PConc,Gd,TA,No,Unf,0,Unf,0,689,689,GasA,Ex,Y,SBrkr,703,689,0,1392,0,0,2,0,2,1,Gd,5,Typ,0,,Detchd,2007.0,Unf,2,540,TA,TA,Y,0,102,0,0,0,0,0,2,2008,WD,Abnorml,146000,2081,2.0,102,2.017391304347826,0.38623751387347394,0.3310908217203268,1,1,1,1,9744,4.0,49,1937664
580,50,RM,81.0,12150,Pave,Reg,Lvl,AllPub,Inside,Gtl,OldTown,Norm,Norm,1Fam,1.5Fin,5,5,1954,1954,Gable,CompShg,MetalSd,MetalSd,335.0,TA,TA,BrkTil,TA,TA,No,Unf,0,Unf,0,1050,1050,GasA,Ex,N,FuseF,1050,745,0,1795,0,0,2,0,4,1,TA,7,Typ,0,,Attchd,1954.0,Unf,1,352,Fa,TA,Y,0,0,0,0,0,0,0,11,2008,WD,Normal,131500,2845,2.0,0,1.7078972407231208,0.14773662551440328,0.36906854130052724,54,0,1,1,8975,8.0,25,3222025
581,20,RL,69.0,14585,Pave,IR1,Lvl,AllPub,CulDSac,Gtl,NAmes,Norm,Norm,1Fam,1Story,6,6,1960,1987,Gable,CompShg,Wd Sdng,Wd Sdng,85.0,TA,TA,CBlock,TA,TA,No,BLQ,594,Rec,219,331,1144,GasA,Ex,Y,SBrkr,1429,0,0,1429,0,1,1,0,3,1,Gd,7,Typ,2,Gd,Attchd,1960.0,Unf,2,572,TA,TA,Y,216,110,0,0,0,0,0,6,2007,WD,Normal,181900,2573,1.5,110,6.753012048192771,0.09797737401439835,0.4446171783909833,47,0,0,1,8574,4.5,36,2042041
582,20,RL,98.0,12704,Pave,Reg,Lvl,AllPub,Inside,Gtl,NridgHt,Norm,Norm,1Fam,1Story,8,5,2008,2009,Hip,CompShg,VinylSd,VinylSd,306.0,Ex,TA,PConc,Ex,TA,No,Unf,0,Unf,0,2042,2042,GasA,Ex,Y,SBrkr,2042,0,0,2042,0,0,2,1,3,1,Ex,8,Typ,1,Gd,Attchd,2009.0,RFn,3,1390,TA,TA,Y,0,90,0,0,0,0,0,8,2009,New,Partial,253293,4084,2.5,90,0.9995105237395986,0.1607367758186398,0.5,1,1,0,1,16336,7.5,64,4169764
583,90,RL,81.0,11841,Grvl,Reg,Lvl,AllPub,Inside,Gtl,Edwards,Norm,Norm,Duplex,SFoyer,6,5,1990,1990,Gable,CompShg,HdBoard,HdBoard,104.0,TA,Gd,CBlock,Gd,TA,Av,GLQ,816,Unf,0,0,816,GasA,TA,Y,SBrkr,816,0,0,816,1,0,1,0,3,1,TA,5,Typ,0,,,0.0,,0,0,,,Y,0,32,0,0,0,0,0,5,2007,WD,Normal,118500,1632,2.0,32,1632.0,0.06891309855586522,0.5,17,0,0,0,4896,6.0,36,665856
584,75,RM,75.0,13500,Pave,Reg,Lvl,AllPub,Inside,Gtl,OldTown,Artery,PosA,1Fam,2.5Unf,10,9,1893,2000,Gable,CompShg,Wd Sdng,Wd Sdng,0.0,Ex,Ex,BrkTil,TA,TA,No,Unf,0,Unf,0,1237,1237,GasA,Gd,Y,SBrkr,1521,1254,0,2775,0,0,3,1,3,1,Gd,9,Typ,1,Gd,Detchd,1988.0,Unf,2,880,Gd,TA,Y,105,502,0,0,0,0,0,7,2008,WD,Normal,325000,4012,3.5,502,2.241518578352181,0.20555555555555555,0.30832502492522434,115,0,1,1,27750,10.5,100,7700625
585,50,RM,51.0,6120,Pave,Reg,Lvl,AllPub,Inside,Gtl,BrkSide,Norm,Norm,1Fam,1.5Fin,4,7,1935,1995,Gable,CompShg,AsbShng,AsbShng,0.0,TA,TA,BrkTil,TA,TA,No,Unf,0,Unf,0,884,884,GasA,Ex,Y,SBrkr,989,584,0,1573,0,0,1,0,3,1,Gd,6,Typ,0,,Detchd,1935.0,Unf,1,240,TA,TA,Y,0,0,54,0,120,0,0,7,2009,WD,Normal,133000,2457,1.0,174,1.7774011299435029,0.25702614379084965,0.35978835978835977,74,0,1,1,6292,3.0,16,2474329
586,20,RL,88.0,11443,Pave,Reg,Lvl,AllPub,Inside,Gtl,Timber,Norm,Norm,1Fam,1Story,8,5,2005,2006,Hip,CompShg,VinylSd,VinylSd,208.0,Gd,TA,PConc,Ex,TA,Gd,GLQ,1460,Unf,0,408,1868,GasA,Ex,Y,SBrkr,2028,0,0,2028,1,0,2,0,2,1,Gd,7,Typ,2,Gd,Attchd,2005.0,RFn,3,880,TA,TA,Y,326,66,0,0,0,0,0,3,2006,New,Partial,369900,3896,3.0,66,8.528117359413203,0.1772262518570305,0.4794661190965092,1,1,0,1,16224,6.0,64,4112784
587,30,RL,55.0,10267,Pave,Reg,Lvl,AllPub,Inside,Gtl,BrkSide,RRAn,Norm,1Fam,1Story,6,7,1918,2000,Gable,CompShg,Stucco,Wd Shng,0.0,TA,Gd,BrkTil,TA,Gd,Mn,Rec,210,ALQ,606,0,816,GasA,Ex,Y,SBrkr,838,0,0,838,1,0,1,0,2,1,Fa,5,Typ,0,,Detchd,1961.0,Fin,1,275,TA,TA,N,0,0,112,0,0,0,0,5,2008,WD,Normal,130000,1654,2.0,112,1654.0,0.08162072659978573,0.49334945586457074,90,0,0,1,5028,4.0,36,702244
588,85,RL,74.0,8740,Pave,IR1,Lvl,AllPub,Inside,Gtl,Sawyer,Norm,Norm,1Fam,SFoyer,5,6,1982,1982,Hip,CompShg,HdBoard,HdBoard,0.0,TA,TA,CBlock,TA,TA,Av,ALQ,672,Unf,0,168,840,GasA,TA,Y,SBrkr,860,0,0,860,1,0,1,0,2,1,TA,4,Typ,0,,Detchd,1996.0,Unf,2,528,TA,TA,Y,0,0,0,0,0,0,0,7,2009,WD,Normal,137000,1700,2.0,0,9.065088757396449,0.09839816933638444,0.49411764705882355,27,0,0,1,4300,4.0,25,739600
589,20,RL,65.0,25095,Pave,IR1,Low,AllPub,Inside,Sev,ClearCr,Norm,Norm,1Fam,1Story,5,8,1968,2003,Flat,Tar&Grv,Wd Sdng,Wd Sdng,0.0,TA,TA,CBlock,TA,TA,Gd,GLQ,1324,Unf,0,113,1437,GasA,Ex,Y,SBrkr,1473,0,0,1473,2,0,1,0,1,1,Ex,5,Typ,2,Gd,Attchd,1968.0,Unf,1,452,TA,TA,Y,0,48,0,0,60,0,0,6,2009,WD,Partial,143000,2910,3.0,108,24.535087719298247,0.058696951583980875,0.49381443298969074,41,0,0,1,7365,3.0,25,2169729
590,40,RM,50.0,9100,Pave,Reg,Lvl,AllPub,Inside,Gtl,BrkSide,RRAn,Feedr,1Fam,1Story,5,6,1930,1960,Gable,CompShg,VinylSd,VinylSd,0.0,TA,TA,BrkTil,TA,TA,No,Unf,0,Unf,0,742,742,GasA,TA,Y,FuseA,779,0,156,935,0,0,1,0,2,1,TA,4,Typ,0,,Detchd,1988.0,Unf,1,308,TA,TA,P,0,0,0,0,0,0,600,8,2008,WD,Normal,79500,1521,1.0,0,1.2584118438761775,0.10274725274725274,0.4878369493754109,78,0,0,1,4675,2.0,25,874225
591,60,RL,64.0,8320,Pave,Reg,Lvl,AllPub,Inside,Gtl,CollgCr,Norm,Norm,1Fam,2Story,7,5,2004,2004,Gable,CompShg,VinylSd,VinylSd,0.0,Gd,TA,PConc,Gd,TA,No,GLQ,490,Unf,0,280,770,GasA,Ex,Y,SBrkr,770,812,0,1582,0,0,2,1,3,1,Gd,6,Typ,0,,Attchd,2004.0,RFn,2,520,TA,TA,Y,0,45,0,0,0,0,0,9,2008,WD,Normal,185900,2352,2.5,45,7.3736654804270465,0.19014423076923076,0.3273809523809524,4,0,1,1,11074,7.5,49,2502724
592,60,RL,97.0,13478,Pave,IR1,Lvl,AllPub,Corner,Gtl,NridgHt,Norm,Norm,1Fam,2Story,10,5,2008,2008,Gable,CompShg,CemntBd,CmentBd,420.0,Ex,TA,PConc,Ex,TA,Gd,GLQ,1338,Unf,0,384,1722,GasA,Ex,Y,SBrkr,1728,568,0,2296,1,0,2,1,3,1,Ex,10,Typ,1,Gd,BuiltIn,2008.0,RFn,3,842,TA,TA,Y,382,274,0,0,0,0,0,6,2009,ConLI,Normal,451950,4018,3.5,274,9.43896103896104,0.1703516842261463,0.42857142857142855,1,1,1,1,22960,10.5,100,5271616
593,20,RL,60.0,6600,Pave,Reg,Lvl,AllPub,Inside,Gtl,Mitchel,Norm,Norm,1Fam,1Story,5,8,1982,2003,Gable,CompShg,HdBoard,HdBoard,0.0,TA,Gd,PConc,TA,Gd,No,GLQ,816,Unf,0,0,816,GasA,Ex,Y,SBrkr,816,0,0,816,1,0,1,0,2,1,TA,4,Typ,0,,Detchd,1985.0,Fin,2,816,TA,TA,Y,0,0,0,0,0,0,0,6,2008,WD,Normal,138000,1632,2.0,0,1632.0,0.12363636363636364,0.5,26,0,0,1,4080,4.0,25,665856
594,120,RM,69.0,4435,Pave,Reg,Lvl,AllPub,Inside,Gtl,CollgCr,Norm,Norm,TwnhsE,1Story,6,5,2003,2003,Gable,CompShg,VinylSd,VinylSd,170.0,Gd,TA,PConc,Gd,TA,Av,GLQ,685,Unf,0,163,848,GasA,Ex,Y,SBrkr,848,0,0,848,1,0,1,0,1,1,Gd,4,Typ,0,,Attchd,2003.0,Fin,2,420,TA,TA,Y,140,0,0,0,0,0,0,5,2009,WD,Normal,140000,1696,2.0,0,9.347560975609756,0.19120631341600902,0.5,6,0,0,1,5088,2.0,36,719104
595,20,RL,88.0,7990,Pave,IR1,Lvl,AllPub,Inside,Gtl,CollgCr,Norm,Norm,1Fam,1Story,5,6,1975,1975,Hip,CompShg,HdBoard,HdBoard,0.0,TA,TA,CBlock,Gd,TA,No,Unf,0,Unf,0,924,924,GasA,TA,Y,SBrkr,924,0,0,924,0,0,1,0,3,1,TA,5,Typ,0,,Detchd,1981.0,Unf,1,280,TA,TA,Y,0,0,0,0,0,0,0,4,2008,WD,Normal,110000,1848,1.0,0,0.9989189189189189,0.11564455569461828,0.5,33,0,0,1,4620,3.0,25,853776
596,20,RL,69.0,11302,Pave,IR1,Lvl,AllPub,Inside,Gtl,StoneBr,Norm,Norm,1Fam,1Story,8,5,2005,2006,Gable,CompShg,VinylSd,Other,238.0,Gd,TA,PConc,Gd,TA,Gd,GLQ,1422,Unf,0,392,1814,GasA,Ex,Y,SBrkr,1826,0,0,1826,1,0,2,0,3,1,Gd,7,Typ,1,TA,Attchd,2005.0,Fin,3,758,TA,TA,Y,180,75,0,0,120,0,0,8,2006,New,Partial,319000,3640,3.0,195,8.264631043256998,0.1615643248982481,0.49835164835164836,1,1,0,1,14608,9.0,64,3334276
597,70,RM,60.0,3600,Pave,Reg,Lvl,AllPub,Inside,Gtl,OldTown,Norm,Norm,1Fam,2Story,6,7,1910,1993,Gable,CompShg,VinylSd,VinylSd,0.0,TA,TA,CBlock,TA,TA,No,Unf,0,Unf,0,684,684,GasA,Ex,N,FuseA,684,684,0,1368,0,0,1,0,3,1,TA,7,Typ,0,,Detchd,1930.0,Unf,1,216,TA,Fa,N,0,158,0,0,0,0,0,10,2006,WD,Normal,114504,2052,1.0,158,1.9970802919708028,0.38,0.3333333333333333,96,0,1,1,8208,3.0,36,1871424
598,120,RL,53.0,3922,Pave,Reg,Lvl,AllPub,Inside,Gtl,Blmngtn,Norm,Norm,TwnhsE,1Story,7,5,2006,2007,Gable,CompShg,VinylSd,VinylSd,72.0,Gd,TA,PConc,Ex,TA,Av,Unf,0,Unf,0,1258,1258,GasA,Ex,Y,SBrkr,1402,0,0,1402,0,2,0,2,2,1,Gd,7,Typ,1,Gd,Attchd,2006.0,Fin,3,648,TA,TA,Y,120,16,0,0,0,0,0,2,2007,New,Partial,194201,2660,2.0,16,1.113582208101668,0.3574706782253952,0.47293233082706765,1,1,0,1,9814,4.0,49,1965604
599,20,RL,80.0,12984,Pave,Reg,Bnk,AllPub,Inside,Gtl,Crawfor,Norm,Norm,1Fam,1Story,5,6,1977,1977,Gable,CompShg,Plywood,Plywood,459.0,TA,TA,CBlock,Gd,TA,Mn,ALQ,1283,LwQ,147,0,1430,GasA,Ex,Y,SBrkr,1647,0,0,1647,1,0,2,0,3,1,Gd,7,Typ,1,TA,Attchd,1977.0,Fin,2,621,TA,TA,Y,0,0,0,0,0,0,0,3,2006,WD,Normal,217500,3077,3.0,0,3077.0,0.12684842883548983,0.4647383815404615,29,0,0,1,8235,9.0,25,2712609
600,160,RM,24.0,1950,Pave,Reg,Lvl,AllPub,Inside,Gtl,Blueste,Norm,Norm,Twnhs,2Story,6,6,1980,1980,Gable,CompShg,MetalSd,MetalSd,0.0,TA,Gd,CBlock,Gd,TA,No,LwQ,81,GLQ,612,23,716,GasA,TA,Y,SBrkr,716,840,0,1556,1,0,2,1,3,1,TA,6,Typ,1,TA,Attchd,1980.0,Fin,2,452,TA,TA,Y,161,0,0,0,0,0,0,7,2008,COD,Normal,151000,2272,3.5,0,93.70833333333333,0.7979487179487179,0.31514084507042256,28,0,1,1,9336,10.5,36,2421136
601,60,RL,74.0,10927,Pave,Reg,Lvl,AllPub,Inside,Gtl,NridgHt,Norm,Norm,1Fam,2Story,8,5,2005,2005,Gable,CompShg,VinylSd,VinylSd,280.0,Gd,TA,PConc,Gd,TA,Av,GLQ,546,Unf,0,512,1058,GasA,Ex,Y,SBrkr,1058,846,0,1904,1,0,2,1,3,1,Ex,8,Typ,1,Gd,BuiltIn,2003.0,Fin,2,736,TA,TA,Y,179,60,0,0,0,0,0,6,2006,WD,Normal,275000,2962,3.5,60,4.775828460038986,0.17424727738629084,0.3571910871033086,1,1,1,1,15232,10.5,64,3625216
602,50,RM,50.0,9000,Pave,Reg,Bnk,AllPub,Inside,Gtl,IDOTRR,Norm,Norm,1Fam,1.5Fin,6,6,1937,1950,Gable,CompShg,Wd Sdng,Wd Sdng,0.0,TA,Gd,PConc,TA,TA,No,Unf,0,Unf,0,780,780,GasA,TA,Y,SBrkr,780,595,0,1375,0,0,1,1,3,1,Gd,6,Typ,1,Gd,Detchd,1979.0,Unf,1,544,TA,TA,P,0,162,0,0,126,0,0,12,2007,WD,Normal,141000,2155,1.5,288,1.7605633802816902,0.1527777777777778,0.3619489559164733,70,0,1,1,8250,4.5,36,1890625
603,60,RL,80.0,10041,Pave,IR1,Lvl,AllPub,Inside,Gtl,SawyerW,Norm,Norm,1Fam,2Story,8,5,1992,1992,Gable,CompShg,HdBoard,HdBoard,0.0,Gd,TA,PConc,Gd,TA,Mn,GLQ,789,Unf,0,119,908,GasA,Ex,Y,SBrkr,927,988,0,1915,1,0,2,1,3,1,Gd,8,Typ,1,TA,Attchd,1992.0,Fin,2,506,TA,TA,Y,120,150,0,0,0,0,0,2,2006,WD,Abnorml,220000,2823,3.5,150,22.533333333333335,0.19071805597052086,0.32164364151611763,14,0,1,1,15320,10.5,64,3667225
604,160,FV,30.0,3182,Pave,Reg,Lvl,AllPub,Inside,Gtl,Somerst,Norm,Norm,TwnhsE,2Story,7,5,2004,2005,Gable,CompShg,MetalSd,MetalSd,0.0,Gd,TA,PConc,Gd,TA,No,Unf,0,Unf,0,600,600,GasA,Ex,Y,SBrkr,600,600,0,1200,0,0,2,1,2,1,Gd,4,Typ,0,,Detchd,2004.0,RFn,2,480,TA,TA,Y,0,172,0,0,0,0,0,6,2010,WD,Normal,151000,1800,2.5,172,1.9966722129783694,0.3771213073538655,0.3333333333333333,6,0,1,1,8400,5.0,49,1440000
605,20,RL,88.0,12803,Pave,IR1,Lvl,AllPub,Inside,Gtl,CollgCr,Norm,Norm,1Fam,1Story,7,5,2002,2002,Gable,CompShg,VinylSd,VinylSd,99.0,Gd,TA,PConc,Gd,TA,Mn,GLQ,922,Unf,0,572,1494,GasA,Ex,Y,SBrkr,1494,0,0,1494,1,0,2,0,3,1,Gd,6,Typ,1,TA,Attchd,2002.0,RFn,2,530,TA,TA,Y,192,36,0,0,0,0,0,9,2008,WD,Normal,221000,2988,3.0,36,4.216404886561954,0.11669140045301882,0.5,6,0,0,1,10458,9.0,49,2232036
606,60,RL,85.0,13600,Pave,Reg,Lvl,AllPub,Inside,Gtl,NAmes,Norm,Norm,1Fam,2Story,7,6,1965,1990,Gable,CompShg,HdBoard,HdBoard,176.0,TA,TA,CBlock,TA,TA,No,BLQ,454,Unf,0,314,768,GasA,TA,Y,SBrkr,1186,800,0,1986,0,0,2,1,3,1,TA,7,Typ,3,Fa,Attchd,1965.0,Unf,2,486,TA,TA,Y,0,42,0,0,189,0,0,10,2009,WD,Normal,205000,2754,2.5,231,7.746031746031746,0.14602941176470588,0.2788671023965142,44,0,1,1,13902,7.5,49,3944196
607,20,RL,82.0,12464,Pave,IR2,Low,AllPub,Corner,Mod,CollgCr,Norm,Norm,1Fam,1Story,5,5,1996,1996,Gable,CompShg,VinylSd,VinylSd,0.0,TA,Gd,PConc,Gd,TA,No,GLQ,732,Unf,0,308,1040,GasA,Gd,Y,SBrkr,1040,0,0,1040,1,0,1,0,3,1,Gd,6,Typ,0,,Detchd,2000.0,Unf,2,576,TA,TA,Y,168,0,0,0,0,0,0,11,2009,WD,Normal,152000,2080,2.0,0,5.73462783171521,0.0834403080872914,0.5,13,0,0,1,5200,6.0,25,1081600
608,20,RL,78.0,7800,Pave,Reg,Bnk,AllPub,Inside,Mod,Edwards,Norm,Norm,1Fam,2Story,5,8,1948,2002,Gable,CompShg,MetalSd,MetalSd,0.0,TA,Gd,CBlock,TA,Gd,No,GLQ,603,Unf,0,293,896,GasA,Ex,Y,SBrkr,1112,896,0,2008,1,0,3,0,3,1,Ex,8,Typ,0,,Attchd,1948.0,Unf,1,230,TA,TA,Y,103,0,0,0,0,0,0,8,2006,WD,Normal,225000,2904,4.0,0,8.880952380952381,0.25743589743589745,0.3085399449035813,58,0,1,1,10040,12.0,25,4032064
609,70,RL,78.0,12168,Pave,Reg,HLS,AllPub,Inside,Mod,Crawfor,Norm,Norm,1Fam,2Story,8,6,1934,1998,Gable,CompShg,BrkFace,Wd Sdng,0.0,TA,TA,PConc,Gd,TA,Mn,BLQ,428,Unf,0,537,965,GasA,TA,Y,SBrkr,1940,1254,0,3194,0,0,2,1,4,1,TA,10,Typ,2,Gd,Basment,1934.0,Unf,2,380,TA,TA,Y,0,0,0,0,0,0,0,9,2007,WD,Alloca,359100,4159,2.5,0,6.732342007434944,0.26249178172255094,0.23202692955037268,73,0,1,1,25552,10.0,64,10201636
610,20,RL,61.0,7943,Pave,Reg,Lvl,AllPub,Inside,Gtl,Sawyer,Feedr,Norm,1Fam,1Story,4,5,1961,1961,Gable,CompShg,VinylSd,VinylSd,192.0,TA,Fa,CBlock,TA,TA,Mn,Rec,903,Unf,0,126,1029,GasA,Gd,Y,SBrkr,1029,0,0,1029,1,0,1,0,3,1,TA,5,Typ,0,,Attchd,1961.0,Unf,1,261,TA,TA,Y,64,0,39,0,0,0,0,4,2007,WD,Normal,118500,2058,2.0,39,15.21259842519685,0.12954802971169582,0.5,46,0,0,1,4116,6.0,16,1058841
611,60,RL,69.0,11050,Pave,Reg,Lvl,AllPub,Inside,Gtl,CollgCr,PosN,Norm,1Fam,2Story,9,5,2000,2000,Hip,CompShg,VinylSd,VinylSd,204.0,Gd,TA,PConc,Ex,TA,Mn,GLQ,904,Unf,0,536,1440,GasA,Ex,Y,SBrkr,1476,677,0,2153,1,0,2,1,3,1,Ex,8,Typ,2,Ex,Attchd,2000.0,Fin,3,736,TA,TA,Y,253,142,0,0,0,0,0,5,2009,WD,Normal,313000,3593,3.5,142,5.692737430167598,0.194841628959276,0.40077929306985804,9,0,1,1,19377,10.5,81,4635409
612,80,RL,69.0,10395,Pave,IR1,Lvl,AllPub,FR2,Gtl,NWAmes,Norm,Norm,1Fam,SLvl,6,6,1978,1978,Gable,CompShg,HdBoard,HdBoard,233.0,TA,TA,CBlock,Gd,TA,Av,ALQ,605,Unf,0,427,1032,GasA,TA,Y,SBrkr,1032,0,0,1032,0,1,2,0,3,1,TA,6,Typ,1,TA,Attchd,1978.0,Unf,2,564,TA,TA,Y,0,0,0,0,0,0,500,7,2007,WD,Normal,148000,2064,2.5,0,3.824766355140187,0.09927849927849929,0.5,29,0,0,1,6192,7.5,36,1065024
613,60,RL,69.0,11885,Pave,Reg,Lvl,AllPub,Inside,Gtl,CollgCr,Norm,Norm,1Fam,2Story,8,5,2001,2001,Gable,CompShg,VinylSd,VinylSd,108.0,Gd,TA,PConc,Gd,TA,Av,GLQ,990,Unf,0,309,1299,GasA,Ex,Y,SBrkr,1299,573,0,1872,1,0,2,1,3,1,Ex,7,Typ,1,TA,BuiltIn,2001.0,RFn,2,531,TA,TA,Y,160,122,0,0,0,0,0,11,2009,WD,Normal,261500,3171,3.5,122,9.23225806451613,0.15750946571308372,0.4096499526963103,8,0,1,1,14976,10.5,64,3504384
614,20,RL,70.0,8402,Pave,Reg,Lvl,AllPub,Inside,Gtl,Mitchel,Feedr,Norm,1Fam,1Story,5,5,2007,2007,Gable,CompShg,VinylSd,VinylSd,0.0,TA,TA,PConc,Gd,TA,No,ALQ,206,Unf,0,914,1120,GasA,Ex,Y,SBrkr,1120,0,0,1120,0,0,1,0,3,1,TA,6,Typ,0,,,0.0,,0,0,,,Y,0,30,0,0,0,0,0,12,2007,New,Partial,147000,2240,1.0,30,1.4491803278688524,0.13330159485836707,0.5,0,1,0,0,5600,3.0,25,1254400
615,180,RM,21.0,1491,Pave,Reg,Lvl,AllPub,Inside,Gtl,MeadowV,Norm,Norm,TwnhsE,SFoyer,4,6,1972,1972,Gable,CompShg,CemntBd,CmentBd,0.0,TA,TA,CBlock,Gd,TA,Av,LwQ,150,GLQ,480,0,630,GasA,Ex,Y,SBrkr,630,0,0,630,1,0,1,0,1,1,TA,3,Typ,0,,,0.0,,0,0,,,Y,96,24,0,0,0,0,0,5,2010,WD,Normal,75500,1260,2.0,24,1260.0,0.4225352112676056,0.5,38,0,0,0,2520,2.0,16,396900
616,85,RL,80.0,8800,Pave,Reg,Lvl,AllPub,Inside,Gtl,NAmes,Feedr,Norm,1Fam,SFoyer,6,7,1963,1963,Gable,CompShg,MetalSd,MetalSd,156.0,TA,Gd,PConc,TA,TA,Gd,GLQ,763,Unf,0,173,936,GasA,Ex,Y,SBrkr,1054,0,0,1054,1,0,1,0,3,1,Gd,6,Typ,0,,Attchd,1963.0,RFn,2,480,TA,TA,Y,120,0,0,0,0,0,0,5,2010,WD,Abnorml,137500,1990,2.0,0,10.442528735632184,0.11977272727272727,0.47035175879396984,47,0,0,1,6324,6.0,36,1110916
617,60,RL,69.0,7861,Pave,IR1,Lvl,AllPub,Inside,Gtl,Gilbert,Norm,Norm,1Fam,2Story,6,5,2002,2003,Gable,CompShg,VinylSd,VinylSd,0.0,Gd,TA,PConc,Gd,TA,No,GLQ,457,Unf,0,326,783,GasA,Ex,Y,SBrkr,807,702,0,1509,1,0,2,1,3,1,Gd,7,Typ,1,Gd,Attchd,2002.0,Fin,2,393,TA,TA,Y,100,75,0,0,0,0,0,6,2006,WD,Normal,183200,2292,3.5,75,6.01223241590214,0.19196031039307976,0.3416230366492147,4,0,1,1,9054,10.5,36,2277081
618,45,RL,59.0,7227,Pave,Reg,HLS,AllPub,Corner,Mod,NAmes,Artery,Norm,1Fam,1.5Unf,6,6,1954,1954,Gable,CompShg,MetalSd,MetalSd,0.0,TA,TA,CBlock,TA,TA,No,Unf,0,Unf,0,832,832,GasA,Gd,Y,SBrkr,832,0,0,832,0,0,1,0,2,1,Gd,4,Typ,0,,Detchd,1962.0,Unf,2,528,TA,TA,Y,0,0,0,0,0,0,0,6,2008,WD,Normal,105500,1664,1.0,0,0.9987995198079231,0.11512384115123842,0.5,54,0,0,1,4992,2.0,36,692224
619,20,RL,90.0,11694,Pave,Reg,Lvl,AllPub,Inside,Gtl,NridgHt,Norm,Norm,1Fam,1Story,9,5,2007,2007,Hip,CompShg,CemntBd,CmentBd,452.0,Ex,TA,PConc,Ex,TA,Av,GLQ,48,Unf,0,1774,1822,GasA,Ex,Y,SBrkr,1828,0,0,1828,0,0,2,0,3,1,Gd,9,Typ,1,Gd,Attchd,2007.0,Unf,3,774,TA,TA,Y,0,108,0,0,260,0,0,7,2007,New,Partial,314813,3650,2.0,368,1.0569014084507042,0.15631948007525226,0.49917808219178084,0,1,0,1,16452,6.0,81,3341584
620,60,RL,85.0,12244,Pave,Reg,Lvl,AllPub,Inside,Gtl,Timber,Norm,Norm,1Fam,2Story,8,5,2003,2003,Hip,CompShg,VinylSd,VinylSd,226.0,Gd,TA,PConc,Gd,TA,Gd,GLQ,871,Unf,0,611,1482,GasA,Ex,Y,SBrkr,1482,780,0,2262,1,0,2,1,4,1,Gd,10,Typ,2,Gd,Attchd,2003.0,Fin,3,749,TA,TA,Y,168,0,0,0,0,0,0,8,2008,WD,Normal,305000,3744,3.5,0,5.119281045751634,0.1847435478601764,0.3958333333333333,5,0,1,1,18096,14.0,64,5116644
621,30,RL,45.0,8248,Pave,Reg,Lvl,AllPub,Inside,Gtl,Edwards,Norm,Norm,1Fam,1Story,3,3,1914,1950,Gable,CompShg,Stucco,Stucco,0.0,TA,TA,BrkTil,TA,TA,No,BLQ,41,Unf,0,823,864,GasA,TA,N,FuseF,864,0,0,864,1,0,1,0,2,1,TA,5,Typ,0,,,0.0,,0,0,,,N,0,0,100,0,0,0,0,9,2008,WD,Normal,67000,1728,2.0,100,1.0983009708737863,0.10475266731328807,0.5,94,0,0,0,2592,4.0,9,746496
622,60,RL,90.0,10800,Pave,Reg,Lvl,AllPub,Inside,Gtl,NWAmes,Norm,Norm,1Fam,2Story,6,7,1974,1997,Gable,CompShg,HdBoard,HdBoard,0.0,TA,TA,CBlock,TA,TA,No,ALQ,956,Rec,182,384,1522,GasA,TA,Y,SBrkr,1548,1066,0,2614,0,0,2,1,4,1,TA,9,Typ,1,TA,Attchd,1974.0,RFn,2,624,TA,TA,Y,38,243,0,0,0,0,0,6,2008,WD,Normal,240000,4136,2.5,243,9.745454545454546,0.24203703703703705,0.3679883945841393,34,0,1,1,15684,10.0,36,6832996
623,20,RL,71.0,7064,Pave,Reg,Lvl,AllPub,Inside,Gtl,Sawyer,Norm,Norm,1Fam,1Story,5,6,1977,1977,Gable,CompShg,Plywood,Plywood,153.0,TA,TA,CBlock,TA,TA,No,BLQ,560,Unf,0,420,980,GasA,TA,Y,SBrkr,980,0,0,980,0,0,1,0,3,1,TA,6,Typ,0,,Detchd,1986.0,Unf,2,484,TA,TA,Y,192,0,0,0,0,0,0,7,2009,WD,Normal,135000,1960,1.0,0,3.657957244655582,0.13873159682899208,0.5,32,0,0,1,4900,3.0,25,960400
624,160,FV,69.0,2117,Pave,Reg,Lvl,AllPub,Inside,Gtl,Somerst,Norm,Norm,TwnhsE,2Story,6,5,2000,2000,Gable,CompShg,MetalSd,MetalSd,513.0,Gd,TA,PConc,Gd,TA,No,GLQ,420,Unf,0,336,756,GasA,Ex,Y,SBrkr,756,756,0,1512,0,0,2,1,2,1,Gd,4,Typ,1,TA,Detchd,2000.0,Unf,2,440,TA,TA,Y,0,32,0,0,0,0,0,6,2007,WD,Normal,168500,2268,2.5,32,5.732937685459941,0.7142182333490789,0.3333333333333333,7,0,1,1,9072,5.0,36,2286144
625,60,RL,80.0,10400,Pave,Reg,Lvl,AllPub,Inside,Gtl,NWAmes,Norm,Norm,1Fam,2Story,6,5,1972,1972,Gable,CompShg,VinylSd,VinylSd,288.0,TA,TA,CBlock,TA,TA,No,Rec,247,Unf,0,485,732,GasA,Gd,Y,SBrkr,1012,778,0,1790,1,0,1,2,4,1,TA,8,Min2,1,TA,Attchd,1972.0,RFn,2,484,TA,TA,Y,148,0,0,0,147,0,0,11,2006,WD,Normal,165150,2522,3.0,147,4.191358024691358,0.17211538461538461,0.29024583663758924,34,0,1,1,10740,12.0,36,3204100
626,20,RL,87.0,10000,Pave,IR1,Lvl,AllPub,Corner,Gtl,NAmes,Norm,Norm,1Fam,1Story,6,6,1962,1962,Hip,CompShg,Wd Sdng,Wd Sdng,261.0,TA,TA,CBlock,TA,TA,No,Unf,0,Unf,0,1116,1116,GasA,TA,Y,SBrkr,1116,0,0,1116,0,0,1,1,3,1,TA,5,Typ,0,,Attchd,1962.0,Unf,2,440,TA,TA,Y,0,0,0,0,385,0,0,2,2010,WD,Normal,160000,2232,1.5,385,0.999104744852283,0.1116,0.5,48,0,0,1,6696,4.5,36,1245456
627,20,RL,69.0,12342,Pave,IR1,Lvl,AllPub,Inside,Gtl,NAmes,Norm,Norm,1Fam,1Story,5,5,1960,1978,Hip,CompShg,Wd Sdng,Wd Sdng,0.0,TA,TA,CBlock,TA,TA,No,Unf,0,Unf,0,978,978,GasA,TA,Y,SBrkr,1422,0,0,1422,0,0,1,0,3,1,TA,6,Min1,1,TA,Attchd,1960.0,RFn,1,286,TA,TA,Y,0,0,36,0,0,0,600,8,2007,WD,Normal,139900,2400,1.0,36,1.452502553626149,0.11521633446767136,0.4075,47,0,0,1,7110,3.0,25,2022084
628,80,RL,80.0,9600,Pave,Reg,Lvl,AllPub,Inside,Gtl,NAmes,Norm,Norm,1Fam,SLvl,6,6,1955,1972,Gable,CompShg,AsbShng,AsbShng,164.0,TA,TA,CBlock,TA,TA,Av,BLQ,674,LwQ,132,350,1156,GasA,Ex,Y,SBrkr,1520,0,0,1520,1,0,1,0,3,1,TA,7,Typ,2,Gd,Basment,1955.0,RFn,1,364,TA,TA,Y,0,0,189,0,0,0,0,3,2010,WD,Normal,153000,2676,2.0,189,6.626780626780627,0.15833333333333333,0.4319880418535127,55,0,0,1,9120,6.0,36,2310400
629,60,RL,70.0,11606,Pave,IR1,HLS,AllPub,Inside,Sev,NAmes,Norm,Norm,1Fam,2Story,5,5,1969,1969,Gable,CompShg,Plywood,Plywood,192.0,TA,TA,PConc,Gd,TA,Av,Rec,650,Unf,0,390,1040,GasA,TA,Y,SBrkr,1040,1040,0,2080,0,1,1,2,5,1,Fa,9,Typ,2,TA,Attchd,1969.0,Unf,2,504,TA,TA,Y,335,0,0,0,0,0,0,9,2007,WD,Family,135000,3120,2.5,0,6.982097186700767,0.17921764604514906,0.3333333333333333,38,0,1,1,10400,12.5,25,4326400
630,80,RL,82.0,9020,Pave,Reg,Lvl,AllPub,Corner,Gtl,NAmes,Feedr,Norm,1Fam,SLvl,6,5,1964,1964,Gable,WdShngl,Plywood,Wd Sdng,259.0,TA,TA,CBlock,TA,TA,Gd,GLQ,624,Rec,336,288,1248,GasA,TA,Y,SBrkr,1350,0,0,1350,1,0,1,1,3,1,TA,6,Typ,0,,Attchd,1964.0,RFn,2,520,TA,TA,Y,176,0,0,0,0,0,0,6,2008,WD,Normal,168500,2598,2.5,0,7.993079584775087,0.14966740576496673,0.48036951501154734,44,0,0,1,8100,7.5,36,1822500
631,70,RM,50.0,9000,Pave,Reg,Lvl,AllPub,Corner,Gtl,OldTown,Artery,Norm,1Fam,2Story,5,6,1880,1991,Gable,CompShg,VinylSd,VinylSd,0.0,TA,TA,BrkTil,Fa,Fa,No,Unf,0,Unf,0,636,636,GasA,TA,Y,FuseA,1089,661,0,1750,0,0,1,0,3,1,Ex,8,Typ,0,,Detchd,1937.0,Unf,1,240,Fa,Po,N,0,0,293,0,0,0,0,6,2006,WD,Abnorml,124000,2386,1.0,293,2.7472527472527473,0.19444444444444445,0.26655490360435874,126,0,1,1,8750,3.0,25,3062500
632,120,RL,34.0,4590,Pave,Reg,Lvl,AllPub,Inside,Gtl,NridgHt,Norm,Norm,Twnhs,1Story,8,5,2006,2006,Gable,CompShg,VinylSd,VinylSd,108.0,Gd,TA,PConc,Gd,Gd,Mn,GLQ,24,Unf,0,1530,1554,GasA,Ex,Y,SBrkr,1554,0,0,1554,0,0,2,0,2,1,Gd,6,Typ,1,Gd,Attchd,2006.0,RFn,2,627,TA,TA,Y,156,73,0,0,0,0,0,8,2007,WD,Normal,209500,3108,2.0,73,1.030698889614631,0.338562091503268,0.5,1,1,0,1,12432,4.0,64,2414916
633,20,RL,85.0,11900,Pave,Reg,Lvl,AllPub,Inside,Gtl,NWAmes,Norm,Norm,1Fam,1Story,7,5,1977,1977,Hip,CompShg,Plywood,Plywood,209.0,TA,Gd,CBlock,TA,TA,No,ALQ,822,Unf,0,564,1386,GasA,TA,Y,SBrkr,1411,0,0,1411,0,0,2,0,3,1,TA,6,Typ,1,TA,Attchd,1977.0,Fin,2,544,TA,TA,Y,192,0,0,0,0,0,0,4,2009,WD,Family,82500,2797,2.0,0,3.9522123893805308,0.11857142857142858,0.49553092599213444,32,0,0,1,9877,6.0,49,1990921
634,20,RL,80.0,9250,Pave,Reg,Lvl,AllPub,Corner,Gtl,NAmes,Norm,Norm,1Fam,1Story,5,7,1954,2005,Gable,CompShg,Wd Sdng,Wd Sdng,0.0,TA,TA,CBlock,TA,TA,No,BLQ,480,LwQ,468,108,1056,GasA,TA,Y,SBrkr,1056,0,0,1056,0,1,1,0,3,1,TA,6,Typ,0,,Attchd,1954.0,Unf,1,260,TA,TA,Y,390,0,0,0,0,0,0,7,2007,WD,Normal,139400,2112,1.5,0,18.38532110091743,0.11416216216216216,0.5,53,0,0,1,5280,4.5,25,1115136
635,90,RL,64.0,6979,Pave,Reg,Lvl,AllPub,Inside,Gtl,OldTown,Norm,Norm,Duplex,SFoyer,6,5,1980,1980,Gable,CompShg,Plywood,Plywood,0.0,TA,TA,CBlock,TA,TA,No,GLQ,1056,Unf,0,0,1056,GasA,Gd,Y,SBrkr,1056,0,0,1056,2,0,0,0,0,2,TA,4,Typ,0,,Detchd,1980.0,Unf,2,576,TA,TA,Y,264,56,0,0,0,0,600,6,2010,WD,Normal,144000,2112,2.0,56,2112.0,0.15131107608539907,0.5,30,0,0,1,6336,0.0,36,1115136
636,190,RH,60.0,10896,Pave,Reg,Bnk,AllPub,Inside,Gtl,SWISU,Feedr,Norm,2fmCon,2.5Fin,6,7,1914,1995,Hip,CompShg,VinylSd,VinylSd,0.0,Fa,TA,CBlock,TA,Fa,No,LwQ,256,Unf,0,1184,1440,GasA,Ex,Y,FuseA,1440,1440,515,3395,0,0,2,0,8,2,Fa,14,Typ,0,,,0.0,,0,0,,,N,0,110,0,0,0,0,0,3,2007,WD,Abnorml,200000,4320,2.0,110,3.081012658227848,0.31158223201174745,0.3333333333333333,93,0,1,0,20370,16.0,36,11526025
637,30,RM,51.0,6120,Pave,Reg,Lvl,AllPub,Inside,Gtl,BrkSide,Norm,Norm,1Fam,1Story,2,3,1936,1950,Gable,CompShg,AsbShng,AsbShng,0.0,Fa,Fa,BrkTil,TA,Fa,No,Unf,0,Unf,0,264,264,Grav,Fa,N,FuseA,800,0,0,800,0,0,1,0,1,1,Fa,4,Maj1,1,Po,,0.0,,0,0,,,N,0,0,0,0,0,0,0,1,2009,ConLw,Normal,60000,1064,1.0,0,3.018867924528302,0.13071895424836602,0.24812030075187969,73,0,0,0,1600,1.0,4,640000
638,190,RM,50.0,6000,Pave,Reg,Lvl,AllPub,Inside,Gtl,OldTown,Norm,Norm,2fmCon,1.5Fin,5,4,1954,1954,Gable,CompShg,Wd Sdng,Wd Sdng,0.0,TA,TA,CBlock,TA,TA,No,Unf,0,Unf,0,811,811,GasA,TA,Y,FuseA,811,576,0,1387,0,0,2,0,3,2,Gd,7,Typ,0,,BuiltIn,1954.0,Unf,1,256,TA,TA,Y,0,0,0,0,0,0,0,11,2009,WD,Normal,93000,2198,2.0,0,1.708128078817734,0.23116666666666666,0.3689717925386715,55,0,1,1,6935,6.0,25,1923769
639,30,RL,67.0,8777,Pave,Reg,Lvl,AllPub,Inside,Gtl,Edwards,Feedr,Norm,1Fam,1Story,5,7,1910,1950,Gable,CompShg,MetalSd,Wd Sdng,0.0,TA,TA,CBlock,Fa,TA,No,Unf,0,Unf,0,796,796,GasA,Gd,Y,FuseA,796,0,0,796,0,0,1,0,2,1,TA,4,Typ,0,,,0.0,,0,0,,,P,328,0,164,0,0,0,0,5,2008,WD,Normal,85000,1592,1.0,164,0.998745294855709,0.0906915802666059,0.5,98,0,0,0,3980,2.0,25,633616
640,120,RL,53.0,3982,Pave,Reg,Lvl,AllPub,Inside,Gtl,Blmngtn,Norm,Norm,TwnhsE,1Story,8,5,2006,2006,Hip,CompShg,VinylSd,VinylSd,0.0,Gd,TA,PConc,Gd,Gd,Av,GLQ,1154,Unf,0,366,1520,GasA,Ex,Y,SBrkr,1567,0,0,1567,1,0,2,0,1,1,Ex,7,Typ,1,Gd,Attchd,2006.0,Fin,3,648,TA,TA,Y,312,0,0,0,0,0,0,10,2006,New,Partial,264561,3087,3.0,0,7.4141689373297,0.3935208437970869,0.49238743116294137,0,1,0,1,12536,3.0,64,2455489
641,120,RL,62.0,12677,Pave,IR1,Lvl,AllPub,Inside,Gtl,NridgHt,Norm,Norm,TwnhsE,1Story,8,5,2003,2004,Hip,CompShg,MetalSd,MetalSd,472.0,Ex,TA,PConc,Ex,TA,Gd,GLQ,1218,Unf,0,300,1518,GasA,Ex,Y,SBrkr,1518,0,0,1518,0,0,1,1,1,1,Ex,6,Typ,1,Gd,Attchd,2003.0,RFn,2,588,TA,TA,Y,185,140,0,0,0,0,0,4,2008,WD,Normal,274000,3036,1.5,140,9.08970099667774,0.11974441902658357,0.5,5,0,0,1,12144,1.5,64,2304324
642,60,FV,69.0,7050,Pave,Reg,Lvl,AllPub,Inside,Gtl,Somerst,Norm,Norm,1Fam,2Story,7,5,2001,2001,Gable,CompShg,VinylSd,VinylSd,0.0,Gd,TA,PConc,Gd,TA,No,GLQ,738,Unf,0,319,1057,GasA,Ex,Y,SBrkr,1057,872,0,1929,1,0,2,1,3,1,Gd,7,Typ,1,TA,Attchd,2001.0,Fin,2,650,TA,TA,Y,0,235,0,0,0,0,0,5,2007,WD,Normal,226000,2986,3.5,235,8.334375,0.27361702127659576,0.3539852645679839,6,0,1,1,13503,10.5,49,3721041
643,80,RL,75.0,13860,Pave,Reg,Lvl,AllPub,Inside,Gtl,NAmes,Norm,Norm,1Fam,SLvl,8,7,1972,1995,Gable,CompShg,Plywood,Wd Sdng,0.0,Gd,TA,CBlock,Gd,TA,Gd,GLQ,1410,Unf,0,542,1952,GasA,Gd,Y,SBrkr,2000,704,0,2704,1,0,2,1,4,1,Ex,9,Typ,3,TA,Attchd,1972.0,Fin,2,538,TA,TA,Y,269,111,0,0,0,0,0,7,2009,WD,Normal,345000,4656,3.5,111,7.5764272559852675,0.1950937950937951,0.41924398625429554,37,0,1,1,21632,14.0,64,7311616
644,60,RL,80.0,10793,Pave,Reg,Lvl,AllPub,Inside,Gtl,NWAmes,RRAn,Norm,1Fam,2Story,5,5,1969,1969,Mansard,CompShg,WdShing,HdBoard,263.0,TA,TA,CBlock,TA,TA,No,Rec,493,BLQ,287,0,780,GasA,Ex,Y,SBrkr,780,840,0,1620,0,0,2,1,4,1,TA,7,Min1,0,,Attchd,1969.0,Fin,2,462,TA,TA,Y,208,0,0,0,0,0,0,4,2007,WD,Normal,152000,2400,2.5,0,2400.0,0.15009728527749466,0.325,38,0,1,1,8100,10.0,25,2624400
645,20,FV,85.0,9187,Pave,Reg,Lvl,AllPub,Inside,Gtl,Somerst,Norm,Norm,1Fam,1Story,9,5,2009,2009,Gable,CompShg,CemntBd,CmentBd,162.0,Ex,TA,PConc,Ex,TA,Mn,GLQ,1121,Unf,0,645,1766,GasA,Ex,Y,SBrkr,1766,0,0,1766,1,0,2,1,2,1,Ex,7,Typ,1,Gd,Attchd,2009.0,Fin,3,478,TA,TA,Y,195,130,0,0,0,0,0,10,2009,New,Partial,370878,3532,3.5,130,4.469040247678018,0.19222814847066508,0.5,0,1,0,1,15894,7.0,81,3118756
646,20,RL,69.0,10530,Pave,IR1,Lvl,AllPub,Corner,Gtl,NAmes,Norm,Norm,1Fam,1Story,6,5,1971,1971,Hip,CompShg,Plywood,Plywood,0.0,TA,TA,CBlock,TA,TA,No,ALQ,282,LwQ,35,664,981,GasA,TA,Y,SBrkr,981,0,0,981,1,0,1,1,3,1,TA,5,Typ,0,,Detchd,1979.0,Unf,2,576,TA,TA,Y,0,312,40,0,0,0,0,3,2007,WD,Normal,143250,1962,2.5,352,1.9518796992481202,0.09316239316239316,0.5,36,0,0,1,5886,7.5,36,962361
647,20,RL,60.0,7200,Pave,Reg,Lvl,AllPub,Inside,Gtl,NAmes,Norm,Norm,1Fam,1Story,5,5,1950,1950,Hip,CompShg,MetalSd,MetalSd,0.0,TA,TA,CBlock,,,,,0,,0,0,0,GasA,Gd,Y,SBrkr,1048,0,0,1048,0,0,1,0,3,1,TA,7,Min1,0,,Detchd,1950.0,Unf,2,420,TA,TA,Y,0,27,0,0,0,0,0,7,2008,WD,Normal,98300,1048,1.0,27,1048.0,0.14555555555555555,0.0,58,0,0,1,5240,3.0,25,1098304
648,20,RL,85.0,10452,Pave,IR1,Lvl,AllPub,Inside,Gtl,Edwards,Norm,Norm,1Fam,1Story,6,5,1953,1953,Hip,CompShg,Wd Sdng,Wd Sdng,216.0,TA,TA,CBlock,TA,TA,Mn,Rec,500,Unf,0,594,1094,GasA,Ex,Y,SBrkr,1094,0,0,1094,0,0,1,0,3,1,TA,5,Typ,2,Gd,Attchd,1953.0,RFn,2,495,TA,TA,Y,0,0,0,0,287,0,0,6,2008,WD,Normal,155000,2188,1.0,287,2.6789915966386553,0.1046689628779181,0.5,55,0,0,1,6564,3.0,36,1196836
649,60,RL,70.0,7700,Pave,Reg,Lvl,AllPub,Inside,Gtl,NAmes,PosN,Norm,1Fam,2Story,6,5,1966,1966,Gable,CompShg,MetalSd,MetalSd,351.0,TA,TA,CBlock,TA,TA,No,Unf,0,Unf,0,756,756,GasA,TA,Y,SBrkr,1051,788,0,1839,0,0,1,1,4,1,TA,7,Typ,1,TA,Attchd,1966.0,Unf,2,442,TA,TA,Y,0,124,216,0,0,0,0,6,2010,WD,Normal,155000,2595,1.5,340,2.429326287978864,0.23883116883116884,0.29132947976878615,44,0,1,1,11034,6.0,36,3381921
650,180,RM,21.0,1936,Pave,Reg,Lvl,AllPub,Inside,Gtl,MeadowV,Norm,Norm,Twnhs,SFoyer,4,6,1970,1970,Gable,CompShg,CemntBd,CmentBd,0.0,TA,TA,CBlock,Gd,TA,Av,BLQ,131,GLQ,499,0,630,GasA,Gd,Y,SBrkr,630,0,0,630,1,0,1,0,1,1,TA,3,Typ,0,,,0.0,,0,0,,,Y,0,0,0,0,0,0,0,12,2007,WD,Normal,84500,1260,2.0,0,1260.0,0.32541322314049587,0.5,37,0,0,0,2520,2.0,16,396900
651,60,FV,65.0,8125,Pave,Reg,Lvl,AllPub,Inside,Gtl,Somerst,Norm,Norm,1Fam,2Story,7,6,2007,2007,Gable,CompShg,CemntBd,CmentBd,0.0,Gd,TA,PConc,Gd,TA,No,Unf,0,Unf,0,813,813,GasA,Ex,Y,SBrkr,822,843,0,1665,0,0,2,1,3,1,Gd,7,Typ,0,,Attchd,2007.0,RFn,2,562,TA,TA,Y,0,0,0,0,0,0,0,5,2008,WD,Normal,205950,2478,2.5,0,2.0454545454545454,0.20492307692307693,0.3280871670702179,1,1,1,1,11655,7.5,49,2772225
652,70,RL,60.0,9084,Pave,Reg,Lvl,AllPub,Inside,Gtl,Edwards,Artery,Norm,1Fam,2Story,4,5,1940,1950,Gable,CompShg,MetalSd,MetalSd,0.0,TA,TA,CBlock,TA,TA,Mn,Unf,0,Unf,0,755,755,GasA,TA,Y,SBrkr,755,755,0,1510,1,0,1,0,4,1,TA,7,Typ,1,Gd,Detchd,1940.0,Unf,1,296,Fa,Po,P,120,0,0,0,0,0,0,10,2009,WD,Normal,108000,2265,2.0,0,1.9973544973544974,0.16622633201232936,0.3333333333333333,69,0,1,1,6040,8.0,16,2280100
653,60,RL,70.0,8750,Pave,Reg,Lvl,AllPub,Inside,Gtl,CollgCr,Norm,Norm,1Fam,2Story,7,5,1996,1996,Gable,CompShg,VinylSd,VinylSd,0.0,Gd,TA,PConc,Gd,TA,No,Unf,0,Unf,0,880,880,GasA,Ex,Y,SBrkr,909,807,0,1716,0,0,2,1,2,1,Gd,7,Typ,1,TA,Attchd,1996.0,RFn,2,512,TA,TA,Y,0,120,0,0,0,0,0,7,2009,WD,Normal,191000,2596,2.5,120,1.9477866061293985,0.1961142857142857,0.3389830508474576,13,0,1,1,12012,5.0,49,2944656
654,50,RM,60.0,10320,Pave,Reg,Lvl,AllPub,Inside,Gtl,IDOTRR,Norm,Norm,1Fam,1.5Fin,6,7,1906,1995,Gable,CompShg,MetalSd,MetalSd,0.0,TA,TA,CBlock,TA,TA,No,Unf,0,Unf,0,756,756,GasA,Ex,Y,SBrkr,756,713,0,1469,0,0,1,0,3,1,TA,7,Typ,0,,Detchd,1906.0,Unf,1,216,TA,TA,Y,57,0,239,0,0,0,0,6,2008,WD,Normal,135000,2225,1.0,239,1.940554821664465,0.14234496124031007,0.33977528089887643,102,0,1,1,8814,3.0,36,2157961
655,20,RL,91.0,10437,Pave,IR1,Lvl,AllPub,Inside,Gtl,NoRidge,Norm,Norm,1Fam,1Story,8,6,1995,1995,Hip,CompShg,MetalSd,MetalSd,660.0,Gd,Gd,PConc,Gd,TA,Gd,GLQ,1696,Unf,0,413,2109,GasA,Ex,Y,SBrkr,2113,0,0,2113,1,0,2,1,2,1,Gd,7,Typ,1,TA,Attchd,1995.0,Fin,3,839,TA,TA,Y,236,46,0,0,0,0,0,8,2008,WD,Normal,350000,4222,3.5,46,9.20048309178744,0.2024528121107598,0.49952629085741357,13,0,0,1,16904,7.0,64,4464769
656,160,RM,21.0,1680,Pave,Reg,Lvl,AllPub,Inside,Gtl,BrDale,Norm,Norm,Twnhs,2Story,6,5,1971,1971,Gable,CompShg,HdBoard,ImStucc,381.0,TA,TA,CBlock,TA,TA,No,Unf,0,Unf,0,525,525,GasA,TA,Y,SBrkr,525,567,0,1092,0,0,1,1,3,1,TA,6,Typ,0,,Detchd,1971.0,Unf,1,264,TA,TA,Y,0,0,0,0,0,0,0,3,2010,WD,Family,88000,1617,1.5,0,2.076045627376426,0.65,0.3246753246753247,39,0,1,1,6552,4.5,36,1192464
657,20,RL,72.0,10007,Pave,IR1,Lvl,AllPub,Inside,Gtl,NAmes,Norm,Norm,1Fam,1Story,5,7,1959,2006,Gable,CompShg,HdBoard,HdBoard,54.0,Gd,TA,CBlock,TA,TA,No,ALQ,806,Unf,0,247,1053,GasA,Ex,Y,SBrkr,1053,0,0,1053,1,0,1,1,3,1,Gd,5,Typ,0,,Attchd,1959.0,RFn,1,312,TA,TA,Y,0,0,0,0,0,0,0,8,2008,WD,Normal,145500,2106,2.5,0,7.495967741935484,0.10522634156090736,0.5,49,0,0,1,5265,7.5,25,1108809
658,70,RL,60.0,7200,Pave,Reg,HLS,AllPub,Inside,Mod,Crawfor,Norm,Norm,1Fam,2Story,7,6,1931,2000,Gable,CompShg,Stucco,Wd Shng,0.0,TA,Fa,BrkTil,Gd,TA,No,Unf,0,Unf,0,776,776,GasA,TA,Y,SBrkr,851,651,0,1502,0,0,1,1,3,1,TA,6,Typ,1,Gd,Attchd,1931.0,RFn,1,270,TA,TA,P,0,0,112,0,0,0,0,2,2008,WD,Normal,149000,2278,1.5,112,1.933075933075933,0.2086111111111111,0.34064969271290607,77,0,1,1,10514,4.5,49,2256004
659,50,RL,78.0,17503,Pave,Reg,Lvl,AllPub,Inside,Gtl,NAmes,Artery,Norm,1Fam,1.5Fin,6,5,1948,1950,Gable,CompShg,VinylSd,VinylSd,0.0,TA,TA,CBlock,TA,TA,No,Unf,0,Unf,0,912,912,GasA,TA,Y,SBrkr,912,546,0,1458,0,1,1,0,3,1,TA,6,Typ,1,Gd,Attchd,1948.0,Unf,1,330,TA,TA,Y,192,0,0,0,0,0,0,1,2010,WD,Abnorml,97500,2370,1.5,0,1.596933187294633,0.08330000571330629,0.3848101265822785,62,0,1,1,8748,4.5,36,2125764
660,20,RL,75.0,9937,Pave,Reg,Lvl,AllPub,Corner,Gtl,Edwards,Norm,Norm,1Fam,1Story,5,7,1964,1999,Hip,CompShg,MetalSd,MetalSd,0.0,TA,Gd,PConc,TA,TA,No,BLQ,637,Unf,0,849,1486,GasA,Ex,Y,SBrkr,1486,0,0,1486,1,0,1,0,3,1,TA,7,Typ,0,,Detchd,1968.0,Fin,2,480,TA,TA,Y,0,0,0,0,0,0,0,3,2009,WD,Normal,167000,2972,2.0,0,2.4976470588235293,0.1495421153265573,0.5,45,0,0,1,7430,6.0,25,2208196
661,60,RL,69.0,12384,Pave,Reg,Lvl,AllPub,CulDSac,Gtl,NWAmes,Norm,Norm,1Fam,2Story,7,7,1976,1976,Gable,CompShg,Plywood,Plywood,233.0,TA,TA,CBlock,Gd,TA,No,Unf,0,Unf,0,793,793,GasA,TA,Y,SBrkr,1142,793,0,1935,0,0,2,1,3,1,TA,7,Typ,1,TA,Attchd,1976.0,RFn,2,550,TA,TA,Y,0,113,252,0,0,0,0,11,2007,WD,Normal,197900,2728,2.5,365,2.4370277078085643,0.15625,0.2906891495601173,31,0,1,1,13545,7.5,49,3744225
662,60,RL,52.0,46589,Pave,IR2,Lvl,AllPub,CulDSac,Gtl,NoRidge,Norm,Norm,1Fam,2Story,8,7,1994,2005,Hip,CompShg,VinylSd,VinylSd,528.0,Gd,TA,PConc,Gd,Gd,No,GLQ,1361,Rec,180,88,1629,GasA,Ex,Y,SBrkr,1686,762,0,2448,1,0,2,1,4,1,Gd,8,Typ,1,TA,Attchd,1994.0,RFn,3,711,TA,TA,Y,517,76,0,0,0,0,0,7,2009,WD,Normal,402000,4077,3.5,76,44.82022471910113,0.05254459207108974,0.3995584988962472,15,0,1,1,19584,14.0,64,5992704
663,20,RL,120.0,13560,Pave,Reg,Lvl,AllPub,Corner,Gtl,NAmes,Norm,Norm,1Fam,1Story,6,3,1968,1968,Hip,CompShg,Wd Sdng,Wd Sdng,216.0,TA,TA,CBlock,Fa,Fa,No,Unf,0,Unf,0,1392,1392,GasA,Gd,Y,SBrkr,1392,0,0,1392,1,0,1,0,2,1,TA,5,Maj2,2,TA,Attchd,1968.0,RFn,2,576,TA,TA,Y,0,0,240,0,0,0,0,7,2009,WD,Normal,110000,2784,2.0,240,0.9992821249102656,0.10265486725663717,0.5,41,0,0,1,8352,4.0,36,1937664
664,85,RL,90.0,10012,Pave,Reg,Lvl,AllPub,Inside,Gtl,Edwards,Norm,Norm,1Fam,SFoyer,4,5,1972,1972,Gable,CompShg,Plywood,Plywood,0.0,TA,TA,CBlock,Gd,TA,Av,BLQ,920,Rec,180,38,1138,GasA,TA,Y,SBrkr,1181,0,0,1181,1,0,2,0,3,1,TA,6,Typ,0,,Detchd,1974.0,RFn,2,588,TA,TA,Y,0,0,180,0,0,0,0,4,2008,WD,Normal,137500,2319,3.0,180,58.48717948717949,0.1179584498601678,0.49072876239758517,36,0,0,1,4724,9.0,16,1394761
665,20,RL,49.0,20896,Pave,IR2,Lvl,AllPub,CulDSac,Gtl,Somerst,RRAn,Norm,1Fam,1Story,8,5,2005,2006,Gable,CompShg,VinylSd,VinylSd,0.0,Gd,TA,PConc,Ex,TA,Mn,GLQ,1721,Unf,0,356,2077,GasA,Ex,Y,SBrkr,2097,0,0,2097,1,0,1,1,1,1,Ex,8,Typ,1,Ex,Attchd,2005.0,Fin,3,1134,TA,TA,Y,192,267,0,0,0,0,0,1,2006,New,Partial,423000,4174,2.5,267,10.694677871148459,0.100354134762634,0.49760421657882126,1,1,0,1,16776,2.5,64,4397409
666,60,RL,106.0,11194,Pave,IR1,Lvl,AllPub,Corner,Gtl,Gilbert,Norm,Norm,1Fam,2Story,8,5,2000,2000,Gable,CompShg,VinylSd,VinylSd,40.0,Gd,TA,PConc,Gd,TA,No,Unf,0,Unf,0,1406,1406,GasA,Ex,Y,SBrkr,1454,482,0,1936,0,0,2,1,3,1,Gd,7,Typ,1,TA,Attchd,2000.0,RFn,2,504,TA,TA,Y,188,124,0,0,0,0,0,11,2006,WD,Normal,230500,3342,2.5,124,1.3759772565742714,0.17294979453278542,0.42070616397366845,6,0,1,1,15488,7.5,64,3748096
667,60,RL,69.0,18450,Pave,IR1,Lvl,AllPub,Inside,Gtl,NAmes,Norm,Norm,1Fam,2Story,6,5,1965,1979,Flat,Tar&Grv,Plywood,Plywood,113.0,TA,Gd,CBlock,Gd,TA,No,LwQ,187,Rec,723,111,1021,GasA,TA,Y,SBrkr,1465,915,0,2380,0,0,2,1,3,1,TA,7,Sev,1,Po,CarPort,1965.0,Unf,2,596,TA,TA,Y,0,265,0,0,0,0,0,8,2007,WD,Abnorml,129000,3401,2.5,265,29.375,0.12899728997289972,0.30020582181711264,42,0,1,1,14280,7.5,36,5664400
668,20,RL,65.0,8125,Pave,Reg,Lvl,AllPub,Inside,Gtl,SawyerW,Norm,Norm,1Fam,1Story,6,5,1994,1998,Gable,CompShg,HdBoard,HdBoard,258.0,TA,TA,PConc,Gd,TA,No,GLQ,1138,Unf,0,270,1408,GasA,Ex,Y,SBrkr,1679,0,0,1679,1,0,2,0,3,1,Gd,7,Typ,1,Fa,Attchd,1994.0,RFn,2,575,TA,TA,Y,224,42,0,0,0,0,0,10,2008,WD,Normal,193500,3087,3.0,42,10.394833948339484,0.20664615384615384,0.45610625202461935,14,0,0,1,10074,9.0,36,2819041
669,20,RL,69.0,14175,Pave,Reg,Bnk,AllPub,Corner,Mod,Sawyer,Norm,Norm,1Fam,1Story,5,6,1956,1987,Gable,CompShg,CemntBd,Wd Sdng,0.0,TA,TA,CBlock,TA,TA,No,Rec,988,Unf,0,200,1188,GasA,Gd,Y,SBrkr,1437,0,0,1437,1,0,1,1,3,1,TA,6,Min2,1,TA,Detchd,1999.0,Unf,2,576,TA,TA,Y,304,0,0,0,0,0,0,11,2006,WD,Normal,168000,2625,2.5,0,12.064676616915422,0.10137566137566137,0.45257142857142857,50,0,0,1,7185,7.5,25,2064969
670,30,RL,80.0,11600,Pave,Reg,Lvl,AllPub,Inside,Gtl,Crawfor,Norm,Norm,1Fam,1Story,4,5,1922,1950,Gable,CompShg,MetalSd,MetalSd,0.0,TA,TA,BrkTil,Fa,TA,No,Unf,0,Unf,0,700,700,GasA,Ex,Y,SBrkr,1180,0,0,1180,0,0,1,0,2,1,Fa,5,Typ,1,Gd,Detchd,1922.0,Unf,1,252,TA,Fa,Y,0,0,67,0,0,0,0,7,2006,WD,Normal,137500,1880,1.0,67,1.6833095577746078,0.10172413793103448,0.3723404255319149,84,0,0,1,4720,2.0,16,1392400
671,60,RL,64.0,8633,Pave,Reg,Lvl,AllPub,FR2,Gtl,CollgCr,Norm,Norm,1Fam,2Story,6,5,2005,2005,Gable,CompShg,VinylSd,VinylSd,0.0,Gd,TA,PConc,Gd,TA,No,GLQ,193,Unf,0,545,738,GasA,Ex,Y,SBrkr,738,738,0,1476,1,0,2,1,3,1,Gd,7,Typ,0,,Attchd,2005.0,Fin,2,540,TA,TA,Y,100,35,0,0,0,0,0,2,2009,WD,Normal,173500,2214,3.5,35,3.0567765567765566,0.17097185219506544,0.3333333333333333,4,0,1,1,8856,10.5,36,2178576
672,70,RH,54.0,6629,Pave,Reg,Lvl,AllPub,Inside,Gtl,Edwards,Artery,Norm,1Fam,2Story,6,6,1925,1950,Gambrel,CompShg,Wd Sdng,Wd Sdng,0.0,TA,Gd,BrkTil,TA,TA,No,BLQ,551,Unf,0,121,672,GasA,TA,N,SBrkr,697,672,0,1369,1,0,2,0,3,1,TA,6,Typ,0,,Detchd,1930.0,Unf,1,300,TA,TA,Y,147,0,0,0,0,0,0,7,2009,WD,Normal,103600,2041,3.0,0,15.737704918032787,0.2065168200331875,0.329250367466928,84,0,1,1,8214,9.0,36,1874161
673,20,RL,69.0,11250,Pave,IR1,Lvl,AllPub,Inside,Gtl,Veenker,Norm,Norm,1Fam,1Story,6,6,1977,1977,Gable,CompShg,Plywood,Plywood,0.0,Gd,TA,CBlock,Gd,TA,No,ALQ,767,Unf,0,441,1208,GasA,TA,Y,SBrkr,1208,0,0,1208,1,0,1,1,3,1,TA,6,Typ,1,TA,Attchd,1977.0,RFn,2,546,TA,TA,Y,198,42,0,0,0,0,0,6,2006,WD,Normal,165000,2416,2.5,42,4.468325791855204,0.10737777777777778,0.5,29,0,0,1,7248,7.5,36,1459264
674,20,RL,110.0,14442,Pave,Reg,Lvl,AllPub,Inside,Gtl,Crawfor,Norm,Norm,1Fam,1Story,6,7,1957,2004,Hip,CompShg,CemntBd,CmentBd,106.0,TA,TA,PConc,TA,TA,No,GLQ,1186,Unf,0,291,1477,GasA,Ex,Y,SBrkr,1839,0,0,1839,1,0,2,0,3,1,Gd,7,Typ,2,TA,Attchd,1957.0,Fin,2,416,TA,TA,Y,0,87,0,0,200,0,0,6,2007,WD,Normal,257500,3316,3.0,287,10.35958904109589,0.1273369339426672,0.445416164053076,50,0,0,1,11034,9.0,36,3381921
675,20,RL,80.0,9200,Pave,Reg,Lvl,AllPub,Inside,Gtl,NAmes,Norm,Norm,1Fam,1Story,6,6,1965,1965,Gable,CompShg,HdBoard,HdBoard,0.0,TA,TA,CBlock,TA,TA,No,Rec,892,Unf,0,244,1136,GasA,TA,Y,SBrkr,1136,0,0,1136,1,0,1,0,3,1,TA,5,Typ,1,Gd,Attchd,1965.0,RFn,1,384,TA,TA,Y,426,0,0,0,0,0,0,7,2008,WD,Normal,140000,2272,2.0,0,8.277551020408163,0.12347826086956522,0.5,43,0,0,1,6816,6.0,36,1290496
676,160,RL,24.0,2289,Pave,Reg,Lvl,AllPub,Inside,Gtl,NPkVill,Norm,Norm,Twnhs,2Story,6,6,1978,1978,Gable,CompShg,Plywood,Brk Cmn,0.0,TA,TA,CBlock,TA,TA,No,ALQ,311,Unf,0,544,855,GasA,TA,Y,SBrkr,855,586,0,1441,0,0,2,1,3,1,TA,7,Typ,1,TA,Attchd,1978.0,Unf,2,440,TA,TA,Y,28,0,0,0,0,0,0,4,2009,WD,Normal,148500,2296,2.5,0,3.214678899082569,0.6295325469637396,0.37238675958188155,31,0,1,1,8646,7.5,36,2076481
677,70,RM,60.0,9600,Pave,Reg,Lvl,AllPub,Inside,Gtl,OldTown,Norm,Norm,1Fam,2Story,4,2,1900,1950,Gable,CompShg,AsbShng,Stucco,0.0,TA,TA,BrkTil,TA,Fa,No,Unf,0,Unf,0,1095,1095,GasW,Fa,N,SBrkr,1095,679,0,1774,1,0,2,0,4,2,TA,8,Min2,0,,2Types,1920.0,Unf,3,779,Fa,Fa,N,0,0,90,0,0,0,0,5,2006,WD,Normal,87000,2869,3.0,90,1.6186131386861313,0.18479166666666666,0.3816660857441617,106,0,1,1,7096,12.0,16,3147076
678,30,RL,52.0,9022,Pave,Reg,Lvl,AllPub,Inside,Gtl,OldTown,Norm,Norm,1Fam,1Story,5,8,1924,2006,Gable,CompShg,VinylSd,VinylSd,0.0,Gd,TA,BrkTil,TA,TA,No,Unf,0,Unf,0,768,768,GasA,Ex,Y,SBrkr,792,0,0,792,0,0,1,0,2,1,Gd,5,Typ,0,,Detchd,1924.0,Unf,1,240,Fa,Fa,N,316,0,120,0,0,0,0,5,2009,WD,Normal,109500,1560,1.0,120,1.0299089726918076,0.08778541343382842,0.49230769230769234,85,0,0,1,3960,2.0,25,627264
679,20,RL,80.0,11844,Pave,IR1,Lvl,AllPub,Inside,Gtl,StoneBr,Norm,Norm,1Fam,1Story,8,5,2008,2008,Hip,CompShg,VinylSd,VinylSd,464.0,Gd,TA,PConc,Ex,TA,Mn,Unf,0,Unf,0,2046,2046,GasA,Ex,Y,SBrkr,2046,0,0,2046,0,0,2,1,3,1,Gd,7,Typ,1,Gd,Attchd,2008.0,Fin,3,834,TA,TA,Y,322,82,0,0,0,0,0,7,2009,New,Partial,372500,4092,2.5,82,0.9995114802149487,0.17274569402228976,0.5,1,1,0,1,16368,7.5,64,4186116
680,20,RL,69.0,9945,Pave,IR1,Lvl,AllPub,Inside,Gtl,Sawyer,Norm,Norm,1Fam,1Story,5,5,1961,1961,Hip,CompShg,Wd Sdng,Wd Sdng,57.0,TA,TA,CBlock,TA,TA,No,Rec,827,Unf,0,161,988,GasA,TA,Y,SBrkr,988,0,0,988,1,0,1,0,3,1,TA,5,Typ,0,,Detchd,1963.0,Unf,2,572,TA,TA,Y,0,0,0,0,0,0,0,10,2007,WD,Normal,128500,1976,2.0,0,11.203703703703704,0.09934640522875816,0.5,46,0,0,1,4940,6.0,25,976144
681,120,RL,50.0,8012,Pave,Reg,Lvl,AllPub,Inside,Gtl,SawyerW,Norm,Norm,TwnhsE,1Story,6,5,1980,1980,Gable,CompShg,Plywood,Plywood,0.0,TA,TA,CBlock,Gd,TA,No,BLQ,543,BLQ,119,261,923,GasA,TA,Y,SBrkr,923,0,0,923,0,0,2,0,2,1,TA,5,Typ,1,TA,Attchd,1980.0,RFn,1,264,TA,TA,Y,80,0,0,0,0,0,0,5,2010,WD,Normal,143000,1846,2.0,0,6.049618320610687,0.11520219670494258,0.5,30,0,0,1,5538,4.0,36,851929
682,50,RH,55.0,4500,Pave,IR2,Bnk,AllPub,Inside,Gtl,SWISU,Norm,Norm,1Fam,1.5Fin,5,5,1932,2000,Gable,CompShg,VinylSd,Stucco,0.0,TA,TA,BrkTil,TA,TA,No,Rec,182,Unf,0,611,793,GasA,Ex,Y,SBrkr,848,672,0,1520,0,0,1,0,3,1,TA,6,Typ,0,,Detchd,1968.0,Unf,1,281,TA,TA,Y,0,0,56,0,0,0,0,7,2009,WD,Abnorml,159434,2313,1.0,56,2.781045751633987,0.3377777777777778,0.34284479031560744,77,0,1,1,7600,3.0,25,2310400
683,120,RL,69.0,2887,Pave,Reg,HLS,AllPub,Inside,Gtl,ClearCr,Norm,Norm,1Fam,1Story,6,5,1996,1997,Gable,CompShg,Wd Sdng,Wd Sdng,0.0,TA,TA,PConc,Gd,TA,Mn,GLQ,1003,Unf,0,288,1291,GasA,Ex,Y,SBrkr,1291,0,0,1291,1,0,1,0,2,1,Gd,6,Typ,1,Gd,Attchd,1996.0,Unf,2,431,TA,TA,Y,307,0,0,0,0,0,0,11,2008,WD,Normal,173000,2582,2.0,0,7.937716262975779,0.4471770003463803,0.5,12,0,0,1,7746,4.0,36,1666681
684,20,RL,90.0,11248,Pave,IR1,Lvl,AllPub,Corner,Gtl,CollgCr,Norm,Norm,1Fam,1Story,9,5,2002,2002,Hip,CompShg,VinylSd,VinylSd,215.0,Gd,TA,PConc,Gd,TA,Av,GLQ,1059,Unf,0,567,1626,GasA,Ex,Y,SBrkr,1668,0,0,1668,1,0,2,0,3,1,Gd,7,Typ,1,TA,Attchd,2002.0,Fin,3,702,TA,TA,Y,257,45,0,0,0,0,0,7,2007,WD,Normal,285000,3294,3.0,45,4.801056338028169,0.14829302987197723,0.4936247723132969,5,0,0,1,15012,9.0,81,2782224
685,60,RL,58.0,16770,Pave,IR2,Lvl,AllPub,CulDSac,Gtl,NoRidge,Norm,Norm,1Fam,2Story,7,5,1998,1998,Gable,CompShg,VinylSd,VinylSd,30.0,Gd,TA,PConc,Gd,TA,No,Unf,0,Unf,0,1195,1195,GasA,Gd,Y,SBrkr,1195,644,0,1839,0,0,2,1,4,1,TA,7,Typ,0,,Attchd,1998.0,Fin,2,486,TA,TA,Y,0,81,0,0,0,0,0,6,2010,WD,Normal,221000,3034,2.5,81,1.5376254180602007,0.10966010733452594,0.3938694792353329,12,0,1,1,12873,10.0,49,3381921
686,160,RL,69.0,5062,Pave,IR1,Lvl,AllPub,CulDSac,Gtl,StoneBr,Norm,Norm,TwnhsE,2Story,7,5,1984,1984,Gable,CompShg,HdBoard,HdBoard,0.0,Gd,TA,CBlock,Gd,TA,Mn,GLQ,828,LwQ,182,180,1190,GasA,Gd,Y,SBrkr,1190,900,0,2090,1,0,2,0,3,1,Gd,6,Min1,1,TA,Attchd,1984.0,Fin,2,577,TA,TA,Y,219,0,0,0,0,0,0,9,2007,WD,Normal,207500,3280,3.0,0,17.12707182320442,0.4128802844725405,0.3628048780487805,23,0,1,1,14630,9.0,49,4368100
687,60,FV,84.0,10207,Pave,Reg,Lvl,AllPub,Inside,Gtl,Somerst,Norm,Norm,1Fam,2Story,7,6,2007,2007,Gable,CompShg,VinylSd,VinylSd,0.0,Gd,TA,PConc,Gd,TA,No,Unf,0,Unf,0,874,874,GasA,Ex,Y,SBrkr,874,887,0,1761,0,0,3,0,3,1,Gd,7,Typ,0,,Attchd,2007.0,Fin,2,578,TA,TA,Y,144,105,0,0,0,0,0,8,2007,New,Partial,227875,2635,3.0,105,2.0125714285714285,0.17252865680415402,0.3316888045540797,0,1,1,1,12327,9.0,49,3101121
688,160,FV,69.0,5105,Pave,IR2,Lvl,AllPub,FR2,Gtl,Somerst,Norm,Norm,TwnhsE,2Story,7,5,2004,2004,Gable,CompShg,MetalSd,MetalSd,0.0,Gd,TA,PConc,Gd,TA,No,GLQ,239,Unf,0,312,551,GasA,Ex,Y,SBrkr,551,551,0,1102,0,0,2,1,2,1,Gd,4,Typ,0,,Detchd,2004.0,Unf,2,480,TA,TA,Y,0,60,0,0,0,0,0,3,2007,WD,Normal,148800,1653,2.5,60,4.284345047923322,0.2158667972575906,0.3333333333333333,3,1,1,1,7714,5.0,49,1214404
689,20,RL,60.0,8089,Pave,Reg,HLS,AllPub,Inside,Gtl,StoneBr,Norm,Norm,1Fam,1Story,8,6,2007,2007,Gable,CompShg,MetalSd,MetalSd,0.0,Gd,TA,PConc,Gd,TA,Av,GLQ,945,Unf,0,474,1419,GasA,Ex,Y,SBrkr,1419,0,0,1419,1,0,2,0,2,1,Gd,7,Typ,1,Gd,Attchd,2007.0,RFn,2,567,TA,TA,Y,140,0,0,0,0,0,0,10,2007,New,Partial,392000,2838,3.0,0,4.976842105263158,0.1754234145135369,0.5,0,1,0,1,11352,6.0,64,2013561
690,120,RL,61.0,7577,Pave,IR1,Lvl,AllPub,Corner,Gtl,NridgHt,Norm,Norm,TwnhsE,1Story,6,5,2005,2006,Gable,CompShg,VinylSd,VinylSd,256.0,Gd,TA,PConc,Gd,TA,Av,ALQ,20,Unf,0,1342,1362,GasA,Ex,Y,SBrkr,1362,0,0,1362,0,0,2,0,2,1,Gd,6,Typ,1,Gd,Attchd,2005.0,RFn,2,460,TA,TA,Y,192,28,0,0,0,0,0,6,2007,WD,Normal,194700,2724,2.0,28,1.0290394638868205,0.17975452025867758,0.5,2,1,0,1,8172,4.0,36,1855044
691,120,RM,69.0,4426,Pave,Reg,Lvl,AllPub,Inside,Gtl,CollgCr,Norm,Norm,TwnhsE,1Story,6,5,2004,2004,Gable,CompShg,VinylSd,VinylSd,147.0,Gd,TA,PConc,Gd,TA,Gd,GLQ,697,Unf,0,151,848,GasA,Ex,Y,SBrkr,848,0,0,848,1,0,1,0,1,1,Gd,3,Typ,1,TA,Attchd,2004.0,RFn,2,420,TA,TA,Y,149,0,0,0,0,0,0,5,2008,WD,Normal,141000,1696,2.0,0,10.164473684210526,0.19159511974694984,0.5,4,0,0,1,5088,2.0,36,719104
692,60,RL,104.0,21535,Pave,IR1,Lvl,AllPub,Corner,Gtl,NoRidge,Norm,Norm,1Fam,2Story,10,6,1994,1995,Gable,WdShngl,HdBoard,HdBoard,1170.0,Ex,TA,PConc,Ex,TA,Gd,GLQ,1455,Unf,0,989,2444,GasA,Ex,Y,SBrkr,2444,1872,0,4316,0,1,3,1,4,1,Ex,10,Typ,2,Ex,Attchd,1994.0,Fin,3,832,TA,TA,Y,382,50,0,0,0,0,0,1,2007,WD,Normal,755000,6760,4.0,50,5.829292929292929,0.200417924309264,0.36153846153846153,13,0,1,1,43160,16.0,100,18627856
693,60,RL,42.0,26178,Pave,IR1,Lvl,AllPub,Inside,Mod,Timber,Norm,Norm,1Fam,2Story,7,5,1989,1990,Hip,CompShg,MetalSd,MetalSd,293.0,Gd,TA,PConc,Gd,TA,Gd,GLQ,965,Unf,0,245,1210,GasA,Ex,Y,SBrkr,1238,1281,0,2519,1,0,2,1,4,1,Gd,9,Typ,2,Gd,Attchd,1989.0,RFn,2,628,TA,TA,Y,320,27,0,0,0,0,0,4,2006,WD,Normal,335000,3729,3.5,27,14.16260162601626,0.09622583849033539,0.32448377581120946,17,0,1,1,17633,14.0,49,6345361
694,30,RL,60.0,5400,Pave,Reg,Lvl,AllPub,Corner,Sev,OldTown,Norm,Norm,1Fam,1Story,5,6,1921,1968,Gable,CompShg,MetalSd,MetalSd,0.0,TA,TA,BrkTil,TA,TA,No,Unf,0,Unf,0,1073,1073,GasA,Ex,Y,SBrkr,1073,0,0,1073,0,0,1,0,2,1,TA,4,Typ,0,,Detchd,1968.0,Unf,1,326,TA,TA,Y,0,0,112,0,0,0,0,12,2006,WD,Abnorml,108480,2146,1.0,112,0.9990689013035382,0.19870370370370372,0.5,85,0,0,1,5365,2.0,25,1151329
695,50,RM,51.0,6120,Pave,Reg,Lvl,AllPub,Corner,Gtl,BrkSide,Norm,Norm,1Fam,1.5Fin,5,6,1936,1950,Gable,CompShg,Wd Sdng,Wd Sdng,0.0,TA,Fa,BrkTil,TA,TA,No,Unf,0,Unf,0,927,927,GasA,TA,Y,SBrkr,1067,472,0,1539,0,0,1,1,3,1,TA,5,Typ,0,,Detchd,1995.0,Unf,2,576,TA,TA,Y,112,0,0,0,0,0,0,4,2009,WD,Normal,141500,2466,1.5,0,1.6584051724137931,0.2514705882352941,0.3759124087591241,73,0,1,1,7695,4.5,25,2368521
696,20,RL,54.0,13811,Pave,IR1,Lvl,AllPub,Inside,Gtl,Timber,Norm,Norm,1Fam,1Story,6,6,1987,1987,Gable,CompShg,HdBoard,HdBoard,72.0,TA,TA,CBlock,Gd,Gd,No,GLQ,980,LwQ,40,92,1112,GasA,Gd,Y,SBrkr,1137,0,0,1137,1,0,2,0,2,1,Gd,5,Typ,1,TA,Attchd,1987.0,Unf,2,551,TA,TA,Y,125,0,0,0,0,0,0,7,2006,WD,Normal,176000,2249,3.0,0,23.193548387096776,0.0823256824270509,0.49444197421076036,19,0,0,1,6822,6.0,36,1292769
697,30,RM,50.0,6000,Pave,Reg,Lvl,AllPub,Inside,Gtl,BrkSide,Norm,Norm,1Fam,1Story,5,7,1921,1950,Gable,CompShg,Wd Sdng,Wd Shng,0.0,TA,TA,CBlock,TA,TA,No,LwQ,616,Unf,0,0,616,GasA,Gd,Y,SBrkr,616,0,0,616,0,0,1,0,2,1,TA,4,Typ,0,,Detchd,1921.0,Unf,1,205,TA,TA,Y,0,0,129,0,0,0,0,6,2006,WD,Normal,89000,1232,1.0,129,1232.0,0.10266666666666667,0.5,85,0,0,1,3080,2.0,25,379456
698,20,RL,57.0,6420,Pave,IR1,Lvl,AllPub,Inside,Gtl,Edwards,Norm,Norm,1Fam,1Story,5,7,1952,1952,Gable,CompShg,Wd Sdng,Wd Sdng,0.0,TA,TA,PConc,Ex,Gd,Mn,LwQ,210,ALQ,551,219,980,GasA,Fa,Y,FuseA,1148,0,0,1148,0,1,1,0,2,1,TA,6,Typ,0,,Detchd,1952.0,Unf,1,308,TA,TA,Y,0,0,0,0,0,0,0,9,2006,WD,Normal,123500,2128,1.5,0,8.677272727272728,0.17881619937694704,0.4605263157894737,54,0,0,1,5740,3.0,25,1317904
699,20,RL,65.0,8450,Pave,Reg,Lvl,AllPub,Inside,Gtl,Sawyer,RRAe,Norm,1Fam,1Story,5,8,1965,2009,Gable,CompShg,MetalSd,MetalSd,0.0,TA,Gd,CBlock,TA,TA,No,GLQ,553,BLQ,117,224,894,GasA,Ex,Y,SBrkr,894,0,0,894,1,0,1,0,3,1,TA,5,Typ,1,Gd,Detchd,1973.0,Unf,1,336,TA,TA,Y,416,144,0,0,0,0,0,4,2010,WD,Normal,138500,1788,2.0,144,6.9511111111111115,0.10579881656804734,0.5,45,0,0,1,4470,6.0,25,799236
700,120,FV,59.0,4282,Pave,IR2,Lvl,AllPub,Inside,Gtl,Somerst,Norm,Norm,TwnhsE,1Story,7,5,2004,2004,Gable,CompShg,MetalSd,MetalSd,0.0,Gd,TA,PConc,Gd,TA,Mn,GLQ,16,Unf,0,1375,1391,GasA,Ex,Y,SBrkr,1391,0,0,1391,0,0,2,0,2,1,Gd,5,Typ,0,,Attchd,2004.0,RFn,2,530,TA,TA,Y,156,158,0,0,0,0,0,7,2008,WD,Normal,196000,2782,2.0,158,1.0225290697674418,0.32484820177487156,0.5,4,0,0,1,9737,4.0,49,1934881
701,20,RL,85.0,14331,Pave,Reg,Lvl,AllPub,Inside,Gtl,Timber,Norm,Norm,1Fam,1Story,8,5,2002,2002,Hip,CompShg,VinylSd,VinylSd,630.0,Gd,TA,PConc,Ex,TA,Gd,GLQ,1274,Unf,0,526,1800,GasA,Ex,Y,SBrkr,1800,0,0,1800,1,0,2,0,3,1,Gd,7,Typ,1,Gd,Attchd,2002.0,Fin,3,765,TA,TA,Y,270,78,0,0,0,0,0,5,2006,WD,Normal,312500,3600,3.0,78,5.8330170777988615,0.1256018421603517,0.5,4,0,0,1,14400,9.0,64,3240000
702,20,RL,80.0,9600,Pave,Reg,Lvl,AllPub,Inside,Gtl,NWAmes,Norm,Norm,1Fam,1Story,7,5,1969,1969,Hip,CompShg,HdBoard,HdBoard,168.0,TA,TA,CBlock,TA,TA,No,Unf,0,Unf,0,1164,1164,GasA,TA,Y,SBrkr,1164,0,0,1164,0,0,1,1,3,1,TA,6,Typ,0,,Attchd,1969.0,Unf,2,528,TA,TA,Y,0,0,0,0,0,0,0,7,2006,COD,Normal,140000,2328,1.5,0,0.9991416309012876,0.12125,0.5,37,0,0,1,8148,4.5,49,1354896
703,60,RL,82.0,12438,Pave,IR1,Lvl,AllPub,Inside,Gtl,StoneBr,Norm,Norm,1Fam,2Story,8,5,2006,2006,Hip,CompShg,VinylSd,VinylSd,466.0,Ex,TA,PConc,Ex,Gd,No,Unf,0,Unf,0,1234,1234,GasA,Ex,Y,SBrkr,1264,1312,0,2576,0,0,2,1,4,1,Ex,10,Typ,1,Gd,BuiltIn,2006.0,Fin,3,666,TA,TA,Y,324,100,0,0,0,0,0,7,2006,New,Partial,361919,3810,2.5,100,2.08582995951417,0.20710725196977006,0.32388451443569555,0,1,1,1,20608,10.0,64,6635776
704,190,RM,76.0,7630,Pave,Reg,Lvl,AllPub,Inside,Gtl,OldTown,Feedr,Norm,2fmCon,2Story,5,9,1900,1996,Gable,CompShg,Wd Sdng,Wd Sdng,0.0,TA,Gd,BrkTil,Gd,TA,No,Unf,0,Unf,0,360,360,GasA,Gd,Y,SBrkr,1032,780,0,1812,0,0,2,0,4,2,Gd,8,Typ,1,Po,Detchd,1999.0,Unf,2,672,TA,TA,N,344,0,40,0,0,0,0,5,2010,WD,Normal,140000,2172,2.0,40,5.019390581717452,0.23748361730013107,0.16574585635359115,110,0,1,1,9060,8.0,25,3283344
705,20,RL,70.0,8400,Pave,Reg,Lvl,AllPub,Inside,Gtl,CollgCr,Norm,Norm,1Fam,1Story,7,5,2004,2005,Gable,CompShg,VinylSd,VinylSd,109.0,Gd,TA,PConc,Gd,TA,Av,GLQ,712,Unf,0,761,1473,GasA,Ex,Y,SBrkr,1484,0,0,1484,1,0,2,0,3,1,Gd,7,Typ,0,,Attchd,2004.0,RFn,2,606,TA,TA,Y,0,35,0,144,0,0,0,5,2010,WD,Normal,213000,2957,3.0,179,2.8818897637795278,0.17666666666666667,0.49814000676361175,6,0,0,1,10388,9.0,49,2202256
706,190,RM,70.0,5600,Pave,Reg,Lvl,AllPub,Inside,Gtl,IDOTRR,Norm,Norm,2fmCon,2Story,4,5,1930,1950,Hip,CompShg,VinylSd,Wd Shng,0.0,Fa,Fa,Slab,,,,,0,,0,0,0,GasA,Fa,N,SBrkr,372,720,0,1092,0,0,2,0,3,2,Fa,7,Mod,0,,,0.0,,0,0,,,N,0,0,0,0,0,0,3500,7,2010,WD,Normal,55000,1092,2.0,0,1092.0,0.195,0.0,80,0,1,0,4368,6.0,16,1192464
707,20,RL,69.0,115149,Pave,IR2,Low,AllPub,CulDSac,Sev,ClearCr,Norm,Norm,1Fam,1Story,7,5,1971,2002,Gable,CompShg,Plywood,Plywood,351.0,TA,TA,CBlock,Gd,TA,Gd,GLQ,1219,Unf,0,424,1643,GasA,TA,Y,SBrkr,1824,0,0,1824,1,0,2,0,2,1,Gd,5,Typ,2,TA,Attchd,1971.0,Unf,2,739,TA,TA,Y,380,48,0,0,0,0,0,6,2007,WD,Normal,302000,3467,3.0,48,7.16,0.015840345986504443,0.4738967406980098,36,0,0,1,12768,6.0,49,3326976
708,120,RL,48.0,6240,Pave,Reg,Lvl,AllPub,Inside,Gtl,NridgHt,Norm,Norm,TwnhsE,1Story,8,5,2006,2006,Hip,CompShg,MetalSd,MetalSd,176.0,Gd,TA,PConc,Gd,TA,No,GLQ,863,Unf,0,461,1324,GasA,Ex,Y,SBrkr,1324,0,0,1324,1,0,2,0,2,1,Gd,6,Typ,1,Gd,Attchd,2006.0,Fin,2,550,TA,TA,Y,192,38,0,0,0,0,0,12,2009,WD,Normal,254000,2648,3.0,38,4.733766233766234,0.21217948717948718,0.5,3,1,0,1,10592,6.0,64,1752976
709,60,RL,65.0,9018,Pave,IR1,Lvl,AllPub,Inside,Gtl,Gilbert,Norm,Norm,1Fam,2Story,7,5,2007,2007,Hip,CompShg,VinylSd,VinylSd,0.0,Gd,TA,PConc,Gd,TA,Av,Unf,0,Unf,0,728,728,GasA,Ex,Y,SBrkr,728,728,0,1456,0,0,2,1,3,1,Gd,8,Typ,1,Gd,Attchd,2007.0,Fin,2,400,TA,TA,Y,100,24,0,0,0,0,0,7,2007,New,Partial,179540,2184,2.5,24,1.9972565157750344,0.1614548680416944,0.3333333333333333,0,1,1,1,10192,7.5,49,2119936
710,20,RL,69.0,7162,Pave,IR1,Lvl,AllPub,Inside,Gtl,Sawyer,Norm,Norm,1Fam,1Story,5,7,1966,1966,Gable,CompShg,HdBoard,HdBoard,41.0,TA,TA,PConc,TA,TA,No,Unf,0,Unf,0,876,876,GasA,TA,Y,SBrkr,904,0,0,904,0,0,1,0,3,1,TA,6,Typ,0,,Attchd,1966.0,Unf,1,408,TA,TA,Y,0,0,0,0,0,0,0,12,2008,WD,Abnorml,109900,1780,1.0,0,1.0307867730900797,0.12622172577492322,0.49213483146067416,42,0,0,1,4520,3.0,25,817216
711,30,RL,56.0,4130,Pave,IR1,Lvl,AllPub,Inside,Gtl,BrkSide,Norm,Norm,1Fam,1Story,3,6,1935,2003,Gable,CompShg,VinylSd,VinylSd,0.0,Gd,TA,CBlock,TA,TA,No,Unf,0,Unf,0,270,270,GasA,Gd,Y,SBrkr,729,0,0,729,0,0,1,0,2,1,TA,5,Maj2,0,,,0.0,,0,0,,,N,0,0,0,0,0,0,0,7,2008,WD,Normal,52000,999,1.0,0,2.690036900369004,0.1765133171912833,0.2702702702702703,73,0,0,0,2187,2.0,9,531441
712,50,C (all),66.0,8712,Pave,Reg,HLS,AllPub,Inside,Mod,IDOTRR,Norm,Norm,1Fam,1.5Fin,4,7,1900,1950,Gable,CompShg,MetalSd,MetalSd,0.0,TA,TA,Stone,TA,TA,Mn,Unf,0,Unf,0,859,859,GasA,Gd,Y,SBrkr,859,319,0,1178,0,0,1,0,2,1,TA,7,Typ,0,,Detchd,1964.0,RFn,1,384,TA,TA,N,68,0,98,0,0,0,0,1,2010,WD,Abnorml,102776,2037,1.0,98,1.369767441860465,0.13521579430670339,0.4216985763377516,110,0,1,1,4712,2.0,16,1387684
713,120,RL,40.0,4671,Pave,IR1,HLS,AllPub,Inside,Gtl,StoneBr,Norm,Norm,TwnhsE,1Story,8,5,1988,1989,Gable,CompShg,HdBoard,HdBoard,0.0,Gd,TA,PConc,Gd,TA,Mn,GLQ,767,Unf,0,461,1228,GasA,Gd,Y,SBrkr,1228,0,0,1228,1,0,2,0,2,1,Gd,5,Typ,1,Gd,Attchd,1988.0,Fin,2,472,TA,TA,Y,168,120,0,0,0,0,0,10,2008,WD,Normal,189000,2456,3.0,120,4.318181818181818,0.2628987368871762,0.5,20,0,0,1,9824,6.0,64,1507984
714,190,RL,60.0,9873,Pave,Reg,Lvl,AllPub,Inside,Gtl,BrkSide,RRAn,Norm,2fmCon,1Story,4,5,1970,1970,Gable,CompShg,HdBoard,HdBoard,160.0,TA,TA,CBlock,TA,TA,Av,ALQ,789,Unf,0,171,960,GasW,TA,N,SBrkr,960,0,0,960,1,0,1,0,3,1,TA,6,Typ,0,,Detchd,1970.0,Unf,2,576,TA,TA,Y,0,288,0,0,0,0,0,5,2006,WD,Normal,129000,1920,2.0,288,10.168604651162791,0.09723488301428138,0.5,36,0,0,1,3840,6.0,16,921600
715,60,RL,69.0,13517,Pave,IR1,Lvl,AllPub,CulDSac,Gtl,Sawyer,RRAe,Norm,1Fam,2Story,6,8,1976,2005,Gable,CompShg,HdBoard,Plywood,289.0,Gd,TA,CBlock,TA,TA,No,GLQ,533,Unf,0,192,725,GasA,Ex,Y,SBrkr,725,754,0,1479,0,0,2,1,3,1,Gd,6,Typ,0,,Attchd,1976.0,RFn,2,475,TA,TA,Y,0,44,0,0,0,0,0,3,2010,WD,Normal,130500,2204,2.5,44,10.424870466321243,0.10941777021528445,0.32894736842105265,34,0,1,1,8874,7.5,36,2187441
716,20,RL,78.0,10140,Pave,Reg,Lvl,AllPub,Inside,Gtl,NWAmes,Norm,Norm,1Fam,1Story,6,5,1974,1974,Hip,CompShg,HdBoard,HdBoard,174.0,TA,TA,CBlock,Gd,TA,No,Unf,0,Unf,0,1064,1064,GasA,TA,Y,SBrkr,1350,0,0,1350,0,0,2,0,3,1,TA,7,Typ,1,TA,Attchd,1974.0,RFn,2,478,TA,TA,Y,0,0,0,0,0,0,0,8,2009,WD,Normal,165000,2414,2.0,0,1.267605633802817,0.13313609467455623,0.4407622203811102,35,0,0,1,8100,6.0,36,1822500
717,70,RM,60.0,10800,Pave,Reg,Bnk,AllPub,Inside,Gtl,OldTown,Norm,Norm,1Fam,2Story,7,8,1890,1998,Gable,CompShg,Wd Sdng,VinylSd,0.0,TA,Gd,BrkTil,TA,TA,No,Unf,0,Unf,0,718,718,GasA,Ex,Y,SBrkr,1576,978,0,2554,0,0,1,1,3,1,TA,8,Typ,0,,Detchd,1996.0,Unf,2,704,TA,TA,P,0,48,143,0,0,0,0,7,2007,WD,Normal,159500,3272,1.5,191,3.5521557719054244,0.2364814814814815,0.21943765281173594,117,0,1,1,17878,4.5,49,6522916
718,20,RL,80.0,10000,Pave,Reg,Lvl,AllPub,Inside,Gtl,NWAmes,Norm,Norm,1Fam,1Story,5,6,1973,2000,Gable,CompShg,HdBoard,HdBoard,0.0,TA,TA,CBlock,Gd,TA,No,BLQ,1084,Unf,0,92,1176,GasA,Gd,Y,SBrkr,1178,0,0,1178,0,1,1,1,3,1,Gd,5,Typ,1,Fa,Attchd,1973.0,Unf,2,439,TA,TA,Y,224,0,0,0,0,0,0,11,2008,WD,Normal,157000,2354,2.0,0,24.322580645161292,0.1178,0.4995751911639762,35,0,0,1,5890,6.0,25,1387684
719,60,RL,96.0,10542,Pave,Reg,Lvl,AllPub,Inside,Gtl,NoRidge,Norm,Norm,1Fam,2Story,7,5,1993,1994,Hip,CompShg,Wd Sdng,ImStucc,651.0,Gd,TA,PConc,Gd,TA,Gd,GLQ,1173,Unf,0,138,1311,GasA,Ex,Y,SBrkr,1325,1093,0,2418,1,0,2,1,3,1,Gd,9,Typ,1,TA,Attchd,1993.0,RFn,3,983,TA,TA,Y,250,154,216,0,0,0,0,8,2008,WD,Normal,341000,3729,3.5,370,25.834532374100718,0.22936824132043254,0.3515687851971038,15,0,1,1,16926,10.5,49,5846724
720,20,RL,69.0,9920,Pave,IR1,Lvl,AllPub,Inside,Gtl,CollgCr,Norm,Norm,1Fam,1Story,5,6,1969,1969,Gable,CompShg,HdBoard,Plywood,0.0,TA,TA,CBlock,Gd,TA,Gd,ALQ,523,Unf,0,448,971,GasA,TA,Y,SBrkr,971,0,0,971,0,0,1,1,3,1,TA,5,Typ,1,Po,Attchd,1969.0,Unf,1,300,TA,TA,Y,0,0,0,0,0,0,0,5,2006,WD,Normal,128500,1942,1.5,0,3.3273942093541202,0.09788306451612903,0.5,37,0,0,1,4855,4.5,25,942841
721,120,RL,69.0,6563,Pave,IR1,Low,AllPub,CulDSac,Mod,StoneBr,Norm,Norm,1Fam,1Story,8,5,1985,1985,Gable,CompShg,HdBoard,HdBoard,0.0,Gd,TA,PConc,Gd,TA,Gd,GLQ,1148,Unf,0,594,1742,GasA,TA,Y,SBrkr,1742,0,0,1742,1,0,2,0,2,1,Gd,5,Typ,1,TA,Attchd,1985.0,RFn,2,564,TA,TA,Y,114,28,234,0,0,0,0,12,2006,WD,Normal,275000,3484,3.0,262,4.857142857142857,0.2654273960079232,0.5,21,0,0,1,13936,6.0,64,3034564
722,120,RM,69.0,4426,Pave,Reg,Lvl,AllPub,Inside,Gtl,CollgCr,Norm,Norm,TwnhsE,1Story,6,5,2004,2004,Gable,CompShg,VinylSd,VinylSd,169.0,Gd,TA,PConc,Gd,TA,Av,GLQ,662,Unf,0,186,848,GasA,Ex,Y,SBrkr,848,0,0,848,1,0,1,0,1,1,Gd,3,Typ,0,,Attchd,2004.0,RFn,2,420,TA,TA,Y,160,0,0,0,0,0,0,5,2010,WD,Normal,143000,1696,2.0,0,8.074866310160427,0.19159511974694984,0.5,6,0,0,1,5088,2.0,36,719104
723,20,RL,70.0,8120,Pave,Reg,Lvl,AllPub,Inside,Gtl,NAmes,Norm,Norm,1Fam,1Story,4,7,1970,1970,Gable,CompShg,MetalSd,MetalSd,0.0,TA,Gd,CBlock,TA,TA,No,ALQ,191,Unf,0,673,864,GasA,Ex,Y,SBrkr,864,0,0,864,0,0,1,0,3,1,TA,5,Typ,0,,Detchd,1994.0,Unf,2,463,TA,TA,Y,0,0,0,0,0,0,0,7,2009,WD,Normal,124500,1728,1.0,0,1.5652818991097923,0.10640394088669951,0.5,39,0,0,1,3456,3.0,16,746496
724,50,RL,60.0,8172,Pave,Reg,Lvl,AllPub,Inside,Gtl,Edwards,Norm,Norm,1Fam,1.5Fin,4,6,1954,1972,Gable,CompShg,MetalSd,MetalSd,0.0,TA,TA,PConc,TA,TA,No,Unf,0,Unf,0,941,941,GasA,Ex,Y,SBrkr,997,473,0,1470,0,0,2,0,4,1,TA,7,Typ,0,,Detchd,1958.0,Unf,1,548,TA,TA,Y,0,0,0,0,156,0,0,5,2008,WD,Normal,135000,2411,2.0,156,1.5605095541401275,0.17988252569750368,0.39029448361675656,54,0,1,1,5880,8.0,16,2160900
725,20,RL,86.0,13286,Pave,IR1,Lvl,AllPub,Inside,Gtl,Edwards,Norm,Norm,1Fam,1Story,9,5,2007,2008,Hip,CompShg,CemntBd,CmentBd,340.0,Ex,TA,PConc,Ex,TA,No,GLQ,1234,Unf,0,464,1698,GasA,Ex,Y,SBrkr,1698,0,0,1698,1,0,2,0,3,1,Ex,8,Typ,1,Gd,Attchd,2007.0,Fin,3,768,TA,TA,Y,327,64,0,0,0,0,0,2,2009,WD,Normal,320000,3396,3.0,64,6.305376344086022,0.1278037031461689,0.5,2,1,0,1,15282,9.0,81,2883204
726,20,RL,60.0,6960,Pave,Reg,Lvl,AllPub,Inside,Gtl,NAmes,Norm,Norm,1Fam,1Story,4,6,1970,1970,Gable,CompShg,HdBoard,Plywood,0.0,TA,TA,CBlock,TA,TA,No,ALQ,375,BLQ,239,250,864,GasA,TA,Y,SBrkr,864,0,0,864,0,0,1,0,3,1,Gd,5,Typ,0,,Detchd,1989.0,Unf,2,660,TA,TA,Y,96,0,0,0,0,0,500,11,2009,WD,Normal,120500,1728,1.0,0,5.888446215139442,0.12413793103448276,0.5,39,0,0,1,3456,3.0,16,746496
727,20,RL,69.0,21695,Pave,IR1,Lvl,AllPub,Corner,Gtl,Crawfor,Norm,Norm,1Fam,1Story,6,9,1988,2007,Hip,CompShg,Wd Sdng,Plywood,260.0,Gd,Gd,CBlock,Gd,TA,No,GLQ,808,Unf,0,72,880,GasA,Ex,Y,SBrkr,1680,0,0,1680,1,0,2,0,3,1,Gd,5,Typ,1,Gd,Attchd,1988.0,Fin,2,540,TA,TA,Y,292,44,0,182,0,0,0,12,2009,WD,Normal,222000,2560,3.0,226,34.082191780821915,0.07743719751094723,0.34375,21,0,0,1,10080,9.0,36,2822400
728,20,RL,64.0,7314,Pave,Reg,Lvl,AllPub,Inside,Gtl,CollgCr,Norm,Norm,1Fam,1Story,7,5,2007,2007,Gable,CompShg,VinylSd,VinylSd,82.0,Gd,TA,PConc,Gd,TA,Av,GLQ,724,Unf,0,508,1232,GasA,Ex,Y,SBrkr,1232,0,0,1232,1,0,2,0,2,1,Gd,6,Typ,0,,Attchd,2007.0,RFn,2,632,TA,TA,Y,132,0,0,0,0,0,0,2,2009,WD,Normal,194500,2464,3.0,0,3.8428290766208253,0.16844407984686902,0.5,2,1,0,1,8624,6.0,49,1517824
729,90,RL,85.0,11475,Pave,Reg,Lvl,AllPub,Corner,Gtl,NAmes,Norm,Norm,Duplex,1Story,5,5,1958,1958,Gable,CompShg,VinylSd,VinylSd,95.0,TA,TA,CBlock,TA,TA,No,Unf,0,Unf,0,1584,1584,GasA,TA,Y,SBrkr,1776,0,0,1776,1,0,2,0,4,2,TA,9,Typ,0,,Detchd,1968.0,Unf,3,888,TA,TA,Y,0,25,0,0,0,0,0,7,2009,COD,Abnorml,110000,3360,3.0,25,1.1205047318611987,0.15477124183006535,0.4714285714285714,51,0,0,1,8880,12.0,25,3154176
730,30,RM,52.0,6240,Pave,Reg,Lvl,AllPub,Inside,Gtl,IDOTRR,Norm,Norm,1Fam,1.5Fin,4,5,1925,1950,Gable,CompShg,MetalSd,MetalSd,0.0,TA,TA,CBlock,TA,TA,No,BLQ,152,Unf,0,628,780,GasA,TA,Y,FuseA,848,0,360,1208,0,0,1,0,2,1,TA,5,Typ,0,,Detchd,1962.0,Unf,2,539,TA,TA,Y,0,23,112,0,0,0,0,1,2009,WD,Normal,103000,1628,1.0,135,2.1621621621621623,0.1935897435897436,0.47911547911547914,84,0,0,1,4832,2.0,16,1459264
731,120,RL,39.0,5389,Pave,IR1,Lvl,AllPub,Inside,Gtl,StoneBr,Norm,Norm,TwnhsE,1Story,8,5,1995,1996,Gable,CompShg,CemntBd,CmentBd,0.0,Gd,TA,PConc,Gd,TA,No,GLQ,1180,Unf,0,415,1595,GasA,Ex,Y,SBrkr,1616,0,0,1616,1,0,2,0,2,1,Gd,5,Typ,1,TA,Attchd,1995.0,RFn,2,608,TA,TA,Y,237,152,0,0,0,0,0,3,2010,WD,Normal,236500,3211,3.0,152,6.721153846153846,0.299870105771015,0.49672999065711615,15,0,0,1,12928,6.0,64,2611456
732,80,RL,73.0,9590,Pave,IR1,Lvl,AllPub,Corner,Gtl,Timber,Norm,Norm,1Fam,SLvl,7,5,2003,2003,Gable,CompShg,VinylSd,VinylSd,442.0,Gd,TA,PConc,Ex,TA,Av,GLQ,786,Unf,0,82,868,GasA,Ex,Y,SBrkr,1146,0,0,1146,1,0,2,0,3,1,Gd,6,Typ,1,Gd,Attchd,2003.0,Fin,2,438,TA,TA,Y,160,22,0,0,0,0,0,5,2007,WD,Normal,187500,2014,3.0,22,23.27710843373494,0.11949947862356622,0.43098311817279045,4,0,0,1,8022,9.0,49,1313316
733,60,RL,75.0,11404,Pave,IR1,Lvl,AllPub,Inside,Gtl,CollgCr,Norm,Norm,1Fam,2Story,7,5,1998,1999,Gable,CompShg,VinylSd,VinylSd,202.0,Gd,TA,PConc,Gd,TA,Av,ALQ,252,Unf,0,901,1153,GasA,Ex,Y,SBrkr,1153,878,0,2031,0,0,2,1,3,1,Gd,8,Typ,1,TA,Attchd,1998.0,Fin,2,541,TA,TA,Y,192,84,0,0,0,0,0,7,2008,WD,Normal,222500,3184,2.5,84,2.5310421286031044,0.17809540512101016,0.36212311557788945,10,0,1,1,14217,7.5,49,4124961
734,20,RL,80.0,10000,Pave,Reg,Lvl,AllPub,Corner,Gtl,Sawyer,Feedr,Norm,1Fam,1Story,5,6,1961,1983,Hip,CompShg,HdBoard,HdBoard,0.0,TA,TA,CBlock,TA,TA,No,BLQ,594,Unf,0,270,864,GasA,Ex,Y,SBrkr,1144,0,0,1144,1,0,1,0,3,1,TA,6,Typ,1,TA,Attchd,1961.0,RFn,1,264,TA,TA,Y,165,0,0,0,0,0,400,3,2009,WD,Normal,131400,2008,2.0,0,6.413284132841328,0.1144,0.4302788844621514,48,0,0,1,5720,6.0,25,1308736
735,20,RL,69.0,8978,Pave,IR1,Lvl,AllPub,Corner,Gtl,Sawyer,Norm,Norm,1Fam,1Story,5,5,1968,1968,Gable,CompShg,Plywood,Plywood,0.0,TA,TA,PConc,TA,TA,No,Unf,0,Unf,0,948,948,GasA,TA,Y,SBrkr,948,0,0,948,0,0,1,0,3,1,TA,6,Typ,0,,Attchd,1968.0,Unf,1,300,TA,TA,Y,147,0,0,0,0,0,0,5,2007,WD,Family,108000,1896,1.0,0,0.9989462592202318,0.10559144575629316,0.5,39,0,0,1,4740,3.0,25,898704
736,75,RM,60.0,10800,Pave,Reg,Lvl,AllPub,Inside,Gtl,OldTown,Norm,Norm,1Fam,2.5Unf,7,7,1914,1970,Gable,CompShg,Wd Sdng,Wd Sdng,0.0,TA,TA,BrkTil,Gd,TA,Mn,Rec,390,Unf,0,490,880,GasW,Fa,N,SBrkr,880,888,0,1768,0,0,1,1,2,1,TA,6,Typ,2,TA,Detchd,1914.0,Unf,2,320,TA,TA,N,0,341,0,0,0,0,0,10,2006,WD,Normal,163000,2648,1.5,341,4.395112016293279,0.1637037037037037,0.3323262839879154,92,0,1,1,12376,3.0,49,3125824
737,90,RL,60.0,8544,Pave,Reg,Lvl,AllPub,Inside,Gtl,NAmes,Norm,Norm,Duplex,1Story,3,4,1950,1950,Gable,CompShg,Stucco,Stone,0.0,TA,TA,CBlock,,,,,0,,0,0,0,GasA,Gd,N,FuseF,1040,0,0,1040,0,0,2,0,2,2,TA,6,Typ,0,,Detchd,1949.0,Unf,2,400,TA,TA,Y,0,0,0,0,0,0,0,7,2006,WD,Normal,93500,1040,2.0,0,1040.0,0.12172284644194757,0.0,56,0,0,1,3120,4.0,9,1081600
738,60,RL,72.0,10463,Pave,IR1,HLS,AllPub,CulDSac,Gtl,Gilbert,Norm,Norm,1Fam,2Story,8,5,2005,2005,Gable,CompShg,VinylSd,VinylSd,0.0,Gd,TA,PConc,Gd,TA,No,Unf,0,Unf,0,893,893,GasA,Ex,Y,SBrkr,901,900,0,1801,0,0,2,1,3,1,Gd,8,Typ,1,Gd,Attchd,2005.0,Fin,3,800,TA,TA,Y,0,116,0,0,0,0,0,6,2006,WD,Normal,239900,2694,2.5,116,2.0145413870246087,0.17213036414030392,0.3314773570898292,1,1,1,1,14408,7.5,64,3243601
739,90,RL,60.0,10800,Pave,Reg,Lvl,AllPub,Inside,Gtl,Edwards,Norm,Norm,Duplex,1Story,5,5,1987,1988,Gable,CompShg,Plywood,Plywood,0.0,TA,TA,CBlock,Gd,Gd,Gd,GLQ,1200,Unf,0,0,1200,GasA,TA,Y,SBrkr,1200,0,0,1200,3,0,3,0,3,1,TA,5,Typ,0,,,0.0,,0,0,,,Y,120,0,0,0,0,0,0,3,2009,WD,Alloca,179000,2400,6.0,0,2400.0,0.1111111111111111,0.5,22,0,0,0,6000,18.0,25,1440000
740,60,RL,65.0,9313,Pave,IR1,Lvl,AllPub,Inside,Gtl,CollgCr,Norm,Norm,1Fam,2Story,7,5,2004,2004,Gable,CompShg,VinylSd,VinylSd,0.0,Gd,TA,PConc,Gd,TA,No,Unf,0,Unf,0,864,864,GasA,Ex,Y,SBrkr,864,864,0,1728,0,0,2,1,3,1,Gd,7,Typ,0,,Attchd,2004.0,RFn,2,572,TA,TA,Y,187,56,0,0,0,0,0,4,2009,WD,Normal,190000,2592,2.5,56,1.9976878612716762,0.18554708472028347,0.3333333333333333,5,0,1,1,12096,7.5,49,2985984
741,70,RM,60.0,9600,Pave,Reg,Lvl,AllPub,Inside,Gtl,OldTown,Norm,Norm,1Fam,2Story,5,7,1910,2002,Gable,CompShg,Wd Sdng,Wd Shng,0.0,TA,Gd,BrkTil,Fa,Fa,No,Unf,0,Unf,0,264,264,GasA,Ex,Y,SBrkr,768,664,0,1432,0,0,2,0,2,1,TA,7,Typ,0,,Detchd,1910.0,Unf,2,360,TA,Gd,Y,270,0,112,0,0,0,0,5,2007,WD,Abnorml,132000,1696,2.0,112,5.40377358490566,0.14916666666666667,0.15566037735849056,97,0,1,1,7160,4.0,25,2050624
742,20,RL,65.0,6768,Pave,IR1,Lvl,AllPub,Inside,Gtl,Sawyer,Feedr,Norm,1Fam,1Story,6,8,1961,1996,Hip,CompShg,HdBoard,HdBoard,0.0,TA,Gd,CBlock,TA,TA,Mn,GLQ,832,Unf,0,80,912,GasA,Gd,Y,SBrkr,912,0,0,912,1,1,1,0,3,1,Gd,5,Typ,0,,Detchd,1962.0,Unf,1,288,TA,TA,Y,168,0,0,0,0,0,0,5,2008,WD,Normal,142000,1824,2.5,0,21.530864197530864,0.1347517730496454,0.5,47,0,0,1,5472,7.5,36,831744
743,20,RL,65.0,8450,Pave,Reg,Lvl,AllPub,Inside,Gtl,SawyerW,Norm,Norm,1Fam,1Story,7,5,2000,2001,Gable,CompShg,VinylSd,VinylSd,108.0,TA,TA,PConc,Gd,TA,No,Unf,0,Unf,0,1349,1349,GasA,Ex,Y,SBrkr,1349,0,0,1349,0,0,2,0,3,1,TA,6,Typ,0,,Attchd,2000.0,Unf,2,539,TA,TA,Y,120,55,0,0,0,0,0,12,2007,WD,Normal,179000,2698,2.0,55,0.9992592592592593,0.15964497041420117,0.5,7,0,0,1,9443,6.0,49,1819801
744,80,RL,70.0,12886,Pave,IR1,Lvl,AllPub,Inside,Gtl,Sawyer,Norm,Norm,1Fam,SLvl,5,6,1963,1999,Gable,CompShg,HdBoard,HdBoard,0.0,TA,TA,CBlock,Gd,TA,Av,ALQ,444,Unf,0,76,520,GasA,Ex,Y,SBrkr,1464,0,0,1464,0,1,2,0,3,1,TA,6,Min2,1,TA,Attchd,1997.0,RFn,2,480,TA,TA,Y,302,0,0,0,100,0,0,10,2009,WD,Normal,175000,1984,2.5,100,24.77922077922078,0.11361167158156138,0.2620967741935484,46,0,0,1,7320,7.5,25,2143296
745,120,RL,41.0,5395,Pave,IR1,HLS,AllPub,Inside,Gtl,StoneBr,Norm,Norm,TwnhsE,1Story,8,5,1993,1993,Gable,CompShg,HdBoard,HdBoard,0.0,Gd,TA,PConc,Gd,TA,No,GLQ,733,Unf,0,604,1337,GasA,Gd,Y,SBrkr,1337,0,0,1337,1,0,2,0,2,1,Gd,5,Typ,1,TA,Attchd,1993.0,RFn,2,462,TA,TA,Y,96,0,70,168,0,0,0,10,2008,WD,Normal,180000,2674,3.0,238,3.4214876033057853,0.24782205746061167,0.5,15,0,0,1,10696,6.0,64,1787569
746,60,RL,69.0,8963,Pave,IR1,Lvl,AllPub,Inside,Gtl,NWAmes,Norm,Norm,1Fam,2Story,8,9,1976,1996,Hip,CompShg,VinylSd,VinylSd,289.0,Ex,Gd,CBlock,TA,Gd,No,GLQ,575,ALQ,80,487,1142,GasA,Ex,Y,SBrkr,1175,1540,0,2715,0,1,3,1,4,1,Gd,11,Typ,2,TA,BuiltIn,1994.0,Fin,2,831,TA,TA,Y,0,204,0,0,0,0,0,7,2008,WD,Normal,299800,3857,4.0,204,6.905737704918033,0.30291197143813453,0.2960850401866736,32,0,1,1,21720,16.0,64,7371225
747,60,RL,69.0,8795,Pave,IR1,Lvl,AllPub,Inside,Gtl,Gilbert,Norm,Norm,1Fam,2Story,7,5,2000,2000,Gable,CompShg,VinylSd,VinylSd,0.0,Gd,TA,PConc,Gd,TA,No,GLQ,300,Unf,0,652,952,GasA,Ex,Y,SBrkr,980,1276,0,2256,0,0,2,1,4,1,Gd,8,Typ,1,TA,BuiltIn,2000.0,Fin,2,554,TA,TA,Y,224,54,0,0,0,0,0,4,2009,WD,Normal,236000,3208,2.5,54,3.9142419601837672,0.2565093803297328,0.2967581047381546,9,0,1,1,15792,10.0,49,5089536
748,70,RM,65.0,11700,Pave,IR1,Lvl,AllPub,Corner,Gtl,OldTown,Norm,Norm,1Fam,2Story,7,7,1880,2003,Mansard,CompShg,Stucco,Stucco,0.0,Gd,TA,Stone,TA,Fa,No,Unf,0,Unf,0,1240,1240,GasW,TA,N,SBrkr,1320,1320,0,2640,0,0,1,1,4,1,Gd,8,Typ,1,Gd,Detchd,1950.0,Unf,4,864,TA,TA,N,181,0,386,0,0,0,0,5,2009,WD,Normal,265979,3880,1.5,386,2.1273166800966963,0.22564102564102564,0.31958762886597936,129,0,1,1,18480,6.0,49,6969600
749,20,RL,59.0,10593,Pave,IR1,Lvl,AllPub,Inside,Gtl,NoRidge,Norm,Norm,1Fam,1Story,7,5,1996,1996,Hip,CompShg,VinylSd,VinylSd,338.0,Gd,TA,PConc,Gd,TA,No,GLQ,919,Unf,0,801,1720,GasA,Ex,Y,SBrkr,1720,0,0,1720,1,0,2,0,3,1,Gd,7,Typ,1,TA,Attchd,1996.0,Fin,2,527,TA,TA,Y,240,56,154,0,0,0,0,3,2010,WD,Normal,260400,3440,3.0,210,3.2905236907730675,0.16237137732464835,0.5,14,0,0,1,12040,9.0,49,2958400
750,50,RL,50.0,8405,Pave,Reg,Lvl,AllPub,Inside,Gtl,Edwards,Norm,Norm,1Fam,1.5Fin,4,3,1945,1950,Gable,CompShg,WdShing,Wd Shng,0.0,TA,TA,Slab,,,,,0,,0,0,0,Wall,TA,N,FuseF,1088,441,0,1529,0,0,2,0,4,1,TA,9,Mod,0,,Detchd,1945.0,Unf,1,240,TA,TA,N,92,0,185,0,0,0,0,4,2009,WD,Normal,98000,1529,2.0,185,1529.0,0.18191552647233789,0.0,64,0,1,1,6116,8.0,16,2337841
751,50,RM,55.0,8800,Pave,Reg,Lvl,AllPub,Corner,Gtl,OldTown,Norm,Norm,1Fam,1.5Fin,4,7,1910,2004,Gable,CompShg,Wd Sdng,Wd Sdng,0.0,TA,TA,BrkTil,TA,Fa,No,Unf,0,Unf,0,576,576,GasA,Gd,Y,SBrkr,792,348,0,1140,0,0,1,0,3,1,TA,7,Min2,0,,,0.0,,0,0,,,N,0,160,0,0,0,0,0,6,2010,WD,Normal,96500,1716,1.0,160,1.975736568457539,0.12954545454545455,0.3356643356643357,100,0,1,0,4560,3.0,16,1299600
752,60,RL,69.0,7750,Pave,Reg,Lvl,AllPub,Inside,Gtl,Gilbert,RRAn,Norm,1Fam,2Story,7,5,2003,2003,Gable,CompShg,VinylSd,VinylSd,0.0,Gd,TA,PConc,Gd,TA,No,Unf,0,Unf,0,660,660,GasA,Ex,Y,SBrkr,660,660,0,1320,0,0,2,1,3,1,Gd,6,Typ,0,,Attchd,2003.0,Fin,2,400,TA,TA,Y,0,48,0,0,0,0,0,8,2007,WD,Normal,162000,1980,2.5,48,1.9969742813918305,0.1703225806451613,0.3333333333333333,4,0,1,1,9240,7.5,49,1742400
753,20,RL,79.0,9236,Pave,IR1,Lvl,AllPub,Inside,Gtl,CollgCr,Norm,Norm,1Fam,1Story,6,5,1997,1997,Gable,CompShg,VinylSd,VinylSd,0.0,TA,Gd,PConc,Gd,TA,Gd,GLQ,1200,Unf,0,279,1479,GasA,Ex,Y,SBrkr,1494,0,0,1494,1,0,2,0,3,1,Gd,6,Typ,0,,Attchd,1997.0,RFn,2,576,TA,TA,Y,168,27,0,0,0,0,0,7,2006,WD,Normal,217000,2973,3.0,27,9.621428571428572,0.1617583369423993,0.49747729566094856,9,0,0,1,8964,9.0,36,2232036
754,60,RL,80.0,10240,Pave,Reg,Lvl,AllPub,Inside,Gtl,NridgHt,Norm,Norm,1Fam,2Story,8,5,2005,2005,Gable,CompShg,VinylSd,VinylSd,178.0,Gd,TA,PConc,Gd,TA,Mn,Unf,0,Unf,0,1030,1030,GasA,Gd,Y,SBrkr,1038,1060,0,2098,0,0,2,1,3,1,Ex,8,Typ,1,Gd,Attchd,2005.0,RFn,3,878,TA,TA,Y,192,52,0,0,0,0,0,3,2006,WD,Normal,275500,3128,2.5,52,2.034917555771096,0.2048828125,0.32928388746803067,1,1,1,1,16784,7.5,64,4401604
755,20,RL,61.0,7930,Pave,Reg,Lvl,AllPub,Inside,Gtl,NAmes,Norm,Norm,1Fam,1Story,6,8,1969,2005,Gable,CompShg,Plywood,Plywood,0.0,TA,TA,CBlock,TA,TA,No,GLQ,439,LwQ,472,115,1026,GasA,Gd,Y,SBrkr,1026,0,0,1026,1,0,1,0,3,1,Gd,5,Typ,0,,Detchd,1969.0,RFn,2,440,TA,TA,Y,171,48,0,0,0,0,0,7,2009,WD,Normal,156000,2052,2.0,48,16.698275862068964,0.12938209331651954,0.5,40,0,0,1,6156,6.0,36,1052676
756,160,FV,34.0,3230,Pave,Reg,Lvl,AllPub,Inside,Gtl,Somerst,Norm,Norm,TwnhsE,2Story,6,5,1999,1999,Gable,CompShg,MetalSd,MetalSd,894.0,TA,TA,PConc,Gd,TA,No,GLQ,381,Unf,0,348,729,GasA,Gd,Y,SBrkr,742,729,0,1471,0,0,2,1,3,1,TA,6,Typ,0,,Detchd,1999.0,Unf,2,440,TA,TA,Y,0,24,0,0,0,0,0,3,2009,WD,Normal,172500,2200,2.5,24,5.306590257879656,0.45541795665634677,0.33136363636363636,10,0,1,1,8826,7.5,36,2163841
757,60,RL,68.0,10769,Pave,IR1,Lvl,AllPub,Inside,Gtl,CollgCr,Norm,Norm,1Fam,2Story,8,5,2007,2007,Gable,CompShg,VinylSd,VinylSd,0.0,Gd,TA,PConc,Gd,TA,Av,GLQ,20,Unf,0,846,866,GasA,Ex,Y,SBrkr,866,902,0,1768,0,0,2,1,3,1,Gd,7,Typ,0,,Attchd,2007.0,RFn,2,578,TA,TA,Y,144,105,0,0,0,0,0,4,2009,WD,Normal,212000,2634,2.5,105,2.1109799291617475,0.1641749466059987,0.3287775246772969,2,1,1,1,14144,7.5,64,3125824
758,60,RL,69.0,11616,Pave,IR1,Lvl,AllPub,CulDSac,Gtl,Sawyer,Norm,Norm,1Fam,2Story,6,5,1978,1978,Hip,CompShg,HdBoard,HdBoard,328.0,TA,TA,CBlock,TA,TA,Mn,Rec,438,Unf,0,234,672,GasA,TA,Y,SBrkr,672,714,0,1386,0,0,2,1,3,1,TA,6,Typ,1,TA,Attchd,1978.0,Fin,2,440,TA,TA,Y,335,0,0,0,0,0,0,4,2010,WD,Abnorml,158900,2058,2.5,0,7.761702127659574,0.11931818181818182,0.32653061224489793,32,0,1,1,8316,7.5,36,1920996
759,160,FV,24.0,2280,Pave,Reg,Lvl,AllPub,Inside,Gtl,Somerst,Norm,Norm,Twnhs,2Story,7,5,1999,1999,Gable,CompShg,MetalSd,MetalSd,360.0,TA,TA,PConc,Gd,TA,No,ALQ,549,Unf,0,195,744,GasA,Gd,Y,SBrkr,757,744,0,1501,0,0,2,1,3,1,TA,6,Typ,0,,Detchd,1999.0,Unf,2,440,TA,TA,Y,0,0,0,0,0,0,0,8,2008,WD,Normal,179400,2245,2.5,0,10.459183673469388,0.6583333333333333,0.3314031180400891,9,0,1,1,10507,7.5,49,2253001
760,60,RL,65.0,12257,Pave,IR1,Lvl,AllPub,Inside,Gtl,NoRidge,Norm,Norm,1Fam,2Story,8,5,1995,1995,Gable,CompShg,VinylSd,VinylSd,513.0,Gd,TA,PConc,Gd,TA,Av,LwQ,56,ALQ,64,1198,1318,GasA,Ex,Y,SBrkr,1328,1203,0,2531,0,0,2,1,4,1,Gd,9,Typ,1,TA,Attchd,1995.0,RFn,3,752,TA,TA,Y,222,98,0,0,0,0,0,11,2007,WD,Normal,290000,3849,2.5,98,2.2110091743119265,0.20649424818471077,0.3424266043128085,12,0,1,1,20248,10.0,64,6405961
761,20,RL,70.0,9100,Pave,Reg,Lvl,AllPub,Inside,Gtl,NAmes,Norm,Norm,1Fam,1Story,6,6,1959,1959,Hip,CompShg,Wd Sdng,Wd Sdng,0.0,TA,TA,CBlock,TA,TA,No,Rec,612,Unf,0,252,864,GasA,Ex,Y,SBrkr,864,0,0,864,0,0,1,0,2,1,TA,5,Typ,0,,Detchd,2008.0,Unf,1,300,Ex,Ex,Y,0,0,0,0,0,0,450,10,2009,WD,Normal,127500,1728,1.0,0,5.83399209486166,0.09494505494505495,0.5,50,0,0,1,5184,2.0,36,746496
762,30,RM,60.0,6911,Pave,Reg,Lvl,AllPub,FR2,Gtl,BrkSide,Feedr,Norm,1Fam,1Story,5,5,1924,1950,Gable,CompShg,Wd Sdng,Wd Sdng,0.0,TA,TA,PConc,TA,TA,Mn,LwQ,405,Unf,0,740,1145,GasA,TA,Y,SBrkr,1301,0,0,1301,0,0,1,0,2,1,Fa,5,Min1,0,,Detchd,1965.0,Unf,2,440,TA,TA,Y,0,0,0,0,0,0,0,10,2009,WD,Normal,100000,2446,1.0,0,2.3022941970310393,0.18825061496165532,0.4681112019623876,85,0,0,1,6505,2.0,25,1692601
763,60,FV,72.0,8640,Pave,Reg,Lvl,AllPub,Inside,Gtl,Somerst,Norm,Norm,1Fam,2Story,7,5,2009,2009,Gable,CompShg,VinylSd,VinylSd,0.0,TA,TA,PConc,Gd,TA,Mn,GLQ,24,Unf,0,732,756,GasA,Ex,Y,SBrkr,764,783,0,1547,0,0,2,1,3,1,Gd,7,Typ,0,,Attchd,2009.0,Unf,2,614,TA,TA,Y,169,45,0,0,0,0,0,6,2010,Con,Normal,215200,2303,2.5,45,2.1432469304229196,0.17905092592592592,0.3282674772036474,1,1,1,1,10829,7.5,49,2393209
764,60,RL,82.0,9430,Pave,Reg,Lvl,AllPub,Inside,Gtl,NoRidge,Norm,Norm,1Fam,2Story,8,5,1999,1999,Gable,CompShg,VinylSd,VinylSd,673.0,Gd,TA,PConc,Gd,TA,Mn,GLQ,1163,Unf,0,89,1252,GasA,Ex,Y,SBrkr,1268,1097,0,2365,1,0,2,1,3,1,Gd,8,Typ,1,Gd,Attchd,1999.0,RFn,3,856,TA,TA,Y,0,128,0,0,180,0,0,7,2009,WD,Normal,337000,3617,3.5,308,39.2,0.2507953340402969,0.346143212607133,10,0,1,1,18920,10.5,64,5593225
765,120,RL,30.0,9549,Pave,IR1,Lvl,AllPub,CulDSac,Gtl,Veenker,Norm,Norm,TwnhsE,1Story,8,5,1995,1996,Hip,CompShg,BrkFace,BrkFace,0.0,Gd,Gd,PConc,Gd,Gd,Av,LwQ,437,GLQ,1057,0,1494,GasA,Ex,Y,SBrkr,1494,0,0,1494,1,0,1,1,2,1,Ex,6,Typ,1,Gd,Attchd,1995.0,Fin,2,481,TA,TA,Y,0,30,0,0,216,0,0,4,2006,WD,Normal,270000,2988,2.5,246,2988.0,0.15645617342130066,0.5,11,0,0,1,11952,5.0,64,2232036
766,20,RL,75.0,14587,Pave,IR1,Lvl,AllPub,Inside,Gtl,Somerst,Norm,Norm,1Fam,1Story,9,5,2008,2008,Gable,CompShg,VinylSd,VinylSd,284.0,Gd,TA,PConc,Gd,TA,No,Unf,0,Unf,0,1498,1498,GasA,Ex,Y,SBrkr,1506,0,0,1506,0,0,2,0,2,1,Ex,6,Typ,1,Gd,Attchd,2008.0,Fin,2,592,TA,TA,Y,0,174,0,0,0,0,0,8,2008,New,Partial,264132,3004,2.0,174,1.0046697798532356,0.10324261328580242,0.4986684420772304,0,1,0,1,13554,4.0,81,2268036
767,60,RL,80.0,10421,Pave,Reg,Lvl,AllPub,Inside,Gtl,NWAmes,Norm,Norm,1Fam,2Story,7,5,1988,1988,Gable,CompShg,HdBoard,HdBoard,42.0,TA,TA,CBlock,Gd,TA,No,GLQ,394,Unf,0,586,980,GasA,TA,Y,SBrkr,980,734,0,1714,0,0,2,1,3,1,TA,7,Typ,1,TA,Attchd,1988.0,Unf,2,496,TA,TA,Y,228,66,156,0,0,0,500,3,2010,WD,Normal,196500,2694,2.5,222,3.5911413969335606,0.16447557815948566,0.3637713437268003,22,0,1,1,11998,7.5,49,2937796
768,50,RL,75.0,12508,Pave,IR1,Lvl,AllPub,Inside,Gtl,Mitchel,Norm,Norm,1Fam,1.5Fin,6,7,1940,1985,Gable,CompShg,VinylSd,VinylSd,0.0,TA,TA,CBlock,Gd,TA,Mn,ALQ,660,Unf,0,323,983,GasA,Ex,Y,SBrkr,983,767,0,1750,1,0,2,0,4,1,TA,7,Mod,0,,Attchd,1989.0,Unf,1,423,TA,TA,Y,245,0,156,0,0,0,1300,7,2008,WD,Normal,160000,2733,3.0,156,7.438271604938271,0.13991045730732332,0.35967800951335527,68,0,1,1,10500,12.0,36,3062500
769,20,RL,70.0,9100,Pave,Reg,Lvl,AllPub,Inside,Gtl,CollgCr,Norm,Norm,1Fam,1Story,7,5,2004,2005,Hip,CompShg,VinylSd,VinylSd,0.0,Gd,TA,PConc,Gd,TA,No,GLQ,24,Unf,0,1836,1860,GasA,Ex,Y,SBrkr,1836,0,0,1836,0,0,2,0,3,1,Gd,8,Typ,1,Gd,Attchd,2004.0,Fin,2,484,TA,TA,Y,120,33,0,0,0,0,0,10,2006,WD,Normal,216837,3696,2.0,33,1.0125204137180186,0.20175824175824175,0.5032467532467533,2,1,0,1,12852,6.0,49,3370896
770,60,RL,47.0,53504,Pave,IR2,HLS,AllPub,CulDSac,Mod,StoneBr,Norm,Norm,1Fam,2Story,8,5,2003,2003,Hip,CompShg,CemntBd,Wd Shng,603.0,Ex,TA,PConc,Gd,TA,Gd,ALQ,1416,Unf,0,234,1650,GasA,Ex,Y,SBrkr,1690,1589,0,3279,1,0,3,1,4,1,Ex,12,Mod,1,Gd,BuiltIn,2003.0,Fin,3,841,TA,TA,Y,503,36,0,0,210,0,0,6,2010,WD,Normal,538000,4929,4.5,246,19.97872340425532,0.06128513755980861,0.33475349969567864,7,0,1,1,26232,18.0,64,10751841
771,85,RL,69.0,7252,Pave,IR1,Lvl,AllPub,CulDSac,Gtl,Sawyer,Norm,Norm,1Fam,SFoyer,5,5,1982,1982,Hip,CompShg,Wd Sdng,Wd Sdng,0.0,TA,TA,CBlock,Gd,TA,Av,GLQ,685,Unf,0,173,858,GasA,TA,Y,SBrkr,858,0,0,858,1,0,1,0,2,1,TA,5,Typ,0,,Detchd,1983.0,Unf,2,576,TA,TA,Y,120,0,0,0,0,0,0,4,2009,WD,Normal,134900,1716,2.0,0,8.867816091954023,0.11831218974076117,0.5,27,0,0,1,4290,4.0,25,736164
772,20,RL,67.0,8877,Pave,Reg,Lvl,AllPub,Inside,Gtl,Edwards,Norm,Norm,1Fam,1Story,4,5,1951,1951,Gable,CompShg,Wd Sdng,Wd Sdng,0.0,TA,TA,CBlock,Fa,Fa,No,LwQ,836,Unf,0,0,836,GasA,TA,Y,FuseF,1220,0,0,1220,0,0,1,0,2,1,TA,6,Typ,0,,Detchd,1951.0,Unf,2,396,TA,TA,Y,0,0,0,0,0,0,0,4,2006,COD,Normal,102000,2056,1.0,0,2056.0,0.1374338177312155,0.4066147859922179,55,0,0,1,4880,2.0,16,1488400
773,80,RL,94.0,7819,Pave,Reg,Lvl,AllPub,Inside,Gtl,Edwards,Norm,Norm,1Fam,SLvl,6,5,1976,1976,Gable,CompShg,Plywood,Plywood,0.0,TA,TA,CBlock,TA,TA,Av,ALQ,422,BLQ,127,480,1029,GasA,TA,Y,SBrkr,1117,0,0,1117,1,0,1,0,3,1,TA,6,Typ,1,TA,Detchd,1976.0,Unf,2,672,TA,TA,Y,144,0,0,0,0,0,0,3,2010,WD,Abnorml,107000,2146,2.0,0,3.4636174636174637,0.14285714285714285,0.47949673811742777,34,0,0,1,6702,6.0,36,1247689
774,20,RL,70.0,10150,Pave,Reg,Lvl,AllPub,Inside,Gtl,NAmes,Feedr,Norm,1Fam,1Story,5,5,1958,1958,Gable,CompShg,Wd Sdng,Wd Sdng,1.0,TA,TA,CBlock,TA,TA,No,Rec,456,Unf,0,456,912,GasA,Ex,Y,FuseA,912,0,0,912,0,0,1,0,2,1,TA,5,Typ,0,,Attchd,1958.0,RFn,1,275,TA,TA,Y,0,0,0,0,0,0,0,7,2007,COD,Normal,114500,1824,1.0,0,2.9934354485776806,0.08985221674876848,0.5,49,0,0,1,4560,2.0,25,831744
775,20,RL,110.0,14226,Pave,Reg,Lvl,AllPub,Corner,Gtl,NridgHt,Norm,Norm,1Fam,1Story,8,5,2006,2006,Hip,CompShg,VinylSd,VinylSd,375.0,Gd,TA,PConc,Gd,TA,Av,Unf,0,Unf,0,1935,1935,GasA,Gd,Y,SBrkr,1973,0,0,1973,0,0,2,0,3,1,Gd,9,Typ,1,Gd,Attchd,2006.0,Fin,3,895,TA,TA,Y,315,45,0,0,0,0,0,7,2007,New,Partial,395000,3908,2.0,45,1.0191115702479339,0.1386897230423169,0.4951381780962129,1,1,0,1,15784,6.0,64,3892729
776,120,RM,32.0,4500,Pave,Reg,Lvl,AllPub,FR2,Gtl,Mitchel,Norm,Norm,TwnhsE,1Story,6,5,1998,1998,Hip,CompShg,VinylSd,VinylSd,320.0,TA,TA,PConc,Ex,TA,No,GLQ,866,Unf,0,338,1204,GasA,Ex,Y,SBrkr,1204,0,0,1204,1,0,2,0,2,1,TA,5,Typ,0,,Attchd,1998.0,Fin,2,412,TA,TA,Y,0,247,0,0,0,0,0,6,2009,WD,Normal,162000,2408,3.0,247,6.106194690265487,0.26755555555555555,0.5,11,0,0,1,7224,6.0,36,1449616
777,20,RL,86.0,11210,Pave,IR1,Lvl,AllPub,Inside,Gtl,CollgCr,Norm,Norm,1Fam,1Story,7,5,2005,2006,Gable,CompShg,VinylSd,VinylSd,240.0,Gd,TA,PConc,Gd,TA,Av,GLQ,20,Unf,0,1594,1614,GasA,Ex,Y,SBrkr,1614,0,0,1614,0,0,2,0,3,1,Gd,7,Typ,0,,Attchd,2005.0,RFn,3,865,TA,TA,Y,144,59,0,0,0,0,0,7,2006,New,Partial,221500,3228,2.0,59,1.0244514106583071,0.14397859054415701,0.5,1,1,0,1,11298,6.0,49,2604996
778,20,RL,100.0,13350,Pave,IR1,Lvl,AllPub,Inside,Gtl,Sawyer,Norm,Norm,1Fam,1Story,5,5,1974,1974,Hip,CompShg,HdBoard,Plywood,0.0,TA,TA,CBlock,TA,TA,No,ALQ,762,Unf,0,102,864,GasA,TA,Y,SBrkr,894,0,0,894,1,0,1,0,3,1,TA,5,Typ,1,Fa,Attchd,1974.0,Unf,2,440,TA,TA,Y,241,0,0,0,0,0,0,6,2006,WD,Normal,142500,1758,2.0,0,16.07766990291262,0.06696629213483146,0.49146757679180886,32,0,0,1,4470,6.0,25,799236
779,90,RH,60.0,8400,Pave,Reg,Lvl,AllPub,Inside,Gtl,SawyerW,Feedr,Norm,Duplex,1Story,5,5,1977,1977,Gable,CompShg,Plywood,Plywood,320.0,TA,TA,Slab,,,,,0,,0,0,0,GasA,TA,Y,SBrkr,2020,0,0,2020,0,0,2,0,4,2,TA,10,Typ,2,TA,Detchd,1977.0,Unf,2,630,TA,TA,Y,0,0,0,0,0,0,0,10,2007,WD,Normal,144000,2020,2.0,0,2020.0,0.24047619047619048,0.0,30,0,0,1,10100,8.0,25,4080400
780,90,RL,78.0,10530,Pave,Reg,Lvl,AllPub,Inside,Gtl,Mitchel,Norm,Norm,Duplex,SFoyer,6,5,1977,1977,Gable,CompShg,Plywood,ImStucc,90.0,TA,TA,CBlock,Gd,TA,Gd,GLQ,975,Unf,0,0,975,GasA,TA,Y,SBrkr,1004,0,0,1004,1,0,1,0,2,1,TA,4,Typ,0,,Attchd,1977.0,Unf,2,504,TA,TA,Y,0,0,0,0,0,0,0,5,2006,WD,Normal,135000,1979,2.0,0,1979.0,0.09534662867996202,0.4926730672056594,29,0,0,1,6024,4.0,36,1008016
781,20,RL,63.0,7875,Pave,Reg,Lvl,AllPub,Inside,Gtl,Gilbert,Norm,Norm,1Fam,1Story,7,5,1995,1996,Gable,CompShg,HdBoard,HdBoard,38.0,TA,TA,PConc,Gd,Gd,No,Unf,0,Unf,0,1237,1237,GasA,Gd,Y,SBrkr,1253,0,0,1253,0,0,2,0,3,1,TA,6,Typ,1,TA,Attchd,1995.0,Fin,2,402,TA,TA,Y,220,21,0,0,0,0,0,6,2007,WD,Normal,176000,2490,2.0,21,1.0121163166397416,0.15911111111111112,0.4967871485943775,12,0,0,1,8771,6.0,49,1570009
782,60,RL,65.0,7153,Pave,Reg,Lvl,AllPub,Inside,Gtl,SawyerW,Norm,Norm,1Fam,2Story,6,5,1992,1992,Gable,CompShg,VinylSd,VinylSd,0.0,Gd,Gd,PConc,Gd,TA,No,ALQ,387,Unf,0,374,761,GasA,Ex,Y,SBrkr,810,793,0,1603,0,0,2,1,3,1,Gd,7,Typ,0,,Attchd,1992.0,RFn,2,484,TA,TA,Y,0,124,0,0,0,0,0,7,2006,WD,Normal,175900,2364,2.5,124,5.306666666666667,0.22410177547882007,0.321912013536379,14,0,1,1,9618,7.5,36,2569609
783,20,RL,67.0,16285,Pave,IR2,Lvl,AllPub,Inside,Gtl,CollgCr,Norm,Norm,1Fam,1Story,7,5,2001,2002,Gable,CompShg,VinylSd,VinylSd,0.0,Gd,TA,PConc,Gd,TA,No,Unf,0,Unf,0,1413,1413,GasA,Ex,Y,SBrkr,1430,0,0,1430,0,0,2,0,3,1,Gd,6,Typ,0,,Attchd,2001.0,RFn,2,605,TA,TA,Y,0,33,0,0,0,0,0,6,2009,WD,Normal,187100,2843,2.0,33,1.0113154172560113,0.08781086889775867,0.49701020049243755,8,0,0,1,10010,6.0,49,2044900
784,85,RL,69.0,9101,Pave,IR1,Lvl,AllPub,Corner,Gtl,Mitchel,Norm,Norm,1Fam,SFoyer,5,6,1978,1978,Gable,CompShg,Plywood,Plywood,104.0,TA,Gd,PConc,Gd,TA,Av,GLQ,1097,Unf,0,0,1097,GasA,Ex,Y,SBrkr,1110,0,0,1110,1,0,1,0,1,1,Gd,4,Typ,1,TA,Attchd,1978.0,Fin,2,602,TA,TA,Y,303,30,0,0,0,0,0,7,2009,WD,Normal,165500,2207,2.0,30,2207.0,0.1219646192726074,0.4970548255550521,31,0,0,1,5550,2.0,25,1232100
785,75,RM,35.0,6300,Pave,Reg,Lvl,AllPub,Inside,Gtl,OldTown,Norm,Norm,1Fam,2.5Unf,6,6,1914,2001,Gable,CompShg,Wd Sdng,Wd Shng,0.0,TA,TA,CBlock,TA,TA,No,Unf,0,Unf,0,742,742,GasA,Ex,Y,SBrkr,742,742,0,1484,0,0,2,0,3,1,TA,9,Typ,1,Gd,,0.0,,0,0,,,Y,0,291,134,0,0,0,0,6,2008,WD,Normal,128000,2226,2.0,425,1.997308209959623,0.23555555555555555,0.3333333333333333,94,0,1,0,8904,6.0,36,2202256
786,20,RL,69.0,9790,Pave,Reg,Lvl,AllPub,Inside,Gtl,NWAmes,Feedr,Norm,1Fam,1Story,6,5,1967,1967,Gable,CompShg,BrkFace,Wd Sdng,0.0,TA,TA,CBlock,TA,TA,No,Rec,251,LwQ,630,491,1372,GasA,TA,Y,SBrkr,1342,0,0,1342,0,0,2,0,3,1,TA,7,Typ,1,Gd,Attchd,1967.0,Unf,2,457,TA,TA,Y,0,0,0,0,197,0,0,9,2009,WD,Normal,161500,2714,2.0,197,4.5182926829268295,0.13707865168539327,0.505526897568165,42,0,0,1,8052,6.0,36,1800964
787,50,RM,60.0,10800,Pave,Reg,Lvl,AllPub,Inside,Gtl,OldTown,Artery,Norm,1Fam,1.5Fin,5,6,1915,1950,Gable,CompShg,MetalSd,MetalSd,0.0,TA,Gd,PConc,Fa,TA,No,LwQ,686,Unf,0,0,686,GasA,TA,Y,SBrkr,966,686,0,1652,1,0,2,0,4,1,TA,7,Typ,0,,Detchd,1961.0,Unf,1,416,TA,TA,Y,0,0,196,0,0,0,1200,6,2010,WD,Normal,139000,2338,3.0,196,2338.0,0.15296296296296297,0.2934131736526946,95,0,1,1,8260,12.0,25,2729104
788,60,RL,76.0,10142,Pave,IR1,Lvl,AllPub,Inside,Gtl,SawyerW,Norm,Norm,1Fam,2Story,7,5,2004,2004,Gable,CompShg,VinylSd,VinylSd,0.0,Gd,TA,PConc,Gd,TA,No,GLQ,656,Unf,0,300,956,GasA,Ex,Y,SBrkr,956,1128,0,2084,1,0,2,1,4,1,Gd,8,Typ,0,,BuiltIn,2004.0,RFn,2,618,TA,TA,Y,0,45,0,0,0,0,0,1,2010,WD,Normal,233000,3040,3.5,45,9.102990033222591,0.2054821534214159,0.3144736842105263,6,0,1,1,14588,14.0,49,4343056
789,20,RM,50.0,6000,Pave,Reg,Lvl,AllPub,Corner,Gtl,OldTown,Norm,Norm,1Fam,1Story,4,7,1954,2000,Gable,CompShg,MetalSd,MetalSd,0.0,TA,TA,CBlock,TA,TA,No,Unf,0,Unf,0,901,901,GasA,Ex,Y,SBrkr,901,0,0,901,0,0,1,0,2,1,TA,4,Typ,0,,Detchd,1954.0,Unf,1,281,Fa,TA,Y,0,0,0,0,0,0,0,8,2008,WD,Normal,107900,1802,1.0,0,0.9988913525498891,0.15016666666666667,0.5,54,0,0,1,3604,2.0,16,811801
790,60,RL,69.0,12205,Pave,IR1,Low,AllPub,Inside,Gtl,ClearCr,Norm,Norm,1Fam,2Story,6,8,1966,2007,Gable,CompShg,HdBoard,HdBoard,157.0,TA,TA,CBlock,TA,Fa,Gd,LwQ,568,Unf,0,264,832,GasA,Gd,Y,SBrkr,976,1111,0,2087,0,0,2,1,5,1,Gd,9,Typ,0,,Attchd,1966.0,Fin,2,444,TA,TA,Y,133,168,0,0,0,0,0,7,2007,WD,Normal,187500,2919,2.5,168,10.018867924528301,0.17099549365014338,0.2850291195614937,41,0,1,1,12522,12.5,36,4355569
791,120,RL,43.0,3182,Pave,Reg,Lvl,AllPub,Inside,Gtl,Blmngtn,Norm,Norm,TwnhsE,1Story,7,5,2005,2006,Gable,CompShg,VinylSd,VinylSd,11.0,Gd,TA,PConc,Gd,TA,No,GLQ,16,Unf,0,1129,1145,GasA,Ex,Y,SBrkr,1145,0,0,1145,0,0,2,0,2,1,Gd,5,Typ,1,Gd,Attchd,2005.0,Fin,2,397,TA,TA,Y,100,16,0,0,0,0,0,9,2009,WD,Normal,160200,2290,2.0,16,1.027433628318584,0.35983658076681335,0.5,4,0,0,1,8015,4.0,49,1311025
792,80,RL,69.0,11333,Pave,IR1,Lvl,AllPub,Corner,Gtl,Mitchel,Norm,Norm,1Fam,SLvl,6,5,1976,1976,Gable,CompShg,HdBoard,HdBoard,0.0,TA,TA,PConc,Gd,TA,Av,ALQ,539,Unf,0,490,1029,GasA,TA,Y,SBrkr,1062,0,0,1062,1,0,1,0,3,1,TA,5,Typ,2,TA,Attchd,1976.0,RFn,2,539,TA,TA,Y,120,0,0,0,0,0,0,5,2007,WD,Normal,146800,2091,2.0,0,3.2606924643584523,0.09370863848936734,0.4921090387374462,31,0,0,1,6372,6.0,36,1127844
793,60,RL,92.0,9920,Pave,IR1,Lvl,AllPub,CulDSac,Gtl,NoRidge,Norm,Norm,1Fam,2Story,7,5,1996,1997,Gable,CompShg,MetalSd,MetalSd,0.0,Gd,TA,PConc,Gd,TA,Av,GLQ,862,Unf,0,255,1117,GasA,Ex,Y,SBrkr,1127,886,0,2013,1,0,2,1,3,1,TA,8,Typ,1,TA,Attchd,1997.0,Unf,2,455,TA,TA,Y,180,130,0,0,0,0,0,6,2007,WD,Normal,269790,3130,3.5,130,11.23046875,0.20292338709677418,0.35686900958466455,11,0,1,1,14091,10.5,49,4052169
794,20,RL,76.0,9158,Pave,Reg,Lvl,AllPub,Inside,Gtl,Somerst,Norm,Norm,1Fam,1Story,8,5,2007,2007,Gable,CompShg,CemntBd,CmentBd,140.0,Gd,TA,PConc,Gd,TA,Av,Unf,0,Unf,0,1496,1496,GasA,Ex,Y,SBrkr,1496,0,0,1496,0,0,2,0,3,1,Gd,7,Typ,0,,Attchd,2007.0,Fin,2,474,TA,TA,Y,168,130,0,0,0,0,0,6,2007,New,Partial,225000,2992,2.0,130,0.9993319973279893,0.1633544442017908,0.5,0,1,0,1,11968,6.0,64,2238016
795,60,RL,69.0,10832,Pave,IR1,Lvl,AllPub,Corner,Gtl,Gilbert,Norm,Norm,1Fam,2Story,7,5,1994,1996,Gable,CompShg,MetalSd,MetalSd,0.0,Gd,TA,PConc,Gd,TA,No,Unf,0,Unf,0,712,712,GasA,Ex,Y,SBrkr,1086,809,0,1895,0,0,2,1,3,1,Gd,7,Typ,1,TA,Attchd,1994.0,Fin,2,409,TA,TA,Y,143,46,0,0,0,0,500,10,2008,WD,Normal,194500,2607,2.5,46,2.6577840112201963,0.17494460856720828,0.2731108553893364,14,0,1,1,13265,7.5,49,3591025
796,60,RL,70.0,8400,Pave,Reg,Lvl,AllPub,Inside,Gtl,SawyerW,Norm,Norm,1Fam,2Story,6,6,1980,1981,Gable,CompShg,HdBoard,HdBoard,130.0,TA,TA,CBlock,Gd,TA,No,Unf,0,Unf,0,650,650,GasA,TA,Y,SBrkr,888,676,0,1564,0,0,2,1,3,1,TA,7,Typ,1,TA,Attchd,1980.0,Unf,2,476,TA,TA,Y,0,50,0,0,204,0,0,4,2010,WD,Normal,171000,2214,2.5,254,2.402457757296467,0.18619047619047618,0.2935862691960253,30,0,1,1,9384,7.5,36,2446096
797,20,RL,71.0,8197,Pave,Reg,Lvl,AllPub,Inside,Gtl,Sawyer,Norm,Norm,1Fam,1Story,6,5,1977,1977,Gable,CompShg,Plywood,Plywood,148.0,TA,TA,CBlock,TA,TA,No,Unf,0,Unf,0,660,660,GasA,Ex,Y,SBrkr,1285,0,0,1285,0,0,1,1,3,1,TA,7,Typ,1,TA,Attchd,1977.0,RFn,2,528,TA,TA,Y,138,0,0,0,0,0,0,4,2007,WD,Normal,143500,1945,1.5,0,1.9440242057488653,0.15676467000121996,0.3393316195372751,30,0,0,1,7710,4.5,36,1651225
798,20,RL,57.0,7677,Pave,Reg,Lvl,AllPub,Inside,Gtl,NAmes,Norm,Norm,1Fam,1Story,5,5,1953,1953,Gable,CompShg,VinylSd,VinylSd,0.0,TA,TA,CBlock,TA,TA,No,BLQ,570,Unf,0,203,773,GasA,Gd,Y,SBrkr,773,0,0,773,0,0,1,0,2,1,TA,4,Typ,0,,Attchd,1953.0,Unf,1,240,TA,TA,Y,0,0,0,0,0,0,0,4,2008,WD,Abnorml,110000,1546,1.0,0,6.583333333333333,0.10069037384394947,0.5,55,0,0,1,3865,2.0,25,597529
799,60,RL,104.0,13518,Pave,Reg,Lvl,AllPub,Inside,Gtl,NridgHt,Norm,Norm,1Fam,2Story,9,5,2008,2009,Hip,CompShg,VinylSd,VinylSd,860.0,Ex,TA,PConc,Ex,TA,No,Unf,0,Unf,0,1926,1926,GasA,Ex,Y,SBrkr,1966,1174,0,3140,0,0,3,1,4,1,Ex,11,Typ,2,Gd,BuiltIn,2009.0,Fin,3,820,TA,TA,Y,144,78,0,0,0,0,0,7,2009,New,Partial,485000,5066,3.5,78,1.6294758692267775,0.2322828820831484,0.38018160284247926,1,1,1,1,28260,14.0,81,9859600
800,50,RL,60.0,7200,Pave,Reg,Lvl,AllPub,Corner,Gtl,SWISU,Feedr,Norm,1Fam,1.5Fin,5,7,1937,1950,Gable,CompShg,Wd Sdng,Wd Sdng,252.0,TA,TA,BrkTil,Gd,TA,No,ALQ,569,Unf,0,162,731,GasA,Ex,Y,SBrkr,981,787,0,1768,1,0,1,1,3,1,Gd,7,Typ,2,TA,Detchd,1939.0,Unf,1,240,TA,TA,Y,0,0,264,0,0,0,0,6,2007,WD,Normal,175000,2499,2.5,264,14.337423312883436,0.24555555555555555,0.2925170068027211,70,0,1,1,8840,7.5,25,3125824
801,60,RL,79.0,12798,Pave,IR1,HLS,AllPub,Inside,Mod,ClearCr,Feedr,Norm,1Fam,2Story,6,5,1997,1997,Gable,CompShg,VinylSd,VinylSd,0.0,TA,TA,PConc,Gd,TA,Gd,GLQ,462,Unf,0,154,616,GasA,Gd,Y,SBrkr,616,1072,0,1688,1,0,2,1,4,1,Gd,8,Typ,0,,Attchd,1997.0,RFn,2,603,TA,TA,Y,403,114,185,0,0,0,400,5,2008,WD,Normal,200000,2304,3.5,299,13.870967741935484,0.13189560868885764,0.2673611111111111,11,0,1,1,10128,14.0,36,2849344
802,30,RM,40.0,4800,Pave,Reg,Lvl,AllPub,Inside,Gtl,IDOTRR,Norm,Norm,1Fam,1Story,4,7,1916,1990,Gable,CompShg,MetalSd,MetalSd,0.0,TA,TA,CBlock,TA,TA,No,LwQ,197,Unf,0,999,1196,GasA,Ex,Y,FuseA,1196,0,0,1196,1,0,1,0,2,1,TA,5,Typ,0,,Detchd,1957.0,Unf,2,440,TA,TA,Y,0,0,0,0,0,0,0,7,2007,WD,Normal,109900,2392,2.0,0,1.393,0.24916666666666668,0.5,91,0,0,1,4784,4.0,16,1430416
803,60,RL,63.0,8199,Pave,Reg,Lvl,AllPub,Inside,Gtl,CollgCr,Norm,Norm,1Fam,2Story,7,5,2005,2005,Gable,CompShg,WdShing,Wd Shng,0.0,Gd,TA,PConc,Gd,TA,Av,GLQ,648,Unf,0,80,728,GasA,Ex,Y,SBrkr,728,728,0,1456,1,0,2,1,3,1,Gd,7,Typ,1,Gd,Attchd,2005.0,Fin,2,410,TA,TA,Y,36,18,0,0,0,0,0,10,2008,WD,Normal,189000,2184,3.5,18,25.97530864197531,0.17758263202829613,0.3333333333333333,3,1,1,1,10192,10.5,49,2119936
804,60,RL,107.0,13891,Pave,Reg,Lvl,AllPub,Inside,Gtl,NridgHt,Norm,Norm,1Fam,2Story,9,5,2008,2009,Hip,CompShg,VinylSd,VinylSd,424.0,Ex,TA,PConc,Ex,TA,Gd,Unf,0,Unf,0,1734,1734,GasA,Ex,Y,SBrkr,1734,1088,0,2822,0,0,3,1,4,1,Ex,12,Typ,1,Gd,BuiltIn,2009.0,RFn,3,1020,TA,TA,Y,52,170,0,0,192,0,0,1,2009,New,Partial,582933,4556,3.5,362,1.626512968299712,0.2031531207256497,0.3805970149253731,1,1,1,1,25398,14.0,81,7963684
805,20,RL,75.0,9000,Pave,Reg,Lvl,AllPub,Inside,Gtl,NAmes,Norm,Norm,1Fam,1Story,5,5,1954,1954,Gable,CompShg,Wd Sdng,Wd Sdng,0.0,TA,TA,CBlock,TA,TA,No,LwQ,812,Unf,0,124,936,GasA,TA,Y,SBrkr,1128,0,0,1128,0,0,1,0,2,1,TA,5,Min1,0,,Attchd,1954.0,Unf,1,286,TA,TA,Y,0,0,0,0,0,0,0,6,2006,WD,Family,118000,2064,1.0,0,15.52,0.12533333333333332,0.45348837209302323,52,0,0,1,5640,2.0,25,1272384
806,20,RL,91.0,12274,Pave,IR1,Lvl,AllPub,FR2,Gtl,Somerst,Norm,Norm,1Fam,1Story,7,5,2008,2008,Gable,CompShg,VinylSd,VinylSd,256.0,Gd,TA,PConc,Gd,TA,No,Unf,0,Unf,0,1417,1417,GasA,Ex,Y,SBrkr,1428,0,0,1428,0,0,2,0,3,1,Ex,6,Typ,0,,Attchd,2008.0,RFn,2,554,TA,TA,Y,0,60,0,0,0,0,0,7,2008,New,Partial,227680,2845,2.0,60,1.007052186177715,0.11634349030470914,0.49806678383128294,0,1,0,1,9996,6.0,49,2039184
807,80,RL,75.0,9750,Pave,Reg,Lvl,AllPub,Inside,Gtl,NAmes,Norm,Norm,1Fam,SLvl,5,5,1967,1967,Gable,CompShg,VinylSd,VinylSd,0.0,TA,TA,PConc,TA,TA,Av,ALQ,400,Rec,480,100,980,GasA,Gd,Y,SBrkr,980,0,0,980,0,0,2,0,3,1,TA,6,Typ,0,,Attchd,1967.0,Fin,1,384,TA,TA,Y,68,0,0,0,0,0,0,10,2006,WD,Normal,135500,1960,2.0,0,18.415841584158414,0.10051282051282051,0.5,39,0,0,1,4900,6.0,25,960400
808,70,RL,144.0,21384,Pave,Reg,Lvl,AllPub,Inside,Gtl,BrkSide,Norm,Norm,1Fam,2Story,5,6,1923,2004,Gable,CompShg,Wd Sdng,Wd Sdng,0.0,TA,TA,CBlock,TA,TA,Gd,GLQ,1309,Unf,0,15,1324,GasA,Ex,Y,SBrkr,1072,504,0,1576,2,0,1,1,3,1,Gd,6,Typ,1,TA,Attchd,1923.0,RFn,2,528,TA,TA,Y,0,312,0,0,0,0,0,5,2009,WD,Normal,223500,2900,3.5,312,180.3125,0.07369996258885148,0.45655172413793105,86,0,1,1,7880,10.5,25,2483776
809,80,RL,85.0,13400,Pave,Reg,Lvl,AllPub,Inside,Gtl,NAmes,Norm,Norm,1Fam,SLvl,5,5,1966,1966,Gable,CompShg,VinylSd,VinylSd,1047.0,TA,TA,CBlock,TA,TA,Av,ALQ,516,BLQ,128,380,1024,GasA,TA,Y,SBrkr,1086,0,0,1086,1,0,1,0,3,1,TA,6,Typ,1,Gd,Attchd,1966.0,RFn,2,484,TA,TA,Y,0,0,0,0,0,0,0,6,2006,WD,Normal,159950,2110,2.0,0,4.540682414698162,0.08104477611940299,0.48530805687203793,40,0,0,1,5430,6.0,25,1179396
810,75,RM,90.0,8100,Pave,Reg,Lvl,AllPub,Corner,Gtl,OldTown,Norm,Norm,1Fam,2.5Unf,5,5,1898,1965,Hip,CompShg,AsbShng,AsbShng,0.0,TA,TA,PConc,TA,TA,No,Unf,0,Unf,0,849,849,GasA,TA,N,FuseA,1075,1063,0,2138,0,0,2,0,2,3,TA,11,Typ,0,,Detchd,1910.0,Unf,2,360,Fa,Po,N,40,156,0,0,0,0,0,11,2009,WD,Normal,106000,2987,2.0,156,2.5152941176470587,0.26395061728395064,0.2842316705724808,111,0,1,1,10690,4.0,25,4571044
811,20,RL,78.0,10140,Pave,Reg,Lvl,AllPub,Inside,Gtl,NWAmes,Norm,Norm,1Fam,1Story,6,6,1974,1999,Hip,CompShg,HdBoard,HdBoard,99.0,TA,TA,CBlock,TA,TA,No,ALQ,663,LwQ,377,0,1040,GasA,Fa,Y,SBrkr,1309,0,0,1309,1,0,1,1,3,1,Gd,5,Typ,1,Fa,Attchd,1974.0,RFn,2,484,TA,TA,Y,265,0,0,0,0,648,0,1,2006,WD,Normal,181000,2349,2.5,0,2349.0,0.12909270216962523,0.4427415921668795,32,0,0,1,7854,7.5,36,1713481
812,120,RM,69.0,4438,Pave,Reg,Lvl,AllPub,Inside,Gtl,CollgCr,Norm,Norm,TwnhsE,1Story,6,5,2004,2004,Gable,CompShg,VinylSd,VinylSd,169.0,Gd,TA,PConc,Gd,TA,Gd,GLQ,662,Unf,0,186,848,GasA,Ex,Y,SBrkr,848,0,0,848,1,0,1,0,1,1,Gd,4,Typ,1,Gd,Attchd,2004.0,Fin,2,420,TA,TA,Y,140,0,0,0,0,0,0,6,2008,ConLD,Normal,144500,1696,2.0,0,8.074866310160427,0.1910770617395223,0.5,4,0,0,1,5088,2.0,36,719104
813,20,C (all),66.0,8712,Grvl,Reg,Bnk,AllPub,Inside,Mod,IDOTRR,Norm,Norm,1Fam,1Story,5,5,1952,1952,Hip,CompShg,Wd Sdng,Wd Sdng,0.0,Fa,TA,CBlock,TA,TA,Av,Unf,0,Unf,0,540,540,GasA,TA,N,FuseA,1044,0,0,1044,0,0,1,0,2,1,Fa,4,Typ,0,,Basment,1952.0,Unf,2,504,TA,TA,N,0,0,0,0,0,0,54,6,2010,WD,Alloca,55993,1584,1.0,0,1.9297597042513863,0.11983471074380166,0.3409090909090909,58,0,0,1,5220,2.0,25,1089936
814,20,RL,75.0,9750,Pave,Reg,Lvl,AllPub,Inside,Gtl,NAmes,Norm,Norm,1Fam,1Story,6,6,1958,1958,Gable,CompShg,MetalSd,MetalSd,243.0,TA,TA,CBlock,TA,TA,No,Rec,608,Unf,0,834,1442,GasA,Gd,Y,SBrkr,1442,0,0,1442,0,0,1,1,4,1,TA,7,Typ,0,,Attchd,1958.0,RFn,1,301,TA,TA,Y,0,0,275,0,0,0,500,4,2007,COD,Normal,157900,2884,1.5,275,2.4550898203592815,0.1478974358974359,0.5,49,0,0,1,8652,6.0,36,2079364
815,50,RL,45.0,8248,Pave,Reg,Lvl,AllPub,Inside,Gtl,Edwards,Norm,Norm,1Fam,1.5Fin,5,7,1918,1950,Gable,CompShg,Stucco,Stucco,0.0,TA,TA,BrkTil,TA,TA,No,Unf,0,Unf,0,686,686,GasW,Gd,Y,SBrkr,686,564,0,1250,0,1,1,1,3,1,Fa,7,Typ,0,,Detchd,1955.0,Unf,1,280,TA,TA,P,207,0,96,0,0,0,0,7,2006,WD,Normal,116000,1936,2.0,96,1.819505094614265,0.15155189136760427,0.3543388429752066,88,0,1,1,6250,6.0,25,1562500
816,20,RL,48.0,12137,Pave,IR2,Lvl,AllPub,CulDSac,Gtl,CollgCr,Norm,Norm,1Fam,1Story,7,5,1998,1998,Gable,CompShg,VinylSd,VinylSd,442.0,TA,TA,PConc,Gd,TA,No,Unf,0,Unf,0,1649,1649,GasA,Ex,Y,SBrkr,1661,0,0,1661,0,0,2,0,3,1,Gd,6,Typ,0,,Attchd,1998.0,RFn,2,598,TA,TA,Y,0,34,0,0,0,0,0,5,2010,WD,Normal,224900,3310,2.0,34,1.0066666666666666,0.13685424734283597,0.4981873111782477,12,0,0,1,11627,6.0,49,2758921
817,20,RL,69.0,11425,Pave,IR1,Lvl,AllPub,Corner,Gtl,NAmes,Norm,Norm,1Fam,1Story,5,6,1954,1954,Gable,CompShg,BrkFace,BrkFace,0.0,TA,TA,CBlock,TA,TA,No,BLQ,486,Unf,0,522,1008,GasA,Gd,Y,SBrkr,1008,0,0,1008,0,0,1,0,2,1,TA,4,Typ,1,Gd,Attchd,1954.0,RFn,1,275,TA,TA,Y,0,0,120,0,0,0,0,7,2006,WD,Normal,137000,2016,1.0,120,2.8565965583173996,0.08822757111597374,0.5,52,0,0,1,5040,2.0,25,1016064
818,20,RL,69.0,13265,Pave,IR1,Lvl,AllPub,CulDSac,Gtl,Mitchel,Norm,Norm,1Fam,1Story,8,5,2002,2002,Hip,CompShg,CemntBd,CmentBd,148.0,Gd,TA,PConc,Gd,TA,No,GLQ,1218,Unf,0,350,1568,GasA,Ex,Y,SBrkr,1689,0,0,1689,1,0,2,0,3,1,Gd,7,Typ,2,Gd,Attchd,2002.0,RFn,3,857,TA,TA,Y,150,59,0,0,0,0,0,7,2008,WD,Normal,271000,3257,3.0,59,8.282051282051283,0.12732755371277799,0.48142462388701257,6,0,0,1,13512,9.0,64,2852721
819,80,RL,80.0,8816,Pave,Reg,Lvl,AllPub,Inside,Gtl,ClearCr,Norm,Norm,1Fam,SLvl,6,7,1971,1971,Gable,CompShg,HdBoard,HdBoard,80.0,TA,TA,CBlock,TA,TA,Av,GLQ,504,Unf,0,506,1010,GasA,Gd,Y,SBrkr,1052,0,0,1052,1,0,1,0,3,1,TA,6,Typ,0,,Attchd,1971.0,Unf,2,440,TA,TA,Y,0,0,0,0,0,0,0,6,2010,WD,Normal,155000,2062,2.0,0,3.0690335305719922,0.11932849364791288,0.489815712900097,39,0,0,1,6312,6.0,36,1106704
820,120,RL,44.0,6371,Pave,IR1,Lvl,AllPub,Inside,Gtl,NridgHt,Norm,Norm,TwnhsE,1Story,7,5,2009,2010,Gable,CompShg,VinylSd,VinylSd,128.0,Gd,TA,PConc,Gd,TA,Mn,GLQ,733,Unf,0,625,1358,GasA,Ex,Y,SBrkr,1358,0,0,1358,1,0,2,0,2,1,Gd,6,Typ,1,Gd,Attchd,2010.0,RFn,2,484,TA,TA,Y,192,35,0,0,0,0,0,6,2010,New,Partial,224000,2716,3.0,35,3.340255591054313,0.2131533511222728,0.5,1,1,0,1,9506,6.0,49,1844164
821,60,RL,72.0,7226,Pave,IR1,Lvl,AllPub,CulDSac,Gtl,CollgCr,Norm,Norm,1Fam,2Story,7,5,2003,2003,Gable,CompShg,VinylSd,VinylSd,0.0,Gd,TA,PConc,Gd,TA,No,Unf,0,Unf,0,798,798,GasA,Ex,Y,SBrkr,798,842,0,1640,0,0,2,1,3,1,Gd,6,Typ,0,,Attchd,2003.0,RFn,2,595,TA,TA,Y,0,45,0,0,0,0,0,6,2008,WD,Normal,183000,2438,2.5,45,2.0525657071339176,0.22695820647661225,0.3273174733388023,5,0,1,1,11480,7.5,49,2689600
822,20,RM,60.0,6000,Pave,Reg,Bnk,AllPub,Inside,Mod,OldTown,Norm,Norm,2fmCon,1Story,4,4,1953,1953,Gable,CompShg,MetalSd,MetalSd,0.0,Fa,TA,CBlock,Fa,TA,No,Unf,0,Unf,0,936,936,GasA,TA,N,SBrkr,936,0,0,936,0,0,1,0,2,1,TA,4,Min2,0,,Detchd,1974.0,Unf,2,576,TA,TA,Y,0,32,112,0,0,0,0,2,2009,WD,Normal,93000,1872,1.0,144,0.9989327641408752,0.156,0.5,56,0,0,1,3744,2.0,16,876096
823,60,RL,69.0,12394,Pave,IR1,Lvl,AllPub,Corner,Gtl,Gilbert,Norm,Norm,1Fam,2Story,7,5,2003,2003,Gable,CompShg,VinylSd,VinylSd,0.0,Gd,TA,PConc,Gd,TA,Gd,Unf,0,Unf,0,847,847,GasA,Ex,Y,SBrkr,847,886,0,1733,0,0,2,1,3,1,Gd,7,Typ,1,Gd,BuiltIn,2003.0,Fin,2,433,TA,TA,Y,100,48,0,0,0,0,0,10,2007,WD,Family,225000,2580,2.5,48,2.043632075471698,0.1398257221236082,0.32829457364341086,4,0,1,1,12131,7.5,49,3003289
824,50,RL,60.0,9900,Pave,Reg,Lvl,AllPub,Inside,Gtl,SWISU,Norm,Norm,1Fam,1.5Fin,6,7,1940,1950,Gable,CompShg,VinylSd,VinylSd,0.0,TA,TA,BrkTil,TA,TA,No,Unf,0,Unf,0,778,778,GasA,TA,Y,SBrkr,944,545,0,1489,0,0,2,0,3,1,TA,7,Typ,1,Gd,Detchd,1940.0,Unf,1,240,TA,TA,Y,335,0,0,0,0,0,0,7,2009,WD,Normal,139500,2267,2.0,0,1.9114249037227213,0.1504040404040404,0.3431848257609175,69,0,1,1,8934,6.0,36,2217121
825,20,FV,81.0,11216,Pave,Reg,Lvl,AllPub,Inside,Gtl,Somerst,Norm,Norm,1Fam,1Story,8,5,2006,2006,Gable,CompShg,VinylSd,VinylSd,0.0,Gd,TA,PConc,Gd,Gd,No,Unf,0,Unf,0,1489,1489,GasA,Ex,Y,SBrkr,1489,0,0,1489,0,0,2,0,3,1,Gd,7,Typ,1,Gd,Attchd,2006.0,RFn,2,776,TA,TA,Y,0,140,0,0,0,0,0,6,2006,New,Partial,232600,2978,2.0,140,0.9993288590604027,0.1327567760342368,0.5,0,1,0,1,11912,6.0,64,2217121
826,20,RL,114.0,14803,Pave,Reg,Lvl,AllPub,Inside,Gtl,NridgHt,PosN,PosN,1Fam,1Story,10,5,2007,2008,Hip,CompShg,CemntBd,CmentBd,816.0,Ex,TA,PConc,Ex,TA,Av,GLQ,1636,Unf,0,442,2078,GasA,Ex,Y,SBrkr,2084,0,0,2084,1,0,2,0,2,1,Ex,7,Typ,1,Gd,Attchd,2007.0,Fin,3,1220,TA,TA,Y,188,45,0,0,0,0,0,6,2008,New,Partial,385000,4162,3.0,45,8.397291196388261,0.14078227386340605,0.49927919269581933,1,1,0,1,20840,6.0,100,4343056
827,45,RM,50.0,6130,Pave,Reg,Lvl,AllPub,Inside,Gtl,BrkSide,Norm,Norm,1Fam,1.5Unf,5,6,1924,1950,Gable,CompShg,MetalSd,MetalSd,0.0,TA,TA,BrkTil,TA,TA,No,ALQ,784,Unf,0,0,784,GasA,Gd,Y,SBrkr,784,0,0,784,1,0,1,0,2,1,Gd,5,Typ,0,,,0.0,,0,0,,,Y,0,0,116,0,0,0,0,5,2008,WD,Normal,109500,1568,2.0,116,1568.0,0.12789559543230017,0.5,84,0,0,0,3920,4.0,25,614656
828,20,RL,65.0,8529,Pave,IR1,Lvl,AllPub,Inside,Gtl,SawyerW,Norm,Norm,1Fam,1Story,7,5,2001,2001,Gable,CompShg,VinylSd,VinylSd,0.0,Gd,TA,PConc,Gd,TA,No,GLQ,20,Unf,0,1434,1454,GasA,Ex,Y,SBrkr,1434,0,0,1434,0,0,2,0,3,1,Gd,6,Typ,1,TA,Attchd,2001.0,RFn,2,527,TA,TA,Y,290,39,0,0,0,0,0,4,2009,WD,Normal,189000,2888,2.0,39,1.0132404181184669,0.16813225466056983,0.5034626038781164,8,0,0,1,10038,6.0,49,2056356
829,60,RL,69.0,28698,Pave,IR2,Low,AllPub,CulDSac,Sev,ClearCr,Norm,Norm,1Fam,2Story,5,5,1967,1967,Flat,Tar&Grv,Plywood,Plywood,0.0,TA,TA,PConc,TA,Gd,Gd,LwQ,249,ALQ,764,0,1013,GasA,TA,Y,SBrkr,1160,966,0,2126,0,1,2,1,3,1,TA,7,Min2,0,,Attchd,1967.0,Fin,2,538,TA,TA,Y,486,0,0,0,225,0,0,6,2009,WD,Abnorml,185000,3139,3.0,225,3139.0,0.07408181754826121,0.3227142402038866,42,0,1,1,10630,9.0,25,4519876
830,160,FV,24.0,2544,Pave,Reg,Lvl,AllPub,Inside,Gtl,Somerst,Norm,Norm,Twnhs,2Story,7,5,2005,2005,Gable,CompShg,MetalSd,MetalSd,0.0,Gd,TA,PConc,Gd,TA,No,Unf,0,Unf,0,600,600,GasA,Ex,Y,SBrkr,520,623,80,1223,0,0,2,1,2,1,Gd,4,Typ,0,,Detchd,2005.0,RFn,2,480,TA,TA,Y,0,166,0,0,0,0,0,7,2006,WD,Normal,147400,1743,2.5,166,2.0349417637271214,0.48073899371069184,0.3442340791738382,1,1,1,1,8561,5.0,49,1495729
831,20,RL,80.0,11900,Pave,IR1,Lvl,AllPub,Corner,Gtl,NAmes,Norm,Norm,1Fam,1Story,6,5,1957,1957,Gable,CompShg,HdBoard,HdBoard,387.0,TA,TA,CBlock,TA,TA,No,Rec,1040,Unf,0,352,1392,GasA,TA,Y,FuseA,1392,0,0,1392,1,0,1,1,3,1,TA,6,Typ,2,Gd,Attchd,1957.0,RFn,2,458,TA,TA,Y,0,0,0,0,192,0,0,6,2008,WD,Normal,166000,2784,2.5,192,6.889518413597734,0.11697478991596638,0.5,51,0,0,1,8352,7.5,36,1937664
832,160,FV,30.0,3180,Pave,Reg,Lvl,AllPub,Inside,Gtl,Somerst,Norm,Norm,TwnhsE,2Story,7,5,2005,2005,Gable,CompShg,MetalSd,MetalSd,0.0,TA,TA,PConc,Gd,TA,No,Unf,0,Unf,0,600,600,GasA,Ex,Y,SBrkr,520,600,80,1200,0,0,2,1,2,1,Gd,4,Typ,0,,Detchd,2005.0,RFn,2,480,TA,TA,Y,0,166,0,0,0,0,0,6,2006,WD,Normal,151000,1720,2.5,166,1.9966722129783694,0.37735849056603776,0.3488372093023256,1,1,1,1,8400,5.0,49,1440000
833,60,RL,44.0,9548,Pave,IR1,Lvl,AllPub,CulDSac,Gtl,CollgCr,Norm,Norm,1Fam,2Story,7,6,2003,2003,Gable,CompShg,VinylSd,VinylSd,223.0,Gd,TA,PConc,Gd,TA,No,GLQ,483,Unf,0,458,941,GasA,Ex,Y,SBrkr,941,888,0,1829,1,0,2,1,3,1,Gd,7,Typ,1,TA,Attchd,2003.0,RFn,2,613,TA,TA,Y,192,39,0,0,0,0,0,1,2010,WD,Normal,237000,2770,3.5,39,5.037037037037037,0.19155844155844157,0.33971119133574007,7,0,1,1,12803,10.5,49,3345241
834,20,RL,100.0,10004,Pave,Reg,Lvl,AllPub,Inside,Gtl,NAmes,Norm,Norm,1Fam,1Story,6,6,1964,1964,Gable,CompShg,HdBoard,Plywood,180.0,TA,TA,CBlock,TA,TA,No,Rec,196,BLQ,345,975,1516,GasA,TA,Y,SBrkr,1516,0,0,1516,0,0,1,1,3,1,TA,6,Typ,0,,Attchd,1964.0,RFn,2,472,TA,TA,Y,0,0,0,0,152,0,0,2,2009,WD,Normal,167000,3032,1.5,152,2.1075819672131146,0.15153938424630148,0.5,45,0,0,1,9096,4.5,36,2298256
835,20,RL,75.0,7875,Pave,Reg,Lvl,AllPub,Inside,Gtl,NAmes,Norm,Norm,1Fam,1Story,5,6,1961,1961,Gable,CompShg,VinylSd,VinylSd,136.0,TA,TA,CBlock,TA,TA,No,Rec,572,Unf,0,572,1144,GasA,Gd,Y,SBrkr,1144,0,0,1144,1,0,1,0,3,1,TA,6,Typ,0,,Attchd,1961.0,Unf,2,456,TA,TA,Y,0,0,0,0,0,0,0,9,2008,WD,Normal,139950,2288,2.0,0,2.994764397905759,0.14526984126984127,0.5,47,0,0,1,5720,6.0,25,1308736
836,20,RL,60.0,9600,Pave,Reg,Lvl,AllPub,Inside,Gtl,Sawyer,Norm,Norm,1Fam,1Story,4,7,1950,1995,Gable,CompShg,VinylSd,HdBoard,0.0,TA,TA,CBlock,Gd,TA,No,BLQ,442,Unf,0,625,1067,GasA,TA,Y,SBrkr,1067,0,0,1067,0,0,2,0,2,1,Gd,4,Min2,0,,Attchd,1996.0,Unf,2,436,TA,TA,Y,290,0,0,0,0,0,0,2,2010,WD,Normal,128000,2134,2.0,0,2.4105431309904155,0.11114583333333333,0.5,60,0,0,1,4268,4.0,16,1138489
837,30,RM,90.0,8100,Pave,Reg,Lvl,AllPub,Inside,Gtl,OldTown,Norm,Norm,1Fam,1Story,5,6,1948,1973,Gable,CompShg,VinylSd,VinylSd,0.0,TA,TA,BrkTil,TA,TA,No,Rec,338,Unf,0,1221,1559,GasA,Gd,Y,SBrkr,1559,0,0,1559,1,0,1,0,2,1,TA,5,Min2,0,,Detchd,1948.0,Unf,2,812,TA,TA,Y,0,116,230,0,0,0,0,6,2007,COD,Normal,153500,3118,2.0,346,1.5523731587561376,0.19246913580246913,0.5,59,0,0,1,7795,4.0,25,2430481
838,160,RM,21.0,1680,Pave,Reg,Lvl,AllPub,Inside,Gtl,BrDale,Norm,Norm,Twnhs,2Story,6,5,1973,1973,Gable,CompShg,HdBoard,HdBoard,158.0,TA,TA,CBlock,TA,TA,No,BLQ,330,Unf,0,153,483,GasA,TA,Y,SBrkr,483,504,0,987,1,0,1,1,2,1,TA,5,Typ,0,,Detchd,1973.0,Unf,1,264,TA,TA,Y,0,0,0,0,0,0,0,11,2008,WD,Normal,100000,1470,2.5,0,8.551948051948052,0.5875,0.32857142857142857,35,0,1,1,5922,5.0,36,974169
839,20,RL,75.0,9525,Pave,Reg,Lvl,AllPub,Inside,Gtl,CollgCr,Norm,Norm,1Fam,1Story,5,6,1995,2006,Gable,CompShg,VinylSd,VinylSd,0.0,TA,TA,PConc,Gd,TA,No,Unf,0,Unf,0,1099,1099,GasA,Ex,Y,SBrkr,1099,0,0,1099,0,0,1,1,3,1,Gd,6,Typ,0,,Attchd,1999.0,Unf,1,352,TA,TA,Y,278,0,0,0,0,0,0,6,2008,WD,Normal,144000,2198,1.5,0,0.9990909090909091,0.11538057742782153,0.5,13,0,0,1,5495,4.5,25,1207801
840,50,RL,70.0,11767,Pave,Reg,Lvl,AllPub,Inside,Gtl,Edwards,Norm,Norm,1Fam,1.5Fin,5,6,1946,1995,Gable,CompShg,MetalSd,MetalSd,0.0,TA,TA,CBlock,TA,TA,No,BLQ,352,Unf,0,416,768,GasA,Ex,Y,SBrkr,768,432,0,1200,0,0,1,0,3,1,TA,6,Typ,0,,Detchd,1946.0,Unf,1,240,TA,TA,Y,0,0,0,0,0,0,0,5,2008,WD,Normal,130500,1968,1.0,0,3.721822541966427,0.10198011387779383,0.3902439024390244,62,0,1,1,6000,3.0,25,1440000
841,70,RH,69.0,12155,Pave,IR1,Lvl,AllPub,Inside,Gtl,SWISU,Norm,Norm,1Fam,2Story,6,8,1925,1950,Gable,CompShg,Wd Sdng,Wd Sdng,0.0,TA,TA,BrkTil,TA,TA,No,BLQ,156,Unf,0,516,672,GasA,TA,N,SBrkr,810,672,0,1482,0,0,2,0,4,1,Fa,7,Typ,0,,Detchd,1934.0,Unf,1,400,TA,TA,P,0,0,254,0,0,0,0,3,2008,WD,Normal,140000,2154,2.0,254,3.1682785299806575,0.12192513368983957,0.31197771587743733,83,0,1,1,8892,8.0,36,2196324
842,70,RM,60.0,10440,Pave,Reg,Lvl,AllPub,Inside,Gtl,OldTown,Norm,Norm,1Fam,2Story,5,8,1904,2002,Gable,CompShg,MetalSd,MetalSd,0.0,TA,TA,PConc,TA,TA,No,Unf,0,Unf,0,650,650,GasA,Gd,Y,SBrkr,958,581,0,1539,0,0,2,0,3,1,Gd,8,Typ,1,Po,Detchd,1983.0,Unf,2,686,Gd,TA,P,70,78,68,0,0,0,0,6,2008,WD,Normal,157500,2189,2.0,146,2.3640552995391704,0.14741379310344827,0.29693924166285973,104,0,1,1,7695,6.0,25,2368521
843,80,RL,82.0,9020,Pave,Reg,Lvl,AllPub,Inside,Gtl,NAmes,Norm,Norm,1Fam,SLvl,6,7,1966,1966,Gable,CompShg,HdBoard,HdBoard,183.0,TA,TA,CBlock,TA,TA,Gd,Rec,312,ALQ,539,276,1127,GasA,TA,Y,SBrkr,1165,0,0,1165,1,0,1,1,3,1,TA,6,Typ,0,,Attchd,1966.0,RFn,2,490,Gd,Gd,Y,0,129,0,0,0,0,0,5,2008,WD,Normal,174900,2292,2.5,129,7.277978339350181,0.12915742793791574,0.4917102966841187,42,0,0,1,6990,7.5,36,1357225
844,90,RL,80.0,8000,Pave,Reg,Lvl,AllPub,Corner,Gtl,NAmes,Artery,Norm,Duplex,1Story,5,4,1961,1961,Gable,CompShg,BrkFace,BrkFace,0.0,TA,TA,CBlock,TA,TA,No,Unf,0,Unf,0,1800,1800,GasA,Ex,N,SBrkr,1800,0,0,1800,0,0,2,0,6,2,TA,10,Typ,0,,,0.0,,0,0,,,Y,0,0,0,0,0,0,0,7,2007,WD,Normal,141000,3600,2.0,0,0.9994447529150472,0.225,0.5,46,0,0,0,9000,12.0,25,3240000
845,50,RM,100.0,12665,Pave,IR1,Lvl,AllPub,Inside,Gtl,OldTown,Artery,Norm,1Fam,1.5Fin,5,8,1915,1950,Gable,CompShg,Wd Sdng,Wd Sdng,0.0,TA,TA,BrkTil,TA,TA,Mn,Unf,0,Unf,0,876,876,GasA,Gd,Y,SBrkr,876,540,0,1416,0,0,1,1,4,1,TA,7,Typ,1,Gd,Detchd,1949.0,Unf,3,720,TA,TA,Y,418,0,194,0,0,0,0,6,2008,WD,Normal,153900,2292,1.5,194,1.6145952109464081,0.11180418476115278,0.38219895287958117,93,0,1,1,7080,6.0,25,2005056
846,85,RL,69.0,16647,Pave,IR1,Lvl,AllPub,CulDSac,Gtl,Sawyer,RRAe,Norm,1Fam,SFoyer,5,5,1975,1981,Gable,CompShg,HdBoard,HdBoard,0.0,TA,TA,CBlock,Gd,TA,Gd,ALQ,1390,Unf,0,0,1390,GasA,TA,Y,SBrkr,1701,0,0,1701,1,0,2,0,3,1,TA,6,Min2,2,TA,Basment,1975.0,Fin,2,611,TA,TA,Y,0,0,0,0,0,0,0,1,2007,WD,Normal,171000,3091,3.0,0,3091.0,0.10218057307622995,0.4496926560983501,32,0,0,1,8505,9.0,25,2893401
847,60,RL,75.0,9317,Pave,Reg,Lvl,AllPub,Inside,Gtl,SawyerW,Norm,Norm,1Fam,2Story,7,5,1993,1993,Gable,CompShg,HdBoard,HdBoard,137.0,Gd,TA,PConc,Gd,TA,No,ALQ,513,Unf,0,227,740,GasA,Ex,Y,SBrkr,1006,769,0,1775,1,0,2,1,3,1,Gd,7,Typ,1,TA,Attchd,1993.0,Unf,2,425,TA,TA,Y,234,72,192,0,0,0,0,7,2009,WD,Normal,213000,2515,3.5,264,10.035087719298245,0.1905119673714715,0.294234592445328,16,0,1,1,12425,10.5,49,3150625
848,20,RL,36.0,15523,Pave,IR1,Lvl,AllPub,CulDSac,Gtl,CollgCr,Norm,Norm,1Fam,1Story,5,6,1972,1972,Gable,CompShg,HdBoard,Plywood,0.0,TA,TA,CBlock,TA,TA,Av,BLQ,460,Unf,0,404,864,GasA,Ex,Y,SBrkr,864,0,0,864,1,0,1,0,3,1,TA,5,Typ,1,Fa,Attchd,1972.0,Unf,1,338,TA,TA,Y,0,0,0,0,0,0,0,8,2009,WD,Normal,133500,1728,2.0,0,3.269135802469136,0.05565934419893062,0.5,37,0,0,1,4320,6.0,25,746496
849,50,RL,75.0,45600,Pave,IR2,Bnk,AllPub,Inside,Gtl,ClearCr,Norm,Norm,1Fam,1.5Fin,6,8,1908,1997,Gable,CompShg,Wd Sdng,Wd Sdng,0.0,TA,TA,BrkTil,TA,TA,No,Unf,0,Unf,0,907,907,GasA,TA,Y,SBrkr,1307,1051,0,2358,0,0,3,0,5,1,TA,10,Typ,1,Gd,Detchd,1908.0,Unf,2,360,Fa,TA,Y,486,40,0,0,175,0,0,9,2008,WD,Normal,240000,3265,3.0,215,2.5969162995594712,0.05171052631578947,0.2777947932618683,100,0,1,1,14148,15.0,36,5560164
850,80,RL,80.0,9600,Pave,Reg,Lvl,AllPub,FR2,Gtl,Veenker,Feedr,Norm,1Fam,SLvl,6,7,1976,1994,Hip,CompShg,Plywood,Plywood,360.0,Gd,Gd,CBlock,TA,TA,No,Unf,0,Unf,0,528,528,GasA,Ex,Y,SBrkr,1094,761,0,1855,0,0,2,1,3,1,TA,7,Typ,1,TA,Attchd,1976.0,RFn,2,512,TA,TA,Y,113,100,0,0,0,0,0,8,2007,WD,Normal,187000,2383,2.5,100,3.506616257088847,0.19322916666666667,0.22156945027276542,31,0,1,1,11130,7.5,36,3441025
851,120,RM,36.0,4435,Pave,Reg,Lvl,AllPub,Inside,Gtl,CollgCr,Norm,Norm,TwnhsE,1Story,6,5,2003,2003,Gable,CompShg,VinylSd,VinylSd,170.0,Gd,TA,PConc,Gd,TA,Av,GLQ,659,Unf,0,189,848,GasA,Ex,Y,SBrkr,848,0,0,848,1,0,1,0,1,1,Gd,3,Typ,0,,Attchd,2003.0,Fin,2,420,TA,TA,Y,140,0,0,0,0,0,0,11,2007,WD,Normal,131500,1696,2.0,0,7.931578947368421,0.19120631341600902,0.5,4,0,0,1,5088,2.0,36,719104
852,120,RL,69.0,3196,Pave,Reg,Lvl,AllPub,Inside,Gtl,Blmngtn,Norm,Norm,TwnhsE,1Story,8,5,2003,2003,Gable,CompShg,VinylSd,VinylSd,40.0,Gd,TA,PConc,Gd,TA,Gd,Unf,0,Unf,0,1273,1273,GasA,Ex,Y,SBrkr,1456,0,0,1456,0,0,2,0,2,1,Gd,7,Typ,1,TA,Attchd,2003.0,Fin,2,400,TA,TA,Y,143,20,0,0,0,0,0,5,2006,WD,Normal,215000,2729,2.0,20,1.1428571428571428,0.4555694618272841,0.4664712348845731,3,1,0,1,11648,4.0,64,2119936
853,75,RL,53.0,7128,Pave,Reg,Lvl,AllPub,Inside,Gtl,Crawfor,Norm,Norm,1Fam,2.5Unf,7,5,1941,1950,Gable,CompShg,MetalSd,MetalSd,0.0,TA,Gd,CBlock,TA,TA,No,Rec,364,Unf,0,554,918,GasA,Gd,Y,SBrkr,918,728,0,1646,0,0,2,0,4,1,TA,7,Typ,2,Gd,Detchd,1941.0,Unf,1,240,TA,TA,Y,0,0,0,0,126,0,0,8,2007,WD,Normal,164000,2564,2.0,126,3.6216216216216215,0.2309203142536476,0.3580343213728549,66,0,1,1,11522,8.0,49,2709316
854,80,RL,69.0,12095,Pave,IR1,Lvl,AllPub,Corner,Gtl,NAmes,Norm,Norm,1Fam,SLvl,6,6,1964,1964,Gable,CompShg,MetalSd,HdBoard,115.0,TA,Gd,CBlock,TA,TA,Gd,Rec,564,Unf,0,563,1127,GasA,TA,Y,SBrkr,1445,0,0,1445,0,0,1,1,3,1,TA,7,Typ,1,Fa,Attchd,1964.0,RFn,2,645,TA,TA,Y,180,0,0,0,0,0,0,8,2009,WD,Normal,158000,2572,1.5,0,3.5620567375886525,0.1194708557255064,0.4381804043545879,45,0,0,1,8670,4.5,36,2088025
855,20,RL,102.0,17920,Pave,Reg,Lvl,AllPub,Inside,Gtl,Sawyer,Norm,Norm,1Fam,1Story,5,4,1955,1974,Hip,CompShg,Wd Sdng,Plywood,0.0,TA,TA,CBlock,TA,TA,Mn,ALQ,306,Rec,1085,372,1763,GasA,TA,Y,SBrkr,1779,0,0,1779,1,0,1,1,3,1,TA,6,Typ,1,Gd,Attchd,1955.0,Unf,2,454,TA,TA,Y,0,418,0,0,312,0,0,7,2006,WD,Abnorml,170000,3542,2.5,730,8.498659517426274,0.09927455357142857,0.4977413890457369,51,0,0,1,8895,7.5,25,3164841
856,20,RL,69.0,6897,Pave,IR1,Lvl,AllPub,Corner,Gtl,Sawyer,Norm,Norm,1Fam,1Story,5,8,1962,2010,Gable,CompShg,HdBoard,HdBoard,0.0,TA,Gd,CBlock,TA,TA,No,ALQ,659,Unf,0,381,1040,GasA,Ex,Y,SBrkr,1040,0,0,1040,1,0,1,1,3,1,TA,6,Typ,0,,Detchd,1962.0,Unf,1,260,TA,TA,Y,0,104,0,0,0,0,0,4,2010,WD,Normal,127000,2080,2.5,104,4.447643979057592,0.1507901986370886,0.5,48,0,0,1,5200,7.5,25,1081600
857,80,RL,69.0,10970,Pave,IR1,Low,AllPub,Inside,Mod,CollgCr,Norm,Norm,1Fam,SLvl,6,6,1978,1978,Gable,CompShg,Plywood,HdBoard,0.0,TA,TA,CBlock,Gd,Gd,Gd,GLQ,505,LwQ,435,0,940,GasA,TA,Y,SBrkr,1026,0,0,1026,1,0,1,0,3,1,TA,5,Typ,0,,Detchd,1981.0,Unf,2,576,TA,Fa,Y,0,0,34,0,0,0,0,10,2008,WD,Normal,147000,1966,2.0,34,1966.0,0.0935278030993619,0.47812817904374366,30,0,0,1,6156,6.0,36,1052676
858,60,RL,65.0,8125,Pave,Reg,Lvl,AllPub,Inside,Gtl,Gilbert,Norm,Norm,1Fam,2Story,6,5,1994,1995,Gable,CompShg,HdBoard,HdBoard,0.0,TA,TA,PConc,Gd,TA,No,Unf,0,Unf,0,702,702,GasA,Gd,Y,SBrkr,702,779,0,1481,0,0,2,1,3,1,TA,6,Typ,1,TA,Attchd,1994.0,Fin,2,343,TA,TA,Y,0,36,0,0,0,0,0,3,2009,WD,Normal,174000,2183,2.5,36,2.1066856330014225,0.1822769230769231,0.32157581310123684,15,0,1,1,8886,7.5,36,2193361
859,20,RL,80.0,10400,Pave,Reg,Lvl,AllPub,Inside,Gtl,NWAmes,Norm,Norm,1Fam,1Story,7,5,1976,1976,Gable,CompShg,HdBoard,HdBoard,189.0,TA,TA,CBlock,Gd,TA,No,Unf,0,Unf,0,1090,1090,GasA,TA,Y,SBrkr,1370,0,0,1370,0,0,2,0,3,1,TA,6,Typ,1,TA,Attchd,1976.0,RFn,2,479,TA,TA,Y,0,0,0,0,0,0,0,6,2009,WD,Family,152000,2460,2.0,0,1.2557286892758937,0.13173076923076923,0.44308943089430897,33,0,0,1,9590,6.0,49,1876900
860,60,RL,69.0,11029,Pave,IR1,Lvl,AllPub,Corner,Gtl,NWAmes,PosA,Norm,1Fam,2Story,6,7,1968,1984,Gable,CompShg,HdBoard,HdBoard,220.0,TA,TA,CBlock,TA,TA,Mn,BLQ,619,Unf,0,435,1054,GasA,TA,Y,SBrkr,1512,1142,0,2654,1,0,2,1,4,1,Gd,9,Typ,1,Gd,Attchd,1968.0,Unf,2,619,TA,TA,Y,0,65,0,0,222,0,0,8,2006,WD,Normal,250000,3708,3.5,287,7.506880733944954,0.2406383171638408,0.2842502696871629,38,0,1,1,15924,14.0,36,7043716
861,50,RL,55.0,7642,Pave,Reg,Lvl,AllPub,Corner,Gtl,Crawfor,Norm,Norm,1Fam,1.5Fin,7,8,1918,1998,Gable,CompShg,Wd Sdng,Wd Sdng,0.0,Gd,TA,BrkTil,TA,TA,No,Unf,0,Unf,0,912,912,GasA,Gd,Y,SBrkr,912,514,0,1426,0,0,1,1,3,1,Gd,7,Typ,1,Gd,Detchd,1925.0,Unf,1,216,TA,TA,Y,0,240,0,0,0,0,0,6,2007,WD,Normal,189950,2338,1.5,240,1.5618838992332968,0.18660036639623134,0.3900769888793841,89,0,1,1,9982,4.5,49,2033476
862,190,RL,75.0,11625,Pave,Reg,Lvl,AllPub,Inside,Gtl,Sawyer,Norm,Norm,2fmCon,1Story,5,4,1965,1965,Hip,CompShg,Plywood,HdBoard,0.0,TA,TA,PConc,TA,TA,Mn,BLQ,841,Unf,0,198,1039,GasA,Ex,Y,SBrkr,1039,0,0,1039,1,0,1,1,3,1,TA,6,Typ,0,,Attchd,1965.0,Unf,2,504,TA,TA,Y,0,0,0,0,0,0,0,4,2010,WD,Normal,131500,2078,2.5,0,9.447236180904522,0.0893763440860215,0.5,45,0,0,1,5195,7.5,25,1079521
863,20,RL,81.0,9672,Pave,Reg,Lvl,AllPub,Corner,Gtl,SawyerW,Norm,Norm,1Fam,1Story,6,5,1984,1985,Hip,CompShg,HdBoard,Plywood,0.0,TA,TA,PConc,Gd,TA,No,GLQ,338,Unf,0,702,1040,GasA,TA,Y,SBrkr,1097,0,0,1097,0,0,2,0,3,1,TA,6,Typ,0,,Attchd,1986.0,Unf,2,480,TA,TA,Y,0,0,0,0,0,0,0,5,2010,WD,Normal,152000,2137,2.0,0,2.0412517780938835,0.11342018196856907,0.4866635470285447,26,0,0,1,6582,6.0,36,1203409
864,20,RL,70.0,7931,Pave,Reg,Lvl,AllPub,Inside,Gtl,NAmes,Norm,Norm,1Fam,1Story,5,5,1959,1959,Hip,CompShg,BrkFace,Plywood,0.0,TA,TA,CBlock,TA,TA,No,BLQ,1148,Unf,0,0,1148,GasA,TA,Y,SBrkr,1148,0,0,1148,1,0,1,0,3,1,TA,6,Typ,0,,Attchd,1959.0,Unf,1,672,TA,TA,Y,0,0,0,0,0,0,0,7,2009,WD,Normal,132500,2296,2.0,0,2296.0,0.14474845542806708,0.5,50,0,0,1,5740,6.0,25,1317904
865,20,FV,72.0,8640,Pave,Reg,Lvl,AllPub,Inside,Gtl,Somerst,Norm,Norm,1Fam,1Story,7,5,2007,2008,Gable,CompShg,VinylSd,VinylSd,0.0,Gd,TA,PConc,Ex,TA,No,Unf,0,Unf,0,1372,1372,GasA,Ex,Y,SBrkr,1372,0,0,1372,0,0,2,0,3,1,Gd,6,Typ,0,,Attchd,2008.0,Fin,2,529,TA,TA,Y,0,140,0,0,0,0,0,5,2008,New,Partial,250580,2744,2.0,140,0.9992716678805535,0.1587962962962963,0.5,1,1,0,1,9604,6.0,49,1882384
866,20,RL,69.0,8750,Pave,IR1,Lvl,AllPub,Inside,Gtl,NAmes,Norm,Norm,1Fam,1Story,5,6,1970,1970,Gable,CompShg,MetalSd,MetalSd,76.0,TA,TA,CBlock,TA,TA,No,BLQ,828,Unf,0,174,1002,GasA,TA,Y,SBrkr,1002,0,0,1002,1,0,1,0,3,1,TA,5,Typ,0,,Detchd,1973.0,Unf,2,902,TA,TA,Y,0,0,0,0,0,0,0,8,2009,WD,Normal,148500,2004,2.0,0,10.457142857142857,0.11451428571428571,0.5,39,0,0,1,5010,6.0,25,1004004
867,20,RL,67.0,10656,Pave,IR1,HLS,AllPub,Inside,Gtl,Timber,Norm,Norm,1Fam,1Story,8,5,2006,2007,Gable,CompShg,VinylSd,VinylSd,274.0,Gd,TA,PConc,Gd,TA,Av,Unf,0,Unf,0,1638,1638,GasA,Ex,Y,SBrkr,1646,0,0,1646,0,0,2,0,3,1,Gd,6,Typ,1,Gd,Attchd,2007.0,RFn,3,870,TA,TA,Y,192,80,0,0,0,0,0,11,2007,New,Partial,248900,3284,2.0,80,1.0042708968883465,0.15446696696696696,0.4987819732034105,1,1,0,1,13168,6.0,64,2709316
868,20,RL,85.0,6970,Pave,Reg,Lvl,AllPub,Corner,Gtl,Sawyer,Feedr,Norm,1Fam,1Story,4,5,1961,1961,Gable,CompShg,VinylSd,VinylSd,0.0,TA,TA,CBlock,TA,TA,No,ALQ,932,Unf,0,108,1040,GasA,TA,Y,SBrkr,1120,0,0,1120,1,0,1,1,3,1,Fa,5,Typ,0,,Attchd,1961.0,RFn,2,544,TA,TA,Y,168,0,0,0,0,0,400,5,2007,WD,Normal,129000,2160,2.5,0,18.825688073394495,0.1606886657101865,0.48148148148148145,46,0,0,1,4480,7.5,16,1254400
869,60,RL,69.0,14762,Pave,IR2,Lvl,AllPub,Corner,Gtl,Gilbert,Feedr,Norm,1Fam,2Story,5,6,1948,1950,Gable,CompShg,Plywood,Plywood,0.0,TA,TA,Slab,,,,,0,,0,0,0,GasA,Gd,Y,SBrkr,1547,720,53,2320,0,0,2,0,2,1,TA,7,Typ,1,TA,Attchd,1979.0,Unf,2,672,TA,TA,P,120,144,0,0,0,0,0,5,2006,WD,Normal,169000,2267,2.0,144,2320.0,0.15716027638531363,0.0,58,0,1,1,11600,4.0,25,5382400
870,60,RL,80.0,9938,Pave,Reg,Lvl,AllPub,Inside,Gtl,SawyerW,Norm,Norm,1Fam,2Story,7,5,1993,1994,Gable,CompShg,MetalSd,MetalSd,246.0,Gd,TA,PConc,Gd,TA,No,GLQ,750,Unf,0,300,1050,GasA,Ex,Y,SBrkr,1062,887,0,1949,1,0,2,1,3,1,Gd,8,Typ,1,TA,Attchd,1993.0,Fin,2,574,TA,TA,Y,156,90,0,0,0,0,0,6,2010,WD,Normal,236000,2999,3.5,90,8.966777408637874,0.19611591869591466,0.35011670556852287,17,0,1,1,13643,10.5,49,3798601
871,20,RL,60.0,6600,Pave,Reg,Lvl,AllPub,Inside,Gtl,NAmes,PosN,Norm,1Fam,1Story,5,5,1962,1962,Hip,CompShg,MetalSd,MetalSd,0.0,TA,TA,CBlock,TA,TA,No,Unf,0,Unf,0,894,894,GasA,Gd,N,SBrkr,894,0,0,894,0,0,1,0,2,1,TA,5,Typ,0,,Detchd,1962.0,Unf,1,308,TA,TA,Y,0,0,0,0,0,0,0,8,2009,WD,Normal,109500,1788,1.0,0,0.9988826815642458,0.13545454545454547,0.5,47,0,0,1,4470,2.0,25,799236
872,60,RL,70.0,8750,Pave,Reg,Lvl,AllPub,Inside,Gtl,CollgCr,Norm,Norm,1Fam,2Story,6,5,1998,1998,Gable,CompShg,VinylSd,VinylSd,116.0,TA,TA,PConc,Gd,TA,No,GLQ,505,Unf,0,299,804,GasA,Ex,Y,SBrkr,804,878,0,1682,0,0,2,1,3,1,Gd,7,Typ,0,,Attchd,1998.0,RFn,2,523,TA,TA,Y,0,77,0,0,0,0,0,6,2010,WD,Normal,200500,2486,2.5,77,7.29,0.19222857142857142,0.3234111021721641,12,0,1,1,10092,7.5,36,2829124
873,20,RL,74.0,8892,Pave,Reg,Lvl,AllPub,Corner,Gtl,NAmes,Norm,Norm,1Fam,1Story,5,7,1953,1996,Gable,CompShg,WdShing,Wd Shng,0.0,Gd,TA,Stone,TA,TA,Av,Unf,0,Unf,0,105,105,GasA,Gd,Y,SBrkr,910,0,0,910,0,0,1,0,3,1,Gd,5,Typ,0,,Attchd,1953.0,Unf,2,414,TA,TA,Y,196,0,150,0,0,0,0,10,2008,WD,Normal,116000,1015,1.0,150,8.584905660377359,0.1023391812865497,0.10344827586206896,55,0,0,1,4550,3.0,25,828100
874,40,RL,60.0,12144,Pave,Reg,Lvl,AllPub,Inside,Gtl,NAmes,Norm,Norm,1Fam,1Story,5,7,1949,1950,Gable,CompShg,HdBoard,HdBoard,0.0,Gd,TA,CBlock,TA,TA,No,Rec,375,Unf,0,457,832,GasA,Gd,Y,SBrkr,1036,0,232,1268,0,0,1,0,3,1,TA,6,Typ,1,Gd,Attchd,1949.0,Unf,1,288,TA,TA,Y,0,28,0,0,0,0,0,9,2009,WD,Normal,133000,1868,1.0,28,3.587336244541485,0.1044137022397892,0.44539614561027835,60,0,0,1,6340,3.0,25,1607824
875,50,RM,52.0,5720,Pave,Reg,Lvl,AllPub,Inside,Gtl,OldTown,Artery,Norm,1Fam,1.5Fin,5,6,1941,1950,Gable,CompShg,Wd Sdng,Wd Sdng,0.0,TA,TA,CBlock,TA,TA,No,Unf,0,Unf,0,676,676,GasA,Ex,Y,SBrkr,676,455,0,1131,0,0,1,1,3,1,TA,5,Typ,0,,Detchd,1941.0,Unf,1,200,TA,TA,Y,26,0,0,0,0,0,0,8,2009,WD,Abnorml,66500,1807,1.5,0,1.670605612998523,0.19772727272727272,0.37410071942446044,68,0,1,1,5655,4.5,25,1279161
876,60,FV,75.0,9000,Pave,Reg,Lvl,AllPub,Inside,Gtl,Somerst,Norm,Norm,1Fam,2Story,8,5,2007,2007,Gable,CompShg,CemntBd,CmentBd,0.0,Gd,TA,PConc,Gd,TA,Av,GLQ,64,Unf,0,1120,1184,GasA,Ex,Y,SBrkr,1184,1426,0,2610,0,0,2,1,4,1,Ex,11,Typ,1,Gd,BuiltIn,2007.0,Fin,2,550,TA,TA,Y,208,364,0,0,0,0,0,8,2007,New,Partial,303477,3794,2.5,364,2.385370205173952,0.29,0.3120716921454929,0,1,1,1,20880,10.0,64,6812100
877,20,RL,94.0,25286,Pave,Reg,HLS,AllPub,Inside,Mod,Mitchel,Norm,Norm,1Fam,1Story,4,5,1963,1963,Gable,CompShg,HdBoard,Plywood,0.0,TA,TA,PConc,TA,TA,Gd,ALQ,633,Unf,0,431,1064,GasA,Gd,Y,SBrkr,1040,0,0,1040,1,0,1,0,3,1,TA,5,Typ,0,,Attchd,1963.0,Unf,2,648,TA,TA,Y,0,0,0,0,0,0,0,1,2007,WD,Normal,132250,2104,2.0,0,3.872685185185185,0.04112947876295183,0.5057034220532319,44,0,0,1,4160,6.0,16,1081600
878,60,RL,74.0,8834,Pave,Reg,Lvl,AllPub,Inside,Gtl,NridgHt,Norm,Norm,1Fam,2Story,9,5,2004,2005,Hip,CompShg,VinylSd,VinylSd,216.0,Gd,TA,PConc,Ex,TA,No,GLQ,1170,Unf,0,292,1462,GasA,Ex,Y,SBrkr,1462,762,0,2224,1,0,2,1,4,1,Ex,10,Typ,1,Gd,Attchd,2004.0,Fin,3,738,TA,TA,Y,184,0,0,0,0,0,0,6,2009,WD,Normal,350000,3686,3.5,0,11.583617747440274,0.2517545845596559,0.3966359196961476,5,0,1,1,20016,14.0,81,4946176
879,85,RL,88.0,11782,Pave,IR1,Lvl,AllPub,Inside,Gtl,Sawyer,Norm,Norm,1Fam,SFoyer,5,7,1961,1995,Gable,CompShg,HdBoard,HdBoard,0.0,TA,TA,CBlock,TA,TA,Av,ALQ,899,Unf,0,210,1109,GasA,TA,Y,SBrkr,1155,0,0,1155,1,0,1,0,3,1,Gd,6,Min2,0,,Detchd,1987.0,Unf,2,576,TA,TA,Y,192,0,0,0,0,0,400,6,2010,WD,Normal,148000,2264,2.0,0,9.734597156398104,0.09803089458496012,0.48984098939929327,49,0,0,1,5775,6.0,25,1334025
880,20,RL,69.0,7000,Pave,IR1,Lvl,AllPub,CulDSac,Gtl,CollgCr,Norm,Norm,1Fam,1Story,5,8,1978,2005,Gable,CompShg,VinylSd,VinylSd,90.0,Gd,Gd,CBlock,TA,TA,No,ALQ,646,Unf,0,218,864,GasA,Ex,Y,SBrkr,864,0,0,864,1,0,1,0,3,1,TA,6,Typ,0,,Attchd,1978.0,Unf,1,336,TA,TA,Y,0,0,0,0,0,0,0,7,2009,WD,Normal,136500,1728,2.0,0,6.894977168949771,0.12342857142857143,0.5,31,0,0,1,4320,6.0,25,746496
881,20,RL,60.0,7024,Pave,Reg,Lvl,AllPub,Inside,Gtl,Edwards,Norm,Norm,1Fam,1Story,5,5,2005,2006,Gable,CompShg,VinylSd,VinylSd,0.0,TA,TA,PConc,Ex,Gd,No,ALQ,980,Unf,0,110,1090,GasA,Gd,Y,SBrkr,1090,0,0,1090,1,0,1,1,2,1,TA,5,Typ,0,,Attchd,2005.0,Fin,2,450,TA,TA,Y,0,49,0,0,0,0,0,6,2007,WD,Normal,157000,2180,2.5,49,18.64864864864865,0.15518223234624146,0.5,2,1,0,1,5450,5.0,25,1188100
882,50,RL,44.0,13758,Pave,IR1,Lvl,AllPub,CulDSac,Gtl,Timber,Norm,Norm,1Fam,1.5Fin,7,5,1990,1991,Gable,CompShg,HdBoard,HdBoard,117.0,Gd,Gd,CBlock,Gd,TA,Mn,LwQ,902,Unf,0,254,1156,GasA,Ex,Y,SBrkr,1187,530,0,1717,0,0,2,1,3,1,Gd,7,Typ,1,TA,Attchd,1990.0,RFn,2,400,TA,TA,Y,168,36,0,0,0,0,0,4,2007,WD,Normal,187500,2873,2.5,36,10.270588235294118,0.12480011629597325,0.40236686390532544,17,0,1,1,12019,7.5,49,2948089
883,60,RL,69.0,9636,Pave,IR1,Lvl,AllPub,Corner,Gtl,Gilbert,Norm,Norm,1Fam,2Story,6,5,1992,1993,Gable,CompShg,VinylSd,VinylSd,0.0,TA,TA,PConc,Gd,TA,No,Unf,0,Unf,0,808,808,GasA,Gd,Y,SBrkr,808,785,0,1593,0,0,2,1,3,1,TA,7,Typ,1,TA,BuiltIn,1993.0,RFn,2,389,TA,TA,Y,342,40,0,0,0,0,0,12,2009,WD,Normal,178000,2401,2.5,40,1.969097651421508,0.1653175591531756,0.3365264473136193,17,0,1,1,9558,7.5,36,2537649
884,75,RL,60.0,6204,Pave,Reg,Bnk,AllPub,Inside,Gtl,SWISU,Norm,Norm,1Fam,2.5Fin,4,5,1912,1950,Gable,CompShg,Wd Sdng,Wd Sdng,0.0,Gd,TA,PConc,TA,Fa,No,Unf,0,Unf,0,795,795,GasA,TA,N,SBrkr,954,795,481,2230,1,0,1,0,5,1,TA,10,Typ,0,,Detchd,1997.0,Unf,1,440,TA,Gd,Y,0,188,0,0,0,0,0,3,2006,WD,Normal,118500,2544,2.0,188,2.801507537688442,0.3594455190199871,0.3125,94,0,1,1,8920,10.0,16,4972900
885,20,RL,65.0,7150,Pave,Reg,Lvl,AllPub,Inside,Gtl,NAmes,Norm,Norm,1Fam,1Story,5,5,1967,1967,Gable,CompShg,HdBoard,HdBoard,60.0,TA,TA,CBlock,TA,TA,No,BLQ,432,Unf,0,460,892,GasA,TA,Y,SBrkr,892,0,0,892,0,0,1,0,3,1,TA,5,Typ,0,,Attchd,1967.0,RFn,1,288,TA,TA,Y,0,0,0,0,0,0,0,7,2009,WD,Normal,100000,1784,1.0,0,2.8720173535791758,0.12475524475524476,0.5,42,0,0,1,4460,3.0,25,795664
886,120,FV,50.0,5119,Pave,IR1,Lvl,AllPub,CulDSac,Gtl,Somerst,Norm,Norm,TwnhsE,1Story,9,5,1999,2000,Gable,CompShg,MetalSd,MetalSd,60.0,Gd,TA,PConc,Ex,TA,Av,GLQ,1238,Unf,0,460,1698,GasA,Ex,Y,SBrkr,1709,0,0,1709,1,0,2,0,2,1,Gd,5,Typ,1,TA,Attchd,1999.0,Fin,2,506,TA,TA,Y,97,65,0,0,0,0,0,1,2008,CWD,Abnorml,328900,3407,3.0,65,6.3926247288503255,0.33385426841179916,0.498385676548283,9,0,0,1,15381,6.0,81,2920681
887,90,RL,70.0,8393,Pave,Reg,Lvl,AllPub,Corner,Gtl,NAmes,Norm,Norm,Duplex,1Story,5,5,1959,2005,Gable,CompShg,MetalSd,MetalSd,122.0,TA,TA,CBlock,TA,TA,No,LwQ,528,Unf,0,1098,1626,GasA,Ex,Y,SBrkr,1712,0,0,1712,0,0,2,0,4,2,TA,8,Typ,0,,Attchd,2005.0,Fin,2,588,TA,TA,Y,272,54,0,0,0,0,0,6,2006,WD,Family,145000,3338,2.0,54,2.038216560509554,0.20397950673180032,0.48711803475134813,47,0,0,1,8560,8.0,25,2930944
888,50,RL,59.0,16466,Pave,IR1,Lvl,AllPub,Inside,Gtl,Edwards,Norm,Norm,1Fam,1.5Fin,5,7,1955,1955,Gable,CompShg,MetalSd,MetalSd,0.0,TA,Gd,PConc,TA,TA,No,Unf,0,Unf,0,816,816,GasA,TA,Y,SBrkr,872,521,0,1393,0,0,1,1,3,1,TA,8,Typ,0,,Attchd,1955.0,Unf,1,300,TA,TA,Y,121,0,0,0,265,0,0,4,2008,WD,Normal,135500,2209,1.5,265,1.7050183598531212,0.08459856674359285,0.3693979176097782,53,0,1,1,6965,4.5,25,1940449
889,20,RL,95.0,15865,Pave,IR1,Lvl,AllPub,Inside,Mod,NAmes,Norm,Norm,1Fam,1Story,8,6,1970,1970,Flat,Tar&Grv,Wd Sdng,Wd Sdng,0.0,Gd,Gd,PConc,TA,Gd,Gd,ALQ,351,Rec,823,1043,2217,GasA,Ex,Y,SBrkr,2217,0,0,2217,1,0,2,0,4,1,Gd,8,Typ,1,TA,Attchd,1970.0,Unf,2,621,TA,TA,Y,81,207,0,0,224,0,0,10,2007,WD,Normal,268000,4434,3.0,431,3.2480842911877397,0.13974156949259375,0.5,37,0,0,1,17736,12.0,64,4915089
890,20,RL,128.0,12160,Pave,Reg,Lvl,AllPub,Inside,Gtl,NAmes,Feedr,Norm,1Fam,1Story,6,4,1953,1953,Hip,CompShg,Wd Sdng,Wd Sdng,90.0,TA,TA,CBlock,TA,TA,No,BLQ,1024,Unf,0,481,1505,GasA,Ex,Y,SBrkr,1505,0,0,1505,1,0,1,0,2,1,TA,6,Typ,1,TA,Attchd,1953.0,RFn,2,505,TA,TA,Y,0,0,0,162,0,0,0,2,2009,WD,Normal,149500,3010,2.0,162,5.246887966804979,0.12376644736842106,0.5,56,0,0,1,9030,4.0,36,2265025
891,50,RL,60.0,8064,Pave,Reg,Lvl,AllPub,Corner,Gtl,NAmes,Artery,Norm,1Fam,1.5Fin,5,7,1949,2006,Gable,CompShg,MetalSd,MetalSd,0.0,TA,Gd,CBlock,TA,TA,Mn,Unf,0,Unf,0,672,672,GasA,Ex,Y,SBrkr,672,252,0,924,0,0,1,0,3,1,TA,6,Typ,1,Po,Detchd,2003.0,Unf,2,576,TA,TA,Y,0,0,0,0,0,0,2000,7,2007,WD,Normal,122900,1596,1.0,0,1.3729569093610698,0.11458333333333333,0.42105263157894735,58,0,1,1,4620,3.0,25,853776
892,60,RL,70.0,11184,Pave,Reg,Lvl,AllPub,Inside,Gtl,Sawyer,Norm,Norm,1Fam,2Story,6,5,1978,1978,Hip,CompShg,HdBoard,HdBoard,92.0,TA,TA,CBlock,TA,TA,No,LwQ,226,Rec,500,192,918,GasA,Gd,Y,SBrkr,918,765,0,1683,0,0,2,1,3,1,TA,7,Typ,1,TA,Attchd,1978.0,RFn,2,440,TA,TA,Y,243,0,0,0,0,0,0,7,2009,WD,Normal,172500,2601,2.5,0,12.481865284974093,0.15048283261802575,0.35294117647058826,31,0,1,1,10098,7.5,36,2832489
893,20,RL,70.0,8414,Pave,Reg,Lvl,AllPub,Inside,Gtl,Sawyer,Norm,Norm,1Fam,1Story,6,8,1963,2003,Hip,CompShg,HdBoard,HdBoard,0.0,TA,TA,CBlock,TA,TA,No,GLQ,663,Unf,0,396,1059,GasA,TA,Y,SBrkr,1068,0,0,1068,0,1,1,0,3,1,TA,6,Typ,0,,Attchd,1963.0,RFn,1,264,TA,TA,Y,192,0,0,0,0,0,0,2,2006,WD,Normal,154500,2127,1.5,0,4.3602015113350125,0.12693130496791064,0.4978843441466855,43,0,0,1,6408,4.5,36,1140624
894,20,RL,69.0,13284,Pave,Reg,Lvl,AllPub,Inside,Gtl,Sawyer,PosN,Norm,1Fam,1Story,5,5,1954,1954,Gable,CompShg,Wd Sdng,Plywood,0.0,TA,TA,PConc,Gd,TA,Mn,BLQ,1064,Unf,0,319,1383,GasA,TA,Y,SBrkr,1383,0,0,1383,1,0,1,0,3,1,TA,6,Typ,1,Gd,Attchd,1954.0,Unf,1,354,TA,TA,Y,511,116,0,0,0,0,0,6,2008,WD,Normal,165000,2766,2.0,116,7.646875,0.10411020776874436,0.5,54,0,0,1,6915,6.0,25,1912689
895,90,RL,64.0,7018,Pave,Reg,Bnk,AllPub,Inside,Gtl,SawyerW,Norm,Norm,Duplex,1Story,5,5,1979,1979,Gable,CompShg,Plywood,Plywood,0.0,TA,TA,Slab,,,,,0,,0,0,0,GasA,TA,Y,SBrkr,1535,0,0,1535,0,0,2,0,4,2,TA,8,Typ,0,,Attchd,1979.0,Unf,2,400,TA,TA,Y,0,0,0,0,0,0,0,6,2009,WD,Alloca,118858,1535,2.0,0,1535.0,0.21872328298660587,0.0,30,0,0,1,7675,8.0,25,2356225
896,60,RL,71.0,7056,Pave,Reg,Lvl,AllPub,Inside,Gtl,NAmes,Norm,Norm,1Fam,2Story,6,5,1963,1963,Hip,CompShg,HdBoard,HdBoard,415.0,TA,TA,CBlock,TA,TA,No,BLQ,400,Unf,0,380,780,GasA,TA,Y,SBrkr,983,813,0,1796,1,0,1,1,4,1,TA,8,Typ,1,TA,Attchd,1963.0,RFn,2,483,TA,TA,Y,0,50,0,0,0,0,0,10,2008,WD,Normal,140000,2576,2.5,50,5.7637795275590555,0.2545351473922903,0.3027950310559006,45,0,1,1,10776,10.0,36,3225616
897,30,RM,50.0,8765,Pave,Reg,Lvl,AllPub,Inside,Gtl,IDOTRR,Norm,Norm,1Fam,1Story,4,6,1936,1950,Gable,CompShg,Wd Sdng,Wd Sdng,0.0,TA,TA,BrkTil,TA,TA,No,ALQ,285,Unf,0,666,951,GasA,Ex,N,SBrkr,951,0,0,951,0,0,1,0,2,1,TA,6,Typ,0,,Detchd,1936.0,Unf,1,327,TA,TA,Y,0,28,0,0,0,0,0,4,2006,WD,Abnorml,106500,1902,1.0,28,1.8530734632683659,0.10849971477467199,0.5,70,0,0,1,3804,2.0,16,904401
898,90,RL,64.0,7018,Pave,Reg,Lvl,AllPub,Inside,Gtl,SawyerW,Feedr,Norm,Duplex,2Story,5,5,1979,1979,Gable,CompShg,Plywood,Plywood,0.0,TA,TA,Slab,,,,,0,,0,0,0,GasA,TA,Y,SBrkr,1120,1120,0,2240,0,0,2,0,6,2,TA,12,Typ,0,,Detchd,1979.0,Unf,2,528,TA,TA,Y,154,0,0,0,0,0,0,6,2009,WD,Alloca,142953,2240,2.0,0,2240.0,0.31917925334853237,0.0,30,0,1,1,11200,12.0,25,5017600
899,20,RL,100.0,12919,Pave,IR1,Lvl,AllPub,Inside,Gtl,NridgHt,Norm,Norm,1Fam,1Story,9,5,2009,2010,Hip,CompShg,VinylSd,VinylSd,760.0,Ex,TA,PConc,Ex,TA,Gd,GLQ,2188,Unf,0,142,2330,GasA,Ex,Y,SBrkr,2364,0,0,2364,1,0,2,1,2,1,Ex,11,Typ,2,Gd,Attchd,2009.0,Fin,3,820,TA,TA,Y,0,67,0,0,0,0,0,3,2010,New,Partial,611657,4694,3.5,67,31.832167832167833,0.1829862992491679,0.49637835534725183,1,1,0,1,21276,7.0,81,5588496
900,20,RL,65.0,6993,Pave,Reg,Lvl,AllPub,Inside,Gtl,Sawyer,Feedr,Norm,1Fam,1Story,5,7,1961,1994,Gable,CompShg,HdBoard,Plywood,0.0,TA,TA,CBlock,TA,TA,No,BLQ,465,Unf,0,447,912,GasA,TA,Y,SBrkr,1236,0,0,1236,0,0,1,0,3,1,TA,6,Typ,1,TA,Attchd,1961.0,Unf,1,288,TA,TA,Y,0,0,0,0,0,0,0,6,2006,WD,Normal,135000,2148,1.0,0,3.796875,0.17674817674817675,0.4245810055865922,45,0,0,1,6180,3.0,25,1527696
901,20,RL,69.0,7340,Pave,IR1,Lvl,AllPub,Inside,Gtl,NAmes,Norm,Norm,1Fam,1Story,4,6,1971,1971,Gable,CompShg,HdBoard,HdBoard,0.0,TA,TA,CBlock,TA,TA,No,ALQ,322,Unf,0,536,858,GasA,TA,Y,SBrkr,858,0,0,858,0,0,1,0,2,1,TA,4,Typ,0,,Detchd,1979.0,Unf,1,684,TA,TA,Y,0,0,0,0,0,0,0,6,2007,WD,Normal,110000,1716,1.0,0,2.197392923649907,0.11689373297002725,0.5,36,0,0,1,3432,2.0,16,736164
902,20,RL,64.0,8712,Pave,IR1,Lvl,AllPub,Inside,Gtl,NAmes,Norm,Norm,1Fam,1Story,5,7,1957,2000,Hip,CompShg,MetalSd,MetalSd,0.0,TA,Gd,CBlock,TA,TA,Mn,BLQ,860,Unf,0,132,992,GasA,TA,Y,SBrkr,1306,0,0,1306,1,0,1,0,2,1,TA,5,Typ,0,,Detchd,1968.0,Unf,1,756,TA,TA,Y,0,0,0,0,0,0,0,5,2009,WD,Normal,153000,2298,2.0,0,16.285714285714285,0.14990817263544537,0.4316797214969539,52,0,0,1,6530,4.0,25,1705636
903,60,RL,63.0,7875,Pave,Reg,Lvl,AllPub,Inside,Gtl,Gilbert,Norm,Norm,1Fam,2Story,7,5,2003,2003,Gable,CompShg,VinylSd,VinylSd,0.0,Gd,TA,PConc,Gd,TA,No,Unf,0,Unf,0,783,783,GasA,Ex,Y,SBrkr,807,702,0,1509,0,0,2,1,3,1,Gd,8,Typ,1,Gd,Attchd,2003.0,Fin,2,393,TA,TA,Y,0,75,0,0,0,0,0,7,2006,WD,Normal,180000,2292,2.5,75,1.9247448979591837,0.1916190476190476,0.3416230366492147,3,1,1,1,10563,7.5,49,2277081
904,20,RL,50.0,14859,Pave,IR1,HLS,AllPub,CulDSac,Gtl,Gilbert,Norm,Norm,1Fam,1Story,7,5,2006,2006,Hip,CompShg,VinylSd,VinylSd,27.0,Gd,TA,PConc,Gd,TA,No,Unf,0,Unf,0,1670,1670,GasA,Ex,Y,SBrkr,1670,0,0,1670,0,0,2,0,3,1,Gd,7,Typ,1,Gd,Attchd,2006.0,RFn,3,690,TA,TA,Y,144,60,0,0,0,0,0,8,2006,New,Partial,240000,3340,2.0,60,0.9994015559545183,0.1123897974291675,0.5,0,1,0,1,11690,6.0,49,2788900
905,20,RL,69.0,6173,Pave,IR1,Lvl,AllPub,Inside,Gtl,Sawyer,Norm,Norm,1Fam,1Story,5,6,1967,1967,Gable,CompShg,HdBoard,Wd Sdng,75.0,TA,TA,CBlock,TA,TA,No,GLQ,599,Unf,0,277,876,GasA,TA,Y,SBrkr,902,0,0,902,0,0,1,0,3,1,TA,6,Typ,0,,Attchd,1967.0,Unf,1,288,TA,TA,Y,0,0,0,0,0,0,0,8,2007,WD,Normal,125500,1778,1.0,0,5.399280575539568,0.14612020087477726,0.49268841394825647,40,0,0,1,4510,3.0,25,813604
906,20,RL,80.0,9920,Pave,Reg,Lvl,AllPub,Inside,Gtl,NAmes,Norm,Norm,1Fam,1Story,5,5,1954,1954,Gable,CompShg,HdBoard,HdBoard,110.0,TA,TA,CBlock,TA,TA,No,Rec,354,LwQ,290,412,1056,GasA,TA,Y,SBrkr,1063,0,0,1063,1,0,1,0,3,1,TA,6,Typ,0,,Attchd,1954.0,RFn,1,280,TA,TA,Y,0,0,164,0,0,0,0,2,2010,WD,Normal,128000,2119,2.0,164,4.13317191283293,0.10715725806451613,0.49834827748938176,56,0,0,1,5315,6.0,25,1129969
907,20,RL,116.0,13501,Pave,IR1,Lvl,AllPub,Corner,Gtl,Somerst,Norm,Norm,1Fam,1Story,8,5,2006,2006,Gable,CompShg,VinylSd,VinylSd,208.0,Gd,TA,PConc,Gd,TA,No,GLQ,63,Unf,0,1560,1623,GasA,Ex,Y,SBrkr,1636,0,0,1636,1,0,2,0,3,1,Gd,8,Typ,1,Gd,Attchd,2006.0,RFn,3,865,TA,TA,Y,0,60,0,0,0,0,0,6,2007,WD,Normal,255000,3259,3.0,60,1.088404868673927,0.12117620916969113,0.4980055231666155,1,1,0,1,13088,9.0,64,2676496
908,50,RL,86.0,11500,Pave,IR1,Lvl,AllPub,Inside,Gtl,Crawfor,Norm,Norm,1Fam,1.5Fin,7,7,1936,1987,Gable,CompShg,BrkFace,BrkFace,0.0,Gd,TA,CBlock,Gd,TA,No,Rec,223,Unf,0,794,1017,GasA,Gd,Y,SBrkr,1020,1037,0,2057,0,0,1,1,3,1,Gd,6,Typ,1,Gd,Attchd,1936.0,Fin,1,180,Fa,TA,Y,0,0,0,0,322,0,0,6,2006,WD,Normal,250000,3074,1.5,322,2.8679245283018866,0.1788695652173913,0.33083929733246586,70,0,1,1,14399,4.5,49,4231249
909,20,RL,69.0,8885,Pave,IR1,Low,AllPub,Inside,Mod,Mitchel,Norm,Norm,1Fam,1Story,5,5,1983,1983,Gable,CompShg,HdBoard,HdBoard,0.0,TA,TA,CBlock,Gd,TA,Av,BLQ,301,ALQ,324,239,864,GasA,TA,Y,SBrkr,902,0,0,902,1,0,1,0,2,1,TA,5,Typ,0,,Attchd,1983.0,Unf,2,484,TA,TA,Y,164,0,0,0,0,0,0,6,2006,WD,Normal,131000,1766,2.0,0,6.3625,0.10151941474395047,0.48924122310305773,23,0,0,1,4510,4.0,25,813604
910,60,RL,149.0,12589,Pave,IR2,Lvl,AllPub,Inside,Gtl,Gilbert,Norm,Norm,1Fam,2Story,6,5,2005,2005,Gable,CompShg,VinylSd,VinylSd,0.0,Gd,TA,PConc,Gd,TA,No,Unf,0,Unf,0,742,742,GasA,Ex,Y,SBrkr,742,742,0,1484,0,0,2,1,3,1,Gd,8,Typ,1,Gd,Attchd,2005.0,Fin,2,390,TA,TA,Y,36,24,0,0,0,0,0,6,2009,WD,Normal,174000,2226,2.5,24,1.997308209959623,0.11788068949082532,0.3333333333333333,4,0,1,1,8904,7.5,36,2202256
911,90,RL,80.0,11600,Pave,Reg,Lvl,AllPub,Corner,Gtl,NAmes,Feedr,Norm,Duplex,2Story,5,5,1960,1960,Gable,CompShg,MetalSd,MetalSd,361.0,TA,TA,CBlock,TA,TA,No,Rec,443,Unf,0,662,1105,GasA,TA,Y,FuseA,1105,1169,0,2274,0,0,2,0,5,2,TA,12,Typ,0,,Detchd,1960.0,Unf,2,480,TA,TA,Y,0,0,0,0,0,0,0,1,2010,WD,Normal,154300,3379,2.0,0,4.098039215686274,0.19603448275862068,0.32701982835158333,50,0,1,1,11370,10.0,25,5171076
912,20,RL,69.0,9286,Pave,IR1,Lvl,AllPub,CulDSac,Mod,CollgCr,Norm,Norm,1Fam,1Story,5,7,1977,1989,Gable,CompShg,HdBoard,Plywood,0.0,TA,TA,CBlock,Gd,Gd,Av,ALQ,196,Unf,0,1072,1268,GasA,TA,Y,SBrkr,1268,0,0,1268,0,0,1,1,3,1,Gd,5,Typ,0,,Detchd,1978.0,Unf,1,252,TA,TA,Y,173,0,0,0,0,0,0,10,2009,WD,Normal,143500,2536,1.5,0,1.364398881640261,0.1365496446263192,0.5,32,0,0,1,6340,4.5,25,1607824
913,30,RM,51.0,6120,Pave,Reg,Lvl,AllPub,Inside,Gtl,BrkSide,Norm,Norm,1Fam,1Story,5,7,1925,1950,Gable,CompShg,MetalSd,MetalSd,0.0,TA,TA,BrkTil,TA,TA,No,Rec,489,Unf,0,279,768,GasA,TA,N,SBrkr,1015,0,0,1015,0,0,1,0,3,1,TA,6,Min1,0,,Detchd,1925.0,Unf,1,450,TA,TA,Y,0,0,112,0,120,0,620,7,2006,WD,Abnorml,88000,1783,1.0,232,5.371428571428571,0.16584967320261437,0.4307347167694896,81,0,0,1,5075,3.0,25,1030225
914,90,RH,82.0,6270,Pave,Reg,HLS,AllPub,Inside,Gtl,Crawfor,Norm,Norm,Duplex,2Story,5,6,1949,1950,Gable,CompShg,MetalSd,MetalSd,0.0,TA,TA,CBlock,TA,TA,No,BLQ,284,Unf,0,717,1001,GasA,TA,N,FuseA,1001,1001,0,2002,0,0,2,0,4,2,TA,8,Typ,0,,2Types,1949.0,Unf,3,871,TA,TA,Y,0,0,0,0,0,0,0,8,2007,WD,Normal,145000,3003,2.0,0,3.183844011142061,0.3192982456140351,0.3333333333333333,58,0,1,1,10010,8.0,25,4008004
915,160,FV,30.0,3000,Pave,Reg,Lvl,AllPub,Inside,Gtl,Somerst,Norm,Norm,TwnhsE,2Story,6,5,2009,2009,Gable,CompShg,VinylSd,VinylSd,76.0,Gd,TA,PConc,Gd,TA,Av,GLQ,294,Unf,0,318,612,GasA,Ex,Y,SBrkr,612,612,0,1224,0,0,2,1,2,1,Gd,4,Typ,0,,Detchd,2009.0,RFn,2,528,TA,TA,Y,0,234,0,0,0,0,0,6,2009,New,Partial,173733,1836,2.5,234,4.758620689655173,0.408,0.3333333333333333,0,1,1,1,7344,5.0,36,1498176
916,160,RM,21.0,2001,Pave,Reg,Lvl,AllPub,Inside,Gtl,MeadowV,Norm,Norm,Twnhs,2Story,4,5,1970,1970,Gable,CompShg,CemntBd,CmentBd,80.0,TA,TA,CBlock,TA,TA,No,Unf,0,Unf,0,546,546,GasA,Fa,Y,SBrkr,546,546,0,1092,0,0,1,1,3,1,TA,6,Typ,0,,Attchd,1970.0,Unf,1,286,TA,TA,Y,0,0,0,0,0,0,0,1,2007,WD,Normal,75000,1638,1.5,0,1.9963436928702012,0.545727136431784,0.3333333333333333,37,0,1,1,4368,4.5,16,1192464
917,20,C (all),50.0,9000,Pave,Reg,Lvl,AllPub,Inside,Gtl,IDOTRR,Norm,Norm,1Fam,1Story,2,3,1949,1950,Gable,CompShg,AsbShng,AsbShng,0.0,TA,TA,CBlock,TA,TA,Av,BLQ,50,Unf,0,430,480,GasA,TA,N,FuseA,480,0,0,480,1,0,0,0,1,1,TA,4,Typ,0,,Detchd,1958.0,Unf,1,308,TA,TA,Y,0,0,0,0,0,0,0,10,2006,WD,Abnorml,35311,960,1.0,0,1.2296983758700697,0.05333333333333334,0.5,57,0,0,1,960,1.0,4,230400
918,20,RL,69.0,17140,Pave,Reg,Lvl,AllPub,Inside,Gtl,Edwards,Norm,Norm,1Fam,1Story,4,6,1956,1956,Gable,CompShg,VinylSd,VinylSd,0.0,TA,TA,CBlock,TA,TA,No,ALQ,1059,Unf,0,75,1134,GasA,Ex,Y,FuseA,1229,0,0,1229,0,0,1,0,3,1,TA,6,Typ,0,,Attchd,1956.0,RFn,1,284,TA,TA,Y,0,0,0,0,0,0,0,4,2009,WD,Normal,135000,2363,1.0,0,30.105263157894736,0.07170361726954493,0.4798984341938214,53,0,0,1,4916,3.0,16,1510441
919,60,RL,103.0,13125,Pave,IR1,Lvl,AllPub,Corner,Gtl,SawyerW,Norm,Norm,1Fam,2Story,7,5,1991,1991,Gable,CompShg,HdBoard,HdBoard,0.0,Gd,TA,PConc,Ex,TA,Mn,BLQ,48,GLQ,634,422,1104,GasA,Ex,Y,SBrkr,912,1215,0,2127,1,0,2,1,4,1,Gd,8,Typ,1,TA,Attchd,1991.0,RFn,3,833,TA,TA,Y,72,192,224,0,0,0,0,11,2007,WD,Normal,238000,3231,3.5,416,6.640661938534279,0.16205714285714284,0.34168987929433614,16,0,1,1,14889,14.0,49,4524129
920,20,RL,87.0,11029,Pave,IR1,Lvl,AllPub,Corner,Gtl,NAmes,Norm,Norm,1Fam,1Story,6,8,1958,2002,Hip,CompShg,MetalSd,MetalSd,0.0,Ex,TA,CBlock,Gd,TA,No,ALQ,528,BLQ,411,245,1184,GasA,Ex,Y,SBrkr,1414,0,0,1414,1,0,1,0,3,1,TA,6,Min1,1,TA,Attchd,1990.0,Unf,2,601,TA,TA,Y,0,51,0,0,190,0,0,5,2008,WD,Normal,176500,2598,2.0,241,9.565040650406504,0.12820745307824827,0.45573518090839105,50,0,0,1,8484,6.0,36,1999396
921,60,RL,70.0,8462,Pave,IR1,Lvl,AllPub,Inside,Gtl,SawyerW,Norm,Norm,1Fam,2Story,6,5,1994,1994,Gable,CompShg,HdBoard,HdBoard,105.0,Gd,Gd,PConc,Gd,Gd,No,GLQ,814,Unf,0,114,928,GasA,Ex,Y,SBrkr,936,785,0,1721,0,1,2,1,3,1,Gd,7,Typ,0,,Attchd,1994.0,RFn,2,471,TA,TA,Y,300,87,0,0,0,0,0,7,2007,WD,Normal,201000,2649,3.0,87,22.043478260869566,0.2033798156464193,0.3503208758021895,13,0,1,1,10326,9.0,36,2961841
922,90,RL,67.0,8777,Pave,Reg,Lvl,AllPub,Inside,Gtl,Edwards,Feedr,Norm,Duplex,1.5Fin,5,7,1900,2003,Gable,CompShg,MetalSd,MetalSd,0.0,TA,TA,CBlock,TA,TA,No,ALQ,1084,Unf,0,188,1272,GasA,Gd,Y,SBrkr,1272,928,0,2200,2,0,2,2,4,2,TA,9,Typ,0,,,0.0,,0,0,,,N,0,70,0,0,0,0,0,9,2008,WD,Normal,145900,3472,5.0,70,17.375661375661377,0.25065512133986556,0.3663594470046083,108,0,1,0,11000,20.0,25,4840000
923,20,RL,65.0,10237,Pave,Reg,Lvl,AllPub,Inside,Gtl,Gilbert,RRAn,Norm,1Fam,1Story,6,5,2005,2006,Gable,CompShg,VinylSd,VinylSd,0.0,Gd,TA,PConc,Gd,TA,No,GLQ,28,Unf,0,1288,1316,GasA,Ex,Y,SBrkr,1316,0,0,1316,0,0,2,0,3,1,Gd,6,Typ,1,Gd,Attchd,2005.0,Fin,2,397,TA,TA,Y,100,0,0,23,0,0,0,10,2006,New,Partial,169990,2632,2.0,23,1.0426687354538402,0.12855328709582886,0.5,1,1,0,1,7896,6.0,36,1731856
924,120,RL,50.0,8012,Pave,Reg,Lvl,AllPub,Inside,Gtl,SawyerW,Norm,Norm,TwnhsE,1Story,6,5,1993,1994,Gable,CompShg,Plywood,Plywood,0.0,Gd,TA,PConc,Gd,TA,No,LwQ,165,GLQ,841,598,1604,GasA,Ex,Y,SBrkr,1617,0,0,1617,1,0,2,0,2,1,Gd,5,Typ,1,Fa,Attchd,1993.0,RFn,2,533,TA,TA,Y,0,69,0,0,0,0,0,7,2008,WD,Normal,193000,3221,3.0,69,4.378964941569282,0.20182226660009986,0.49798199316982306,15,0,0,1,9702,6.0,36,2614689
925,20,RL,79.0,10240,Pave,Reg,Lvl,AllPub,Inside,Gtl,NWAmes,Norm,Norm,1Fam,1Story,6,6,1980,1980,Gable,CompShg,Plywood,Plywood,157.0,TA,Gd,CBlock,Gd,TA,No,BLQ,625,LwQ,1061,0,1686,GasA,TA,Y,SBrkr,1686,0,0,1686,1,0,2,0,3,1,TA,7,Typ,1,TA,Attchd,1980.0,Unf,2,612,TA,TA,Y,384,131,0,0,0,0,0,5,2006,WD,Normal,207500,3372,3.0,131,3372.0,0.1646484375,0.5,26,0,0,1,10116,9.0,36,2842596
926,20,RL,69.0,15611,Pave,IR1,Lvl,AllPub,Corner,Gtl,NWAmes,Norm,Norm,1Fam,1Story,5,6,1977,1977,Gable,CompShg,VinylSd,VinylSd,0.0,TA,TA,PConc,Gd,TA,Av,ALQ,767,LwQ,93,266,1126,GasA,TA,Y,SBrkr,1126,0,0,1126,0,1,2,0,3,1,Ex,6,Typ,0,,Attchd,1977.0,RFn,2,540,TA,TA,Y,180,0,0,0,0,0,0,3,2008,WD,Abnorml,175000,2252,2.5,0,7.438202247191011,0.07212862725001601,0.5,31,0,0,1,5630,7.5,25,1267876
927,60,RL,93.0,11999,Pave,Reg,Lvl,AllPub,Inside,Gtl,NridgHt,Norm,Norm,1Fam,2Story,8,5,2003,2004,Hip,CompShg,VinylSd,VinylSd,340.0,Gd,TA,PConc,Gd,TA,No,Unf,0,Unf,0,1181,1181,GasA,Ex,Y,SBrkr,1234,1140,0,2374,0,0,2,1,4,1,Ex,10,Typ,1,Gd,BuiltIn,2003.0,Fin,3,656,TA,TA,Y,104,100,0,0,0,0,0,5,2007,WD,Normal,285000,3555,2.5,100,2.008460236886633,0.19784982081840152,0.33220815752461325,4,0,1,1,18992,10.0,64,5635876
928,60,RL,69.0,9900,Pave,Reg,Lvl,AllPub,Inside,Gtl,NWAmes,Feedr,Norm,1Fam,2Story,7,5,1968,1968,Gable,CompShg,MetalSd,MetalSd,342.0,TA,TA,CBlock,TA,TA,No,BLQ,552,Unf,0,280,832,GasA,Gd,Y,SBrkr,1098,880,0,1978,0,0,2,1,4,1,TA,9,Typ,1,Gd,Attchd,1968.0,RFn,2,486,TA,TA,Y,0,43,0,0,0,0,0,4,2008,WD,Normal,176000,2810,2.5,43,9.00355871886121,0.1997979797979798,0.296085409252669,40,0,1,1,13846,10.0,49,3912484
929,20,RL,69.0,11838,Pave,Reg,Lvl,AllPub,Inside,Gtl,CollgCr,Norm,Norm,1Fam,1Story,8,5,2001,2001,Hip,CompShg,VinylSd,VinylSd,0.0,Gd,TA,PConc,Gd,TA,Av,Unf,0,Unf,0,1753,1753,GasA,Ex,Y,SBrkr,1788,0,0,1788,0,0,2,0,3,1,Ex,7,Typ,1,TA,Attchd,2001.0,RFn,2,522,TA,TA,Y,202,151,0,0,0,0,0,6,2009,WD,Normal,236500,3541,2.0,151,1.0193842645381983,0.15103902686264573,0.4950578932504942,8,0,0,1,14304,6.0,64,3196944
930,60,RL,69.0,13006,Pave,IR1,Lvl,AllPub,Corner,Gtl,Gilbert,Norm,Norm,1Fam,2Story,7,5,1997,1997,Gable,CompShg,HdBoard,HdBoard,285.0,TA,TA,PConc,Gd,TA,No,Unf,0,Unf,0,964,964,GasA,Gd,Y,SBrkr,993,1243,0,2236,0,0,2,1,4,1,Gd,8,Typ,1,TA,BuiltIn,1997.0,Fin,2,642,TA,TA,Y,0,0,0,0,0,0,0,11,2006,WD,Normal,222000,3200,2.5,0,2.317098445595855,0.1719206520067661,0.30125,9,0,1,1,15652,10.0,49,4999696
931,20,RL,73.0,8925,Pave,IR1,HLS,AllPub,Inside,Gtl,Timber,Norm,Norm,1Fam,1Story,8,5,2007,2007,Gable,CompShg,VinylSd,VinylSd,0.0,Gd,TA,PConc,Gd,TA,Av,GLQ,16,Unf,0,1450,1466,GasA,Ex,Y,SBrkr,1466,0,0,1466,0,0,2,0,3,1,Gd,7,Typ,0,,Attchd,2007.0,Fin,3,610,TA,TA,Y,100,18,0,0,0,0,0,7,2009,WD,Normal,201000,2932,2.0,18,1.0213645761543764,0.1642577030812325,0.5,2,1,0,1,11728,6.0,64,2149156
932,20,RL,70.0,9100,Pave,Reg,Lvl,AllPub,Inside,Gtl,NAmes,Norm,Norm,1Fam,1Story,5,6,1965,1965,Gable,CompShg,VinylSd,VinylSd,0.0,TA,TA,CBlock,TA,TA,No,BLQ,338,Rec,466,121,925,GasA,Ex,Y,SBrkr,925,0,0,925,0,1,1,0,2,1,TA,5,Typ,0,,Detchd,1965.0,Unf,1,429,TA,TA,Y,0,0,0,0,0,0,0,7,2009,WD,Normal,117500,1850,1.5,0,14.172131147540984,0.10164835164835165,0.5,44,0,0,1,4625,3.0,25,855625
933,20,RL,84.0,11670,Pave,IR1,Lvl,AllPub,Corner,Gtl,Somerst,RRNn,Norm,1Fam,1Story,9,5,2006,2006,Hip,CompShg,VinylSd,ImStucc,302.0,Ex,TA,PConc,Ex,Gd,No,Unf,0,Unf,0,1905,1905,GasA,Ex,Y,SBrkr,1905,0,0,1905,0,0,2,0,3,1,Ex,8,Typ,1,Gd,Attchd,2006.0,Fin,3,788,TA,TA,Y,0,191,0,0,0,0,0,3,2007,WD,Normal,320000,3810,2.0,191,0.9994753410283316,0.16323907455012854,0.5,1,1,0,1,17145,6.0,81,3629025
934,20,RL,63.0,8487,Pave,Reg,Lvl,AllPub,FR2,Gtl,CollgCr,Norm,Norm,1Fam,1Story,7,5,2004,2004,Gable,CompShg,VinylSd,VinylSd,210.0,Gd,TA,PConc,Gd,TA,Av,GLQ,20,Unf,0,1480,1500,GasA,Ex,Y,SBrkr,1500,0,0,1500,0,0,2,0,3,1,Gd,6,Typ,0,,Attchd,2004.0,RFn,2,570,TA,TA,Y,192,36,0,0,0,0,0,8,2009,WD,Normal,190000,3000,2.0,36,1.026333558406482,0.17674089784376104,0.5,5,0,0,1,10500,6.0,49,2250000
935,20,RL,313.0,27650,Pave,IR2,HLS,AllPub,Inside,Mod,NAmes,PosA,Norm,1Fam,1Story,7,7,1960,2007,Flat,Tar&Grv,Wd Sdng,Wd Sdng,0.0,TA,TA,CBlock,Gd,TA,Gd,GLQ,425,Unf,0,160,585,GasA,Ex,Y,SBrkr,2069,0,0,2069,1,0,2,0,4,1,Gd,9,Typ,1,Gd,Attchd,1960.0,RFn,2,505,TA,TA,Y,0,0,0,0,0,0,0,11,2008,WD,Normal,242000,2654,3.0,0,15.490683229813664,0.07482820976491862,0.220422004521477,48,0,0,1,14483,12.0,49,4280761
936,30,RL,52.0,5825,Pave,IR1,Lvl,AllPub,Inside,Gtl,BrkSide,Norm,Norm,1Fam,1Story,4,5,1926,1953,Gable,CompShg,MetalSd,MetalSd,108.0,TA,Gd,PConc,Fa,TA,Mn,Unf,0,Unf,0,600,600,GasA,Gd,Y,SBrkr,747,0,0,747,0,0,1,0,1,1,TA,5,Typ,0,,Detchd,1953.0,Unf,2,528,TA,TA,Y,0,0,32,0,0,0,0,6,2006,WD,Normal,79900,1347,1.0,32,1.242928452579035,0.12824034334763948,0.44543429844098,80,0,0,1,2988,1.0,16,558009
937,20,RL,67.0,10083,Pave,Reg,Lvl,AllPub,Inside,Gtl,SawyerW,Norm,Norm,1Fam,1Story,7,5,2003,2003,Gable,CompShg,VinylSd,VinylSd,0.0,Gd,TA,PConc,Gd,TA,No,GLQ,833,Unf,0,343,1176,GasA,Ex,Y,SBrkr,1200,0,0,1200,1,0,2,0,2,1,Gd,5,Typ,0,,Attchd,2003.0,RFn,2,555,TA,TA,Y,0,41,0,0,0,0,0,8,2009,WD,Normal,184900,2376,3.0,41,5.909883720930233,0.11901219875037192,0.494949494949495,6,0,0,1,8400,6.0,49,1440000
938,60,RL,75.0,9675,Pave,Reg,Lvl,AllPub,Inside,Gtl,Somerst,Norm,Norm,1Fam,2Story,7,5,2005,2005,Gable,CompShg,VinylSd,VinylSd,0.0,Gd,TA,PConc,Gd,TA,Mn,GLQ,341,Unf,0,772,1113,GasA,Ex,Y,SBrkr,1113,858,0,1971,0,0,2,1,3,1,Gd,8,Typ,1,Gd,Attchd,2005.0,RFn,2,689,TA,TA,Y,0,48,0,0,0,0,0,2,2009,WD,Normal,253000,3084,2.5,48,2.9909443725743854,0.20372093023255813,0.36089494163424124,4,0,1,1,13797,7.5,49,3884841
939,60,RL,73.0,8760,Pave,Reg,Lvl,AllPub,Inside,Gtl,CollgCr,Norm,Norm,1Fam,2Story,7,5,2006,2006,Gable,CompShg,VinylSd,VinylSd,0.0,Gd,TA,PConc,Gd,Gd,Mn,GLQ,464,Unf,0,927,1391,GasA,Ex,Y,SBrkr,1391,571,0,1962,0,0,2,1,3,1,Gd,7,Typ,0,,Attchd,2006.0,RFn,3,868,TA,TA,Y,0,90,0,0,0,0,0,8,2006,New,Partial,239799,3353,2.5,90,2.6142241379310347,0.22397260273972602,0.4148523710110349,0,1,1,1,13734,7.5,49,3849444
940,70,RL,69.0,24090,Pave,Reg,Lvl,AllPub,Inside,Gtl,ClearCr,Norm,Norm,1Fam,2Story,7,7,1940,1950,Gable,CompShg,MetalSd,MetalSd,0.0,TA,Gd,CBlock,TA,TA,Mn,Unf,0,Unf,0,1032,1032,GasA,Ex,Y,SBrkr,1207,1196,0,2403,0,0,2,0,4,1,TA,10,Typ,2,TA,Attchd,1940.0,Unf,1,349,TA,TA,Y,56,0,318,0,0,0,0,6,2010,COD,Normal,244400,3435,2.0,318,2.3262342691190705,0.09975093399750934,0.30043668122270745,70,0,1,1,16821,8.0,49,5774409
941,90,RL,55.0,12640,Pave,IR1,Lvl,AllPub,Inside,Gtl,Mitchel,Norm,Norm,Duplex,1Story,6,5,1976,1976,Gable,CompShg,Plywood,Plywood,0.0,TA,TA,CBlock,TA,TA,Gd,Rec,936,LwQ,396,396,1728,GasA,TA,Y,SBrkr,1728,0,0,1728,0,0,2,0,4,2,TA,8,Typ,0,,Attchd,1976.0,Unf,2,574,TA,TA,Y,40,0,0,0,0,0,0,7,2006,WD,Normal,150900,3456,2.0,0,7.707808564231738,0.13670886075949368,0.5,30,0,0,1,10368,8.0,36,2985984
942,60,RL,69.0,8755,Pave,IR1,Lvl,AllPub,FR2,Gtl,Gilbert,RRNn,Norm,1Fam,2Story,7,5,1999,1999,Gable,CompShg,VinylSd,VinylSd,298.0,Gd,TA,PConc,Gd,TA,No,ALQ,772,Unf,0,220,992,GasA,Ex,Y,SBrkr,1022,1038,0,2060,1,0,2,1,3,1,Gd,8,Typ,1,TA,BuiltIn,1999.0,RFn,2,390,TA,TA,Y,0,0,0,168,0,0,0,6,2009,WD,Normal,214000,3052,3.5,168,12.81447963800905,0.23529411764705882,0.32503276539973786,10,0,1,1,14420,10.5,49,4243600
943,90,RL,42.0,7711,Pave,IR1,Lvl,AllPub,Inside,Gtl,Edwards,Norm,Norm,Duplex,1Story,4,3,1977,1977,Gable,CompShg,MetalSd,MetalSd,0.0,TA,TA,PConc,Gd,TA,Gd,GLQ,1440,Unf,0,0,1440,GasA,TA,Y,SBrkr,1440,0,0,1440,2,0,2,0,4,2,TA,8,Typ,0,,,0.0,,0,0,,,N,321,0,0,0,0,0,0,8,2007,Oth,Abnorml,150000,2880,4.0,0,2880.0,0.18674620671767606,0.5,30,0,0,0,5760,16.0,16,2073600
944,90,RL,100.0,25000,Pave,Reg,Low,AllPub,Inside,Gtl,Mitchel,Norm,Norm,Duplex,1Story,5,4,1967,1967,Gable,CompShg,HdBoard,Plywood,0.0,TA,TA,CBlock,TA,TA,Av,Unf,0,Unf,0,1632,1632,GasA,TA,Y,SBrkr,1632,0,0,1632,0,0,2,0,4,2,TA,8,Typ,0,,Attchd,1967.0,Unf,2,576,TA,TA,P,0,0,0,0,0,0,0,6,2007,WD,Normal,143000,3264,2.0,0,0.9993876301285977,0.06528,0.5,40,0,0,1,8160,8.0,25,2663424
945,20,RL,69.0,14375,Pave,IR1,Lvl,NoSeWa,CulDSac,Gtl,Timber,Norm,Norm,1Fam,SLvl,6,6,1958,1958,Gable,CompShg,HdBoard,HdBoard,541.0,TA,TA,CBlock,TA,TA,No,GLQ,111,Rec,354,354,819,GasA,Gd,Y,FuseA,1344,0,0,1344,0,1,1,0,3,1,Gd,7,Typ,1,Gd,Basment,1958.0,RFn,2,525,TA,TA,Y,0,118,0,0,233,0,0,1,2009,COD,Abnorml,137500,2163,1.5,351,5.095774647887324,0.09349565217391305,0.3786407766990291,51,0,0,1,8064,4.5,36,1806336
946,50,RM,98.0,8820,Pave,Reg,Lvl,AllPub,Corner,Gtl,OldTown,Norm,Norm,1Fam,1.5Fin,5,6,1890,1996,Hip,CompShg,VinylSd,VinylSd,0.0,TA,TA,BrkTil,TA,TA,No,LwQ,1088,Unf,0,0,1088,GasA,TA,Y,SBrkr,1188,561,120,1869,0,0,1,0,2,1,TA,7,Typ,0,,Detchd,1963.0,Unf,2,456,TA,TA,Y,48,0,244,0,0,0,0,9,2009,WD,Normal,124900,2837,1.0,244,2957.0,0.2119047619047619,0.38350370109270354,119,0,1,1,9345,2.0,25,3493161
947,80,RL,70.0,8163,Pave,Reg,Lvl,AllPub,Inside,Gtl,NAmes,Norm,Norm,1Fam,SLvl,5,6,1959,1959,Gable,CompShg,HdBoard,HdBoard,128.0,TA,Gd,CBlock,TA,TA,Av,ALQ,748,BLQ,294,102,1144,GasA,TA,Y,SBrkr,1144,0,0,1144,1,0,1,0,3,1,TA,6,Typ,1,TA,Attchd,1959.0,RFn,1,796,TA,TA,Y,86,0,0,0,0,0,0,3,2006,WD,Normal,143000,2288,2.0,0,21.223300970873787,0.1401445546980277,0.5,47,0,0,1,5720,6.0,25,1308736
948,20,RL,85.0,14536,Pave,Reg,Lvl,AllPub,Inside,Gtl,Timber,Norm,Norm,1Fam,1Story,8,5,2002,2003,Hip,CompShg,VinylSd,VinylSd,236.0,Gd,TA,PConc,Gd,TA,Av,GLQ,1300,Unf,0,316,1616,GasA,Ex,Y,SBrkr,1629,0,0,1629,1,0,2,0,3,1,Gd,9,Typ,1,Gd,Attchd,2002.0,Fin,3,808,TA,TA,Y,0,252,0,0,0,0,0,11,2007,WD,Normal,270000,3245,3.0,252,9.239747634069401,0.11206659328563566,0.4979969183359014,5,0,0,1,13032,9.0,64,2653641
949,60,RL,65.0,14006,Pave,IR1,Lvl,AllPub,Inside,Gtl,CollgCr,Norm,Norm,1Fam,2Story,7,5,2002,2002,Gable,CompShg,VinylSd,VinylSd,144.0,Gd,TA,PConc,Gd,TA,,Unf,0,Unf,0,936,936,GasA,Ex,Y,SBrkr,936,840,0,1776,0,0,2,1,3,1,Gd,7,Typ,1,TA,Attchd,2002.0,RFn,2,474,TA,TA,Y,144,96,0,0,0,0,0,2,2006,WD,Normal,192500,2712,2.5,96,1.895410885805763,0.12680279880051407,0.34513274336283184,4,0,1,1,12432,7.5,49,3154176
950,20,RL,78.0,9360,Pave,Reg,Lvl,AllPub,Inside,Gtl,NWAmes,Norm,Norm,1Fam,1Story,6,7,1972,2006,Hip,CompShg,Plywood,Plywood,0.0,TA,TA,CBlock,TA,TA,No,ALQ,982,Unf,0,179,1161,GasA,TA,Y,SBrkr,1381,0,0,1381,1,0,1,1,3,1,Gd,5,Typ,1,TA,Attchd,1972.0,RFn,2,676,TA,TA,Y,0,0,0,0,0,0,0,3,2010,WD,Normal,197500,2542,2.5,0,13.127777777777778,0.14754273504273505,0.45672698662470496,38,0,0,1,8286,7.5,36,1907161
951,20,RL,60.0,7200,Pave,Reg,Lvl,AllPub,Inside,Gtl,NAmes,Norm,Norm,1Fam,1Story,5,8,1950,2002,Gable,CompShg,VinylSd,VinylSd,0.0,TA,TA,CBlock,TA,TA,No,ALQ,398,BLQ,149,317,864,GasA,Gd,Y,SBrkr,864,0,0,864,1,0,1,0,3,1,Gd,5,Typ,0,,Detchd,1980.0,RFn,2,720,TA,TA,Y,194,0,0,0,0,0,0,7,2007,WD,Normal,129000,1728,2.0,0,4.437106918238993,0.12,0.5,57,0,0,1,4320,6.0,25,746496
952,20,RH,60.0,7800,Pave,Reg,Lvl,AllPub,Corner,Gtl,SawyerW,Norm,Norm,1Fam,1Story,5,5,1965,1965,Gable,CompShg,VinylSd,VinylSd,0.0,TA,TA,CBlock,TA,TA,No,BLQ,641,Unf,0,187,828,GasA,Gd,Y,SBrkr,965,0,0,965,1,0,1,0,3,1,TA,6,Typ,0,,Detchd,1979.0,Unf,1,300,TA,TA,Y,421,0,0,0,0,0,0,7,2006,WD,Abnorml,119900,1793,2.0,0,8.542553191489361,0.12371794871794872,0.4617958728388176,41,0,0,1,4825,6.0,25,931225
953,85,RL,60.0,7200,Pave,Reg,Lvl,AllPub,Inside,Gtl,CollgCr,Norm,Norm,1Fam,SFoyer,5,8,1972,2003,Gable,CompShg,WdShing,HdBoard,0.0,TA,Gd,CBlock,Gd,TA,Av,GLQ,660,Unf,0,108,768,GasA,Gd,Y,SBrkr,768,0,0,768,0,1,1,0,2,1,TA,5,Typ,0,,Detchd,1974.0,Fin,1,396,TA,TA,Y,192,0,0,0,0,0,0,4,2009,WD,Normal,133900,1536,1.5,0,13.100917431192661,0.10666666666666667,0.5,37,0,0,1,3840,3.0,25,589824
954,60,RL,69.0,11075,Pave,IR1,Lvl,AllPub,Inside,Mod,Mitchel,Norm,Norm,1Fam,2Story,5,4,1969,1969,Gable,CompShg,HdBoard,HdBoard,232.0,TA,TA,CBlock,TA,TA,Av,ALQ,562,LwQ,193,29,784,GasA,Ex,Y,SBrkr,1168,800,0,1968,0,1,2,1,4,1,TA,7,Min2,1,Po,Attchd,1969.0,RFn,2,530,TA,TA,Y,305,189,0,0,0,0,400,9,2008,WD,Normal,172000,2752,3.0,189,90.76666666666667,0.1776975169300226,0.28488372093023256,39,0,1,1,9840,12.0,25,3873024
955,90,RL,35.0,9400,Pave,IR1,Lvl,AllPub,CulDSac,Gtl,Edwards,Norm,Norm,Duplex,SFoyer,6,5,1975,1975,Flat,Tar&Grv,WdShing,Plywood,250.0,TA,TA,CBlock,Gd,Gd,Gd,GLQ,945,Unf,0,0,945,GasA,TA,Y,SBrkr,980,0,0,980,0,2,2,0,4,0,TA,4,Typ,0,,,0.0,,0,0,,,Y,0,0,0,0,0,0,0,10,2006,WD,AdjLand,127500,1925,3.0,0,1925.0,0.10425531914893617,0.4909090909090909,31,0,0,0,5880,12.0,36,960400
956,90,RH,82.0,7136,Pave,IR1,HLS,AllPub,Inside,Gtl,Crawfor,Norm,Norm,Duplex,2Story,6,6,1946,1950,Gable,CompShg,MetalSd,MetalSd,423.0,TA,TA,CBlock,Gd,TA,No,Rec,484,Unf,0,495,979,GasA,TA,N,FuseF,979,979,0,1958,0,0,2,0,4,2,TA,8,Typ,0,,Attchd,1946.0,Unf,2,492,TA,TA,Y,0,0,0,0,0,0,0,8,2007,WD,Normal,145000,2937,2.0,0,4.923387096774194,0.2743834080717489,0.3333333333333333,61,0,1,1,11748,8.0,36,3833764
957,160,RM,24.0,1300,Pave,Reg,Lvl,AllPub,Inside,Gtl,Blueste,Norm,Norm,TwnhsE,2Story,6,6,1980,1980,Gable,CompShg,MetalSd,MetalSd,0.0,TA,TA,CBlock,Gd,TA,No,ALQ,285,Unf,0,276,561,GasA,TA,Y,SBrkr,561,668,0,1229,0,0,1,1,2,1,TA,5,Typ,1,TA,Attchd,1980.0,Fin,2,462,TA,TA,Y,150,0,0,0,0,0,0,5,2009,WD,Normal,124000,1790,1.5,0,5.465703971119134,0.9453846153846154,0.31340782122905025,29,0,1,1,7374,3.0,36,1510441
958,20,RL,70.0,7420,Pave,Reg,Lvl,AllPub,Inside,Gtl,Sawyer,Norm,Norm,1Fam,1Story,5,5,1962,1962,Hip,CompShg,MetalSd,MetalSd,0.0,TA,TA,CBlock,TA,TA,No,Rec,417,Unf,0,640,1057,GasA,TA,Y,SBrkr,1057,0,0,1057,0,0,1,0,3,1,TA,6,Typ,0,,Detchd,1977.0,Fin,2,576,TA,TA,Y,0,0,0,0,0,0,0,4,2007,WD,Normal,132000,2114,1.0,0,2.299531981279251,0.14245283018867924,0.5,45,0,0,1,5285,3.0,25,1117249
959,20,RL,65.0,8450,Pave,Reg,Lvl,AllPub,Inside,Gtl,CollgCr,Norm,Norm,1Fam,1Story,7,5,2003,2003,Gable,CompShg,VinylSd,VinylSd,0.0,Gd,TA,PConc,Gd,TA,Mn,GLQ,699,Unf,0,638,1337,GasA,Ex,Y,SBrkr,1337,0,0,1337,1,0,2,0,3,1,Gd,6,Typ,0,,Attchd,2003.0,RFn,2,531,TA,TA,Y,0,39,0,0,0,0,0,10,2007,WD,Normal,185000,2674,3.0,39,3.1862284820031297,0.15822485207100592,0.5,4,0,0,1,9359,9.0,49,1787569
960,160,FV,24.0,2572,Pave,Reg,Lvl,AllPub,FR2,Gtl,Somerst,Norm,Norm,Twnhs,2Story,7,5,1999,1999,Hip,CompShg,MetalSd,MetalSd,0.0,Gd,TA,PConc,Gd,TA,No,ALQ,604,Unf,0,92,696,GasA,Ex,Y,SBrkr,696,720,0,1416,1,0,2,1,3,1,Gd,6,Typ,0,,Detchd,1999.0,Unf,2,484,TA,TA,Y,0,44,0,0,0,0,0,5,2010,WD,Normal,155000,2112,3.5,44,21.72043010752688,0.5505443234836703,0.32954545454545453,11,0,1,1,9912,10.5,49,2005056
961,20,RL,50.0,7207,Pave,IR1,Lvl,AllPub,Inside,Gtl,BrkSide,Norm,Norm,1Fam,1Story,5,7,1958,2008,Gable,CompShg,Wd Sdng,Plywood,0.0,TA,Gd,CBlock,TA,TA,Gd,BLQ,696,Unf,0,162,858,GasA,Gd,Y,SBrkr,858,0,0,858,1,0,1,0,2,1,TA,4,Typ,0,,,0.0,,0,0,,,Y,117,0,0,0,0,0,0,2,2010,WD,Normal,116500,1716,2.0,0,9.533742331288343,0.11905092271402803,0.5,52,0,0,0,4290,4.0,25,736164
962,60,RL,69.0,12227,Pave,IR1,Lvl,AllPub,Corner,Gtl,NWAmes,PosN,Norm,1Fam,2Story,6,7,1977,1995,Gable,CompShg,HdBoard,HdBoard,424.0,TA,Gd,CBlock,Gd,Gd,No,ALQ,896,Unf,0,434,1330,GasA,TA,Y,SBrkr,1542,1330,0,2872,1,0,2,1,4,1,TA,11,Typ,1,TA,Attchd,1977.0,Fin,2,619,TA,TA,Y,550,282,0,0,0,0,0,7,2008,WD,Normal,272000,4202,3.5,282,8.662068965517241,0.23488999754641368,0.3165159447881961,31,0,1,1,17232,14.0,36,8248384
963,160,RL,24.0,2308,Pave,Reg,Lvl,AllPub,Corner,Gtl,NPkVill,Norm,Norm,TwnhsE,2Story,6,6,1976,1976,Gable,CompShg,Plywood,Brk Cmn,0.0,TA,TA,CBlock,Gd,TA,No,ALQ,556,Unf,0,248,804,GasA,TA,Y,SBrkr,804,744,0,1548,1,0,2,1,3,1,Gd,7,Typ,1,TA,Detchd,1976.0,Unf,2,440,TA,TA,Y,48,0,0,0,0,0,0,7,2007,WD,Normal,155000,2352,3.5,0,8.449799196787149,0.6707105719237435,0.34183673469387754,31,0,1,1,9288,10.5,36,2396304
964,20,RL,122.0,11923,Pave,IR1,Lvl,AllPub,Corner,Gtl,CollgCr,Norm,Norm,1Fam,1Story,9,5,2007,2007,Gable,CompShg,VinylSd,VinylSd,0.0,Gd,TA,PConc,Ex,TA,No,Unf,0,Unf,0,1800,1800,GasA,Ex,Y,SBrkr,1800,0,0,1800,0,0,2,0,2,1,Ex,7,Typ,0,,Attchd,2007.0,Fin,2,702,TA,TA,Y,288,136,0,0,0,0,0,5,2009,WD,Normal,239000,3600,2.0,136,0.9994447529150472,0.15096871592719954,0.5,2,1,0,1,16200,4.0,81,3240000
965,60,RL,80.0,11316,Pave,Reg,Lvl,AllPub,Corner,Gtl,Timber,Norm,Norm,1Fam,2Story,7,5,2002,2003,Gable,CompShg,VinylSd,VinylSd,44.0,Gd,TA,PConc,Gd,TA,No,GLQ,624,Unf,0,193,817,GasA,Ex,Y,SBrkr,824,1070,0,1894,1,0,2,1,4,1,Gd,8,Typ,1,Gd,BuiltIn,2002.0,Fin,2,510,TA,TA,Y,0,40,0,0,0,0,0,2,2010,WD,Normal,214900,2711,3.5,40,12.97938144329897,0.16737363025804172,0.3013648100331981,8,0,1,1,13258,14.0,49,3587236
966,60,RL,65.0,10237,Pave,Reg,Lvl,AllPub,Inside,Gtl,Gilbert,RRAn,Norm,1Fam,2Story,6,5,2005,2007,Gable,CompShg,VinylSd,VinylSd,0.0,Gd,TA,PConc,Gd,TA,No,Unf,0,Unf,0,783,783,GasA,Ex,Y,SBrkr,783,701,0,1484,0,0,2,1,3,1,Gd,8,Typ,1,Gd,Attchd,2005.0,Fin,2,393,TA,TA,Y,0,72,0,0,0,0,0,7,2007,New,Partial,178900,2267,2.5,72,1.8928571428571428,0.14496434502295594,0.3453903837670931,2,1,1,1,8904,7.5,36,2202256
967,50,RL,130.0,9600,Pave,IR1,HLS,AllPub,Inside,Gtl,Crawfor,Norm,Norm,1Fam,1.5Fin,5,7,1940,1950,Gable,CompShg,MetalSd,MetalSd,0.0,Gd,Gd,BrkTil,TA,Fa,No,Rec,428,Unf,0,300,728,GasA,Ex,Y,SBrkr,976,332,0,1308,1,0,1,1,2,1,TA,7,Min2,2,TA,Detchd,1940.0,Unf,1,256,TA,TA,Y,0,70,0,0,0,0,0,6,2009,WD,Normal,160000,2036,2.5,70,5.767441860465116,0.13625,0.3575638506876228,69,0,1,1,6540,5.0,25,1710864
968,20,RL,69.0,7390,Pave,IR1,Lvl,AllPub,Inside,Gtl,NAmes,Norm,Norm,1Fam,1Story,5,7,1955,1955,Hip,CompShg,Wd Sdng,Wd Sdng,151.0,TA,TA,CBlock,TA,TA,No,ALQ,902,Unf,0,196,1098,GasA,TA,Y,SBrkr,1098,0,0,1098,1,0,1,0,3,1,TA,6,Typ,0,,Attchd,1955.0,Unf,1,260,TA,TA,Y,0,0,0,0,0,0,0,7,2008,WD,Normal,135000,2196,2.0,0,10.152284263959391,0.14857916102841678,0.5,53,0,0,1,5490,6.0,25,1205604
969,50,RM,50.0,5925,Pave,Reg,Lvl,AllPub,Inside,Gtl,OldTown,Norm,Norm,1Fam,1.5Fin,3,6,1910,1950,Gable,CompShg,VinylSd,VinylSd,0.0,TA,TA,BrkTil,TA,TA,No,Unf,0,Unf,0,600,600,Grav,Fa,N,SBrkr,600,368,0,968,0,0,1,0,2,1,TA,6,Typ,0,,,0.0,,0,0,,,Y,0,0,0,0,0,0,0,5,2009,WD,Abnorml,37900,1568,1.0,0,1.6106489184692179,0.16337552742616035,0.3826530612244898,99,0,1,0,2904,2.0,9,937024
970,190,RL,75.0,10382,Pave,Reg,Lvl,AllPub,Inside,Gtl,NAmes,Norm,Norm,2fmCon,SLvl,6,5,1958,1958,Hip,CompShg,HdBoard,HdBoard,105.0,TA,Fa,CBlock,TA,TA,Gd,ALQ,513,Unf,0,75,588,GasA,TA,Y,SBrkr,1095,0,0,1095,1,0,1,0,2,1,TA,6,Typ,0,,Attchd,1958.0,RFn,1,264,TA,TA,Y,0,0,0,0,0,0,0,3,2006,ConLD,Normal,140000,1683,2.0,0,21.157894736842106,0.10547100751300327,0.3493761140819964,48,0,0,1,6570,4.0,36,1199025
971,50,RL,60.0,10800,Pave,Reg,Lvl,AllPub,Inside,Gtl,NAmes,Norm,Norm,1Fam,1.5Fin,4,4,1949,1950,Gable,CompShg,AsbShng,AsbShng,0.0,TA,TA,CBlock,TA,TA,No,Unf,0,Unf,0,720,720,GasA,TA,N,FuseA,720,472,0,1192,0,0,1,1,4,1,TA,6,Typ,0,,,0.0,,0,0,,,Y,0,0,0,0,0,0,0,12,2006,WD,Abnorml,135000,1912,1.5,0,1.653259361997226,0.11037037037037037,0.37656903765690375,57,0,1,0,4768,6.0,16,1420864
972,160,RL,36.0,2268,Pave,Reg,Lvl,AllPub,Inside,Gtl,NridgHt,Norm,Norm,Twnhs,2Story,7,5,2003,2004,Gable,CompShg,VinylSd,Wd Shng,106.0,Gd,TA,PConc,Gd,TA,No,GLQ,567,Unf,0,197,764,GasA,Ex,Y,SBrkr,764,862,0,1626,0,0,2,0,2,1,Gd,6,Typ,0,,BuiltIn,2003.0,RFn,2,474,TA,TA,Y,0,27,0,0,0,0,0,7,2009,WD,Normal,173000,2390,2.0,27,11.075757575757576,0.716931216931217,0.3196652719665272,6,0,1,1,11382,4.0,49,2643876
973,120,RL,55.0,7892,Pave,Reg,Lvl,AllPub,Inside,Gtl,SawyerW,Norm,Norm,TwnhsE,1Story,6,5,1979,1979,Gable,CompShg,Plywood,Plywood,0.0,TA,TA,CBlock,Gd,TA,No,Unf,0,Unf,0,918,918,GasA,TA,Y,SBrkr,918,0,0,918,0,0,2,0,2,1,TA,5,Typ,1,TA,Attchd,1979.0,Unf,1,264,TA,TA,Y,28,0,0,0,0,0,0,4,2010,WD,Normal,99500,1836,2.0,0,0.998911860718172,0.1163203243791181,0.5,31,0,0,1,5508,4.0,36,842724
974,20,FV,95.0,11639,Pave,Reg,Lvl,AllPub,Corner,Gtl,Somerst,Norm,Norm,1Fam,1Story,7,5,2007,2008,Gable,CompShg,CemntBd,CmentBd,0.0,Gd,TA,PConc,Gd,TA,No,Unf,0,Unf,0,1428,1428,GasA,Ex,Y,SBrkr,1428,0,0,1428,0,0,2,0,3,1,Gd,6,Typ,0,,Attchd,2007.0,Fin,2,480,TA,TA,Y,0,120,0,0,0,0,0,12,2008,New,Partial,182000,2856,2.0,120,0.9993002099370188,0.12269095283099923,0.5,1,1,0,1,9996,6.0,49,2039184
975,70,RL,60.0,11414,Pave,IR1,Lvl,AllPub,Corner,Gtl,BrkSide,RRAn,Feedr,1Fam,2Story,7,8,1910,1993,Gable,CompShg,HdBoard,HdBoard,0.0,TA,Gd,BrkTil,Gd,TA,No,Unf,0,Unf,0,728,728,GasA,TA,N,SBrkr,1136,883,0,2019,0,0,1,0,3,1,Gd,8,Typ,0,,Detchd,1997.0,Unf,2,532,TA,TA,Y,509,135,0,0,0,0,0,10,2009,WD,Normal,167500,2747,1.0,135,2.769547325102881,0.1768880322411074,0.26501638150709866,99,0,1,1,14133,3.0,49,4076361
976,160,FV,69.0,2651,Pave,Reg,Lvl,AllPub,FR2,Gtl,Somerst,Norm,Norm,Twnhs,2Story,7,5,2000,2000,Gable,CompShg,MetalSd,MetalSd,0.0,Gd,TA,PConc,Gd,TA,No,GLQ,641,Unf,0,32,673,GasA,Ex,Y,SBrkr,673,709,0,1382,1,0,2,1,3,1,Gd,6,Typ,0,,Detchd,2000.0,Unf,2,490,TA,TA,Y,153,50,0,0,0,0,0,4,2006,WD,Normal,165000,2055,3.5,50,61.303030303030305,0.5213127121840815,0.32749391727493915,6,0,1,1,9674,10.5,49,1909924
977,30,RL,51.0,5900,Pave,IR1,Bnk,AllPub,Inside,Gtl,BrkSide,Norm,Norm,1Fam,1Story,4,7,1923,1958,Gable,CompShg,Wd Sdng,Wd Sdng,0.0,TA,TA,PConc,Gd,TA,No,Unf,0,Unf,0,440,440,GasA,TA,Y,FuseA,869,0,0,869,0,0,1,0,2,1,Fa,4,Typ,0,,,0.0,,0,0,,,Y,0,0,0,0,0,0,0,8,2006,WD,Normal,85500,1309,1.0,0,1.9705215419501134,0.14728813559322035,0.33613445378151263,83,0,0,0,3476,2.0,16,755161
978,120,FV,35.0,4274,Pave,IR1,Lvl,AllPub,Inside,Gtl,Somerst,Norm,Norm,TwnhsE,1Story,7,5,2006,2007,Gable,CompShg,VinylSd,VinylSd,0.0,Gd,TA,PConc,Gd,TA,No,GLQ,1106,Unf,0,135,1241,GasA,Ex,Y,SBrkr,1241,0,0,1241,1,0,1,1,1,1,Gd,4,Typ,0,,Attchd,2007.0,Fin,2,569,TA,TA,Y,0,116,0,0,0,0,0,11,2007,New,Partial,199900,2482,2.5,116,17.25735294117647,0.29036031820308844,0.5,1,1,0,1,8687,2.5,49,1540081
979,20,RL,68.0,9450,Pave,Reg,Bnk,AllPub,Inside,Mod,Edwards,Norm,Norm,1Fam,1Story,4,5,1954,1954,Gable,CompShg,MetalSd,MetalSd,0.0,TA,TA,CBlock,TA,TA,No,LwQ,552,Unf,0,342,894,GasA,Ex,Y,SBrkr,894,0,0,894,0,0,1,0,3,1,TA,5,Typ,0,,Detchd,1999.0,Unf,2,400,TA,TA,Y,0,0,0,0,0,0,0,5,2007,WD,Abnorml,110000,1788,1.0,0,4.215743440233236,0.0946031746031746,0.5,53,0,0,1,3576,3.0,16,799236
980,20,RL,80.0,8816,Pave,Reg,Lvl,AllPub,Corner,Gtl,Sawyer,Feedr,Norm,1Fam,1Story,5,6,1963,1963,Gable,CompShg,VinylSd,VinylSd,0.0,TA,TA,PConc,TA,TA,No,Rec,651,Unf,0,470,1121,GasA,TA,Y,SBrkr,1121,0,0,1121,1,0,1,0,3,1,TA,5,Typ,0,,Detchd,1963.0,Unf,2,480,TA,TA,Y,0,80,0,0,0,0,0,6,2009,WD,Normal,139000,2242,2.0,80,3.762208067940552,0.1271551724137931,0.5,46,0,0,1,5605,6.0,25,1256641
981,85,RL,69.0,12122,Pave,IR1,Lvl,AllPub,Corner,Gtl,NAmes,Norm,Norm,1Fam,SFoyer,7,9,1961,2007,Gable,CompShg,CemntBd,CmentBd,210.0,Ex,TA,CBlock,TA,TA,Av,ALQ,867,Unf,0,77,944,GasA,Gd,Y,SBrkr,999,0,0,999,1,0,1,0,3,1,Ex,6,Typ,0,,Attchd,1961.0,RFn,2,588,TA,TA,Y,144,76,0,0,0,0,0,7,2008,WD,Normal,178400,1943,2.0,76,23.923076923076923,0.0824121432106913,0.48584662892434377,47,0,0,1,6993,6.0,49,998001
982,60,RL,98.0,12203,Pave,IR1,Lvl,AllPub,Corner,Gtl,NoRidge,Norm,Norm,1Fam,2Story,8,5,1998,1999,Hip,CompShg,VinylSd,VinylSd,975.0,Gd,TA,PConc,Gd,TA,No,GLQ,854,Unf,0,371,1225,GasA,Ex,Y,SBrkr,1276,1336,0,2612,1,0,2,1,4,1,Gd,8,Typ,1,TA,Attchd,1998.0,Fin,3,676,TA,TA,Y,250,0,0,0,0,0,0,7,2009,WD,Normal,336000,3837,3.5,0,9.317204301075268,0.21404572646070638,0.3192598384154287,11,0,1,1,20896,14.0,64,6822544
983,20,RL,43.0,3182,Pave,Reg,Lvl,AllPub,Inside,Gtl,Blmngtn,Norm,Norm,1Fam,1Story,7,5,2007,2007,Gable,CompShg,VinylSd,VinylSd,16.0,Gd,TA,PConc,Gd,TA,Av,Unf,0,Unf,0,1266,1266,GasA,Ex,Y,SBrkr,1266,0,0,1266,0,0,2,0,2,1,Gd,6,Typ,1,Gd,Attchd,2007.0,Fin,2,388,TA,TA,Y,100,16,0,0,0,0,0,3,2008,WD,Normal,159895,2532,2.0,16,0.9992107340173638,0.3978629792583281,0.5,1,1,0,1,8862,4.0,49,1602756
984,60,RL,69.0,11250,Pave,Reg,Lvl,AllPub,Corner,Gtl,CollgCr,Norm,Norm,1Fam,2Story,8,5,2002,2002,Gable,CompShg,CemntBd,CmentBd,0.0,Gd,TA,PConc,Gd,TA,Mn,Unf,0,Unf,0,1128,1128,GasA,Ex,Y,SBrkr,1149,1141,0,2290,0,0,2,1,4,1,Gd,9,Typ,1,Gd,Attchd,2002.0,Unf,2,779,TA,TA,Y,0,0,0,0,0,0,0,5,2008,WD,Normal,255900,3418,2.5,0,2.0283436669619133,0.20355555555555555,0.33001755412521944,6,0,1,1,18320,10.0,64,5244100
985,90,RL,75.0,10125,Pave,Reg,Lvl,AllPub,Inside,Gtl,Mitchel,Norm,Norm,Duplex,1.5Fin,5,5,1977,1977,Gable,CompShg,Plywood,Plywood,0.0,TA,TA,CBlock,,,,,0,,0,0,0,GasA,TA,Y,SBrkr,1302,432,0,1734,0,0,2,0,4,2,Gd,8,Typ,0,,Attchd,1977.0,Unf,2,539,TA,TA,Y,0,0,0,0,0,0,0,8,2009,COD,Normal,126000,1734,2.0,0,1734.0,0.17125925925925925,0.0,32,0,1,1,8670,8.0,25,3006756
986,190,RL,68.0,10880,Pave,Reg,Lvl,AllPub,Inside,Gtl,Edwards,Norm,Norm,2fmCon,1Story,5,5,1950,1950,Gable,CompShg,MetalSd,MetalSd,0.0,TA,TA,CBlock,TA,TA,No,ALQ,1040,Unf,0,124,1164,GasW,TA,N,SBrkr,1164,0,0,1164,1,0,1,0,3,1,TA,5,Typ,0,,Detchd,1950.0,Unf,1,240,TA,TA,Y,0,48,0,0,0,0,0,8,2008,ConLD,Normal,125000,2328,2.0,48,17.632,0.10698529411764705,0.5,58,0,0,1,5820,6.0,25,1354896
987,50,RM,59.0,5310,Pave,Reg,Lvl,AllPub,Corner,Gtl,OldTown,Feedr,Norm,1Fam,1.5Fin,6,8,1910,2003,Hip,CompShg,VinylSd,VinylSd,0.0,TA,Gd,CBlock,TA,Fa,No,Unf,0,Unf,0,485,485,GasA,Gd,Y,SBrkr,1001,634,0,1635,0,0,1,0,2,1,Gd,5,Typ,0,,Attchd,1950.0,Unf,1,255,Fa,TA,Y,394,0,0,0,0,0,0,6,2006,WD,Normal,117000,2120,1.0,0,3.3641975308641974,0.307909604519774,0.22877358490566038,96,0,1,1,9810,2.0,36,2673225
988,20,RL,83.0,10159,Pave,IR1,Lvl,AllPub,Inside,Gtl,NridgHt,Norm,Norm,1Fam,1Story,9,5,2009,2010,Hip,CompShg,VinylSd,VinylSd,450.0,Ex,TA,PConc,Ex,TA,Av,GLQ,1646,Unf,0,284,1930,GasA,Ex,Y,SBrkr,1940,0,0,1940,1,0,2,1,3,1,Ex,8,Typ,1,Gd,Attchd,2010.0,Fin,3,606,TA,TA,Y,168,95,0,0,0,0,0,4,2010,New,Partial,395192,3870,3.5,95,12.582456140350876,0.1909636775273157,0.49870801033591733,1,1,0,1,17460,10.5,81,3763600
989,60,RL,69.0,12046,Pave,IR1,Lvl,AllPub,Inside,Gtl,NWAmes,Norm,Norm,1Fam,2Story,6,6,1976,1976,Gable,CompShg,Plywood,Plywood,298.0,TA,TA,CBlock,TA,TA,No,LwQ,156,Unf,0,692,848,GasA,TA,Y,SBrkr,1118,912,0,2030,0,0,2,1,4,1,Gd,8,Typ,1,TA,Attchd,1976.0,Fin,2,551,TA,TA,Y,0,224,0,0,0,0,0,6,2007,WD,Normal,195000,2878,2.5,224,3.1544011544011545,0.1685206707620787,0.2946490618485059,31,0,1,1,12180,10.0,36,4120900
990,60,FV,65.0,8125,Pave,Reg,Lvl,AllPub,Inside,Gtl,Somerst,Norm,Norm,1Fam,2Story,7,5,2006,2006,Gable,CompShg,VinylSd,VinylSd,0.0,Gd,TA,PConc,Gd,Gd,No,Unf,0,Unf,0,770,770,GasA,Ex,Y,SBrkr,778,798,0,1576,0,0,2,1,3,1,Gd,6,Typ,0,,Attchd,2006.0,RFn,2,614,TA,TA,Y,0,50,0,0,0,0,0,8,2006,New,Partial,197000,2346,2.5,50,2.0440985732814525,0.19396923076923078,0.32821824381926684,0,1,1,1,11032,7.5,49,2483776
991,60,RL,82.0,9452,Pave,Reg,Lvl,AllPub,Inside,Gtl,NoRidge,Norm,Norm,1Fam,2Story,8,5,1997,1998,Gable,CompShg,VinylSd,VinylSd,423.0,Gd,TA,PConc,Gd,TA,No,GLQ,1074,Unf,0,322,1396,GasA,Ex,Y,SBrkr,1407,985,0,2392,1,0,2,1,3,1,Gd,7,Typ,1,TA,Attchd,1997.0,Fin,3,870,TA,TA,Y,0,70,0,0,0,0,0,6,2006,WD,Normal,348000,3788,3.5,70,10.730650154798761,0.2530681337283115,0.368532206969377,9,0,1,1,19136,10.5,64,5721664
992,70,RM,121.0,17671,Pave,Reg,Lvl,AllPub,Corner,Gtl,OldTown,Artery,Norm,1Fam,2Story,8,9,1882,1986,Gable,CompShg,Wd Sdng,Wd Sdng,0.0,Gd,Gd,BrkTil,TA,TA,No,BLQ,216,Unf,0,700,916,GasA,Gd,Y,SBrkr,916,826,0,1742,0,0,1,1,4,1,Gd,8,Typ,1,Gd,Attchd,1925.0,Unf,2,424,TA,TA,P,0,169,0,0,0,0,0,11,2009,WD,Normal,168000,2658,1.5,169,2.7931526390870185,0.09857959368456794,0.34462001504890893,127,0,1,1,13936,6.0,64,3034564
993,60,RL,80.0,9760,Pave,Reg,Lvl,AllPub,Inside,Mod,NAmes,Norm,Norm,1Fam,2Story,6,8,1964,1993,Hip,CompShg,Wd Sdng,Wd Sdng,340.0,TA,TA,CBlock,TA,TA,Gd,BLQ,536,Rec,117,169,822,GasA,Gd,Y,SBrkr,1020,831,0,1851,0,0,2,1,3,1,Gd,7,Typ,1,Fa,Attchd,1964.0,RFn,2,440,TA,TA,Y,239,42,0,0,0,0,0,7,2007,WD,Normal,187000,2673,2.5,42,14.729411764705882,0.1896516393442623,0.3075196408529742,43,0,1,1,11106,7.5,36,3426201
994,60,RL,68.0,8846,Pave,Reg,Lvl,AllPub,Inside,Gtl,CollgCr,Norm,Norm,1Fam,2Story,6,5,2005,2006,Gable,CompShg,VinylSd,VinylSd,0.0,TA,TA,PConc,Gd,TA,No,Unf,0,Unf,0,750,750,GasA,Ex,Y,SBrkr,750,750,0,1500,0,0,2,1,3,1,Gd,6,Typ,0,,Attchd,2005.0,RFn,2,564,TA,TA,Y,0,35,0,0,0,0,0,8,2006,New,Partial,173900,2250,2.5,35,1.9973368841544608,0.16956816640289396,0.3333333333333333,1,1,1,1,9000,7.5,36,2250000
995,20,RL,96.0,12456,Pave,Reg,Lvl,AllPub,FR2,Gtl,NridgHt,Norm,Norm,1Fam,1Story,10,5,2006,2007,Hip,CompShg,CemntBd,CmentBd,230.0,Ex,TA,PConc,Ex,TA,Gd,GLQ,1172,Unf,0,528,1700,GasA,Ex,Y,SBrkr,1718,0,0,1718,1,0,2,0,3,1,Ex,7,Typ,1,Gd,Attchd,2008.0,Fin,3,786,TA,TA,Y,216,48,0,0,0,0,0,7,2009,WD,Normal,337500,3418,3.0,48,5.463137996219282,0.13792549775208734,0.497366881217086,3,1,0,1,17180,9.0,100,2951524
996,50,RL,51.0,4712,Pave,IR1,Lvl,AllPub,Inside,Mod,BrkSide,Feedr,Norm,1Fam,1.5Fin,4,7,1946,1950,Gable,CompShg,MetalSd,MetalSd,0.0,TA,TA,CBlock,TA,TA,No,ALQ,384,Unf,0,363,747,GasA,TA,Y,SBrkr,774,456,0,1230,1,0,1,1,3,1,TA,5,Typ,0,,Detchd,1946.0,Unf,1,305,TA,TA,Y,0,57,0,0,63,0,0,8,2006,WD,Abnorml,121600,1977,2.5,120,4.434065934065934,0.26103565365025466,0.37784522003034904,60,0,1,1,4920,7.5,16,1512900
997,20,RL,69.0,10659,Pave,IR1,Lvl,AllPub,Inside,Gtl,NAmes,Norm,Norm,1Fam,1Story,5,6,1961,1961,Hip,CompShg,Wd Sdng,Wd Sdng,0.0,TA,TA,CBlock,TA,TA,No,Rec,915,Unf,0,135,1050,GasA,TA,Y,SBrkr,1050,0,0,1050,1,0,1,0,3,1,TA,6,Typ,0,,Attchd,1961.0,Unf,1,368,TA,TA,Y,0,319,0,0,0,0,0,1,2006,COD,Normal,136500,2100,2.0,319,14.448529411764707,0.09850830284266816,0.5,45,0,0,1,5250,6.0,25,1102500
998,20,RL,69.0,11717,Pave,IR1,Lvl,AllPub,Inside,Gtl,NWAmes,PosA,Norm,1Fam,1Story,6,6,1970,1970,Hip,CompShg,HdBoard,HdBoard,571.0,TA,TA,CBlock,TA,TA,No,Unf,0,Unf,0,1442,1442,GasA,TA,Y,SBrkr,1442,0,0,1442,0,0,2,0,2,1,TA,6,Typ,1,TA,Attchd,1970.0,RFn,2,615,TA,TA,Y,371,0,0,0,0,0,0,2,2009,WD,Normal,185000,2884,2.0,0,0.9993069993069993,0.12306904497738329,0.5,39,0,0,1,8652,4.0,36,2079364
999,30,RM,60.0,9786,Pave,Reg,Lvl,AllPub,Inside,Gtl,IDOTRR,Norm,Norm,1Fam,1Story,3,4,1922,1950,Hip,CompShg,Wd Sdng,Wd Sdng,0.0,TA,TA,BrkTil,TA,Fa,No,Unf,0,Unf,0,1007,1007,GasA,Fa,N,SBrkr,1077,0,0,1077,0,0,1,0,3,1,TA,6,Typ,1,Gd,Detchd,1922.0,Unf,1,210,TA,Fa,P,0,100,48,0,0,0,0,5,2006,WD,Normal,91000,2084,1.0,148,1.068452380952381,0.11005518087063151,0.4832053742802303,84,0,0,1,3231,3.0,9,1159929
1000,20,RL,64.0,6762,Pave,Reg,Lvl,AllPub,Inside,Gtl,CollgCr,Norm,Norm,1Fam,1Story,7,5,2006,2006,Gable,CompShg,VinylSd,VinylSd,24.0,Gd,TA,PConc,Gd,TA,Av,GLQ,686,Unf,0,501,1187,GasA,Ex,Y,SBrkr,1208,0,0,1208,1,0,2,0,2,1,Gd,6,Typ,0,,Attchd,2006.0,RFn,2,632,TA,TA,Y,105,61,0,0,0,0,0,2,2010,WD,Normal,206000,2395,3.0,61,3.7729083665338647,0.17864537119195503,0.49561586638830896,4,0,0,1,8456,6.0,49,1459264
1001,20,RL,74.0,10206,Pave,Reg,Lvl,AllPub,Corner,Gtl,Edwards,Norm,Norm,1Fam,1Story,3,3,1952,1952,Flat,Tar&Grv,BrkComm,Brk Cmn,0.0,TA,TA,Slab,,,,,0,,0,0,0,GasW,Fa,N,FuseF,944,0,0,944,0,0,1,0,2,1,Fa,4,Min1,0,,Detchd,1956.0,Unf,2,528,TA,Fa,Y,0,0,0,0,0,0,0,7,2009,WD,Normal,82000,944,1.0,0,944.0,0.09249461101312953,0.0,57,0,0,1,2832,2.0,9,891136
1002,30,RL,60.0,5400,Pave,Reg,Lvl,AllPub,Corner,Gtl,OldTown,Norm,Norm,1Fam,1Story,5,6,1920,1950,Gable,CompShg,Wd Sdng,Wd Sdng,0.0,TA,TA,BrkTil,Fa,TA,No,Unf,0,Unf,0,691,691,GasA,Ex,Y,FuseA,691,0,0,691,0,0,1,0,2,1,Ex,4,Typ,0,,Detchd,1920.0,Unf,1,216,Fa,TA,N,0,20,94,0,0,0,0,1,2007,WD,Abnorml,86000,1382,1.0,114,0.9985549132947977,0.12796296296296297,0.5,87,0,0,1,3455,2.0,25,477481
1003,20,RL,75.0,11957,Pave,IR1,Lvl,AllPub,Inside,Gtl,Somerst,RRAn,Norm,1Fam,1Story,8,5,2006,2006,Gable,CompShg,VinylSd,VinylSd,53.0,Gd,TA,PConc,Gd,TA,No,GLQ,24,Unf,0,1550,1574,GasA,Ex,Y,SBrkr,1574,0,0,1574,0,0,2,0,3,1,Gd,7,Typ,1,Gd,Attchd,2006.0,RFn,3,824,TA,TA,Y,144,104,0,0,0,0,0,7,2008,WD,Normal,232000,3148,2.0,104,1.0303030303030303,0.13163837082880323,0.5,2,1,0,1,12592,6.0,64,2477476
1004,90,RL,69.0,11500,Pave,IR1,Lvl,AllPub,Corner,Gtl,NWAmes,Feedr,RRAn,Duplex,1Story,5,6,1976,1976,Gable,CompShg,VinylSd,VinylSd,164.0,TA,TA,CBlock,TA,TA,No,Unf,0,Unf,0,1680,1680,GasA,Fa,Y,SBrkr,1680,0,0,1680,0,0,2,0,4,2,TA,8,Typ,0,,Detchd,1976.0,Unf,2,528,TA,TA,Y,0,0,0,0,0,0,0,6,2007,WD,Normal,136905,3360,2.0,0,0.9994051160023796,0.14608695652173914,0.5,31,0,0,1,8400,8.0,25,2822400
1005,120,RL,43.0,3182,Pave,Reg,Lvl,AllPub,Inside,Gtl,Blmngtn,Norm,Norm,TwnhsE,1Story,7,5,2005,2006,Gable,CompShg,VinylSd,VinylSd,16.0,Gd,TA,PConc,Gd,TA,No,GLQ,16,Unf,0,1330,1346,GasA,Ex,Y,SBrkr,1504,0,0,1504,0,0,2,0,1,1,Gd,7,Typ,1,Gd,Attchd,2005.0,Fin,2,457,TA,TA,Y,156,0,0,0,0,0,0,5,2009,WD,Normal,181000,2850,2.0,0,1.1419984973703983,0.4726587052168448,0.47228070175438597,4,0,0,1,10528,2.0,49,2262016
1006,80,RL,65.0,8385,Pave,Reg,Lvl,AllPub,Inside,Gtl,CollgCr,Norm,Norm,1Fam,SLvl,5,8,1977,1977,Gable,CompShg,HdBoard,HdBoard,220.0,Gd,TA,CBlock,Gd,Gd,Av,GLQ,595,Unf,0,390,985,GasA,TA,Y,SBrkr,985,0,0,985,0,0,2,0,3,1,TA,6,Typ,0,,Attchd,1977.0,Unf,1,328,TA,TA,Y,210,0,0,0,0,0,0,11,2008,WD,Normal,149900,1970,2.0,0,4.040920716112532,0.1174716756112105,0.5,31,0,0,1,4925,6.0,25,970225
1007,20,RL,69.0,12155,Pave,IR3,Lvl,AllPub,Inside,Gtl,NAmes,PosN,Norm,1Fam,1Story,6,3,1970,1970,Gable,CompShg,Plywood,Plywood,0.0,TA,TA,CBlock,Gd,TA,No,LwQ,1237,Unf,0,420,1657,GasA,Gd,Y,SBrkr,1657,0,0,1657,0,1,2,0,3,1,TA,7,Typ,1,TA,Attchd,1970.0,Unf,2,484,TA,TA,Y,0,0,0,0,147,0,0,3,2007,WD,Normal,163500,3314,2.5,147,6.8741092636579575,0.1363225010283834,0.5,37,0,0,1,9942,7.5,36,2745649
1008,160,RM,21.0,2217,Pave,Reg,Lvl,AllPub,Inside,Gtl,MeadowV,Norm,Norm,TwnhsE,2Story,4,4,1970,1970,Gable,CompShg,CemntBd,CmentBd,0.0,TA,TA,CBlock,TA,TA,No,BLQ,273,LwQ,273,0,546,GasA,TA,Y,SBrkr,546,546,0,1092,0,0,1,1,3,1,TA,6,Typ,0,,Attchd,1970.0,RFn,1,286,TA,TA,Y,238,0,0,0,0,0,0,8,2009,WD,Normal,88000,1638,1.5,0,1638.0,0.4925575101488498,0.3333333333333333,39,0,1,1,4368,4.5,16,1192464
1009,20,RL,43.0,12118,Pave,IR1,Lvl,AllPub,CulDSac,Gtl,Mitchel,Norm,Norm,1Fam,1Story,7,5,2004,2005,Hip,CompShg,VinylSd,VinylSd,108.0,Gd,TA,PConc,Ex,TA,Mn,Unf,0,Unf,0,1710,1710,GasA,Ex,Y,SBrkr,1710,0,0,1710,0,0,2,0,3,1,Gd,7,Typ,1,Gd,Attchd,2004.0,Fin,2,550,TA,TA,Y,100,48,0,0,180,0,0,4,2009,WD,Normal,240000,3420,2.0,228,0.9994155464640561,0.14111239478461793,0.5,5,0,0,1,11970,6.0,49,2924100
1010,50,RL,60.0,6000,Pave,Reg,Lvl,AllPub,Inside,Gtl,SWISU,Norm,Norm,1Fam,1.5Fin,5,5,1926,1950,Gable,CompShg,Wd Sdng,Wd Sdng,0.0,TA,Fa,BrkTil,TA,TA,No,Unf,0,Unf,0,1008,1008,GasA,Ex,Y,SBrkr,1008,0,514,1522,0,0,2,0,4,1,TA,7,Typ,0,,,0.0,,0,0,,,P,0,0,138,0,0,0,0,6,2006,WD,Normal,102000,2016,2.0,138,1.508424182358771,0.25366666666666665,0.5,80,0,0,0,7610,8.0,25,2316484
1011,50,RL,115.0,21286,Pave,Reg,Lvl,AllPub,Inside,Gtl,Sawyer,Norm,Norm,1Fam,1.5Fin,5,5,1948,1950,Gable,CompShg,Wd Sdng,Wd Sdng,0.0,TA,TA,CBlock,TA,TA,No,Unf,0,Unf,0,720,720,GasA,TA,Y,SBrkr,720,551,0,1271,0,0,2,0,4,1,TA,7,Typ,1,Gd,Attchd,1948.0,Unf,1,312,TA,TA,Y,0,0,108,0,0,0,0,8,2008,WD,Normal,135000,1991,2.0,108,1.7628294036061027,0.059710607911303205,0.3616273229532898,60,0,1,1,6355,8.0,25,1615441
1012,90,RL,75.0,9825,Pave,Reg,Lvl,AllPub,Inside,Gtl,Edwards,Norm,Norm,Duplex,1Story,5,5,1965,1965,Hip,CompShg,AsphShn,AsphShn,0.0,TA,TA,CBlock,,,,,0,,0,0,0,GasA,TA,N,SBrkr,1664,0,0,1664,0,0,2,0,4,2,TA,8,Typ,0,,,0.0,,0,0,,,Y,0,0,0,0,0,0,0,5,2010,WD,Normal,100000,1664,2.0,0,1664.0,0.16936386768447836,0.0,45,0,0,0,8320,8.0,25,2768896
1013,70,RL,55.0,10592,Pave,Reg,Lvl,AllPub,Inside,Gtl,Crawfor,Norm,Norm,1Fam,2Story,6,7,1923,1996,Hip,CompShg,Wd Sdng,Wd Sdng,0.0,TA,Gd,PConc,TA,Fa,No,Unf,0,Unf,0,602,602,GasA,TA,Y,SBrkr,900,602,0,1502,0,0,1,1,3,1,Gd,7,Typ,2,TA,Detchd,1923.0,Unf,1,180,TA,TA,Y,96,0,112,0,53,0,0,8,2007,WD,Normal,165000,2104,1.5,165,2.4908789386401327,0.14180513595166164,0.28612167300380226,84,0,1,1,9012,4.5,36,2256004
1014,30,RM,60.0,7200,Pave,Reg,Lvl,AllPub,Inside,Gtl,OldTown,Norm,Norm,1Fam,1Story,5,4,1910,2006,Hip,CompShg,MetalSd,Stucco,0.0,TA,TA,BrkTil,TA,TA,No,ALQ,247,Rec,465,310,1022,GasW,TA,N,SBrkr,1022,0,0,1022,1,0,1,0,2,1,TA,4,Maj2,0,,Detchd,1956.0,Unf,1,280,TA,TA,Y,0,30,226,0,0,0,0,6,2009,WD,Normal,85000,2044,2.0,256,5.57556270096463,0.14194444444444446,0.5,99,0,0,1,5110,4.0,25,1044484
1015,20,RL,60.0,11664,Pave,Reg,Lvl,AllPub,Inside,Gtl,NAmes,Artery,Norm,1Fam,1Story,6,5,1948,1950,Gable,CompShg,MetalSd,MetalSd,206.0,TA,TA,CBlock,TA,Fa,No,BLQ,336,Unf,0,746,1082,GasA,TA,Y,SBrkr,1082,0,0,1082,0,0,1,0,2,1,TA,5,Typ,1,Gd,Detchd,1948.0,Unf,1,240,TA,TA,Y,0,130,0,0,0,0,0,11,2007,WD,Normal,119200,2164,1.0,130,1.8982597054886212,0.09276406035665295,0.5,59,0,0,1,6492,2.0,36,1170724
1016,60,RL,70.0,8400,Pave,Reg,Lvl,AllPub,Inside,Gtl,NWAmes,Norm,Norm,1Fam,2Story,8,6,2001,2001,Gable,CompShg,VinylSd,VinylSd,0.0,Gd,TA,PConc,Gd,TA,No,GLQ,643,Unf,0,167,810,GasA,Ex,Y,SBrkr,810,855,0,1665,1,0,2,1,3,1,Gd,6,Typ,0,,Attchd,2001.0,Fin,2,528,TA,TA,Y,0,45,0,0,0,0,0,11,2009,WD,Normal,227000,2475,3.5,45,13.738095238095237,0.1982142857142857,0.32727272727272727,8,0,1,1,13320,10.5,64,2772225
1017,20,RL,73.0,11883,Pave,Reg,Lvl,AllPub,Inside,Gtl,CollgCr,Norm,Norm,1Fam,1Story,7,5,1996,1996,Hip,CompShg,VinylSd,VinylSd,196.0,Gd,TA,PConc,Gd,TA,Gd,GLQ,690,Unf,0,814,1504,GasA,Ex,Y,SBrkr,1504,0,0,1504,1,0,2,0,3,1,Gd,6,Typ,1,TA,Attchd,1996.0,Fin,2,478,TA,TA,Y,115,66,0,0,0,0,0,6,2009,WD,Normal,203000,3008,3.0,66,2.6920245398773006,0.1265673651434823,0.5,13,0,0,1,10528,9.0,49,2262016
1018,120,RL,69.0,5814,Pave,IR1,Lvl,AllPub,CulDSac,Gtl,StoneBr,Norm,Norm,TwnhsE,1Story,8,5,1984,1984,Gable,CompShg,HdBoard,HdBoard,0.0,Gd,TA,CBlock,Gd,TA,Av,GLQ,1036,Unf,0,184,1220,GasA,Gd,Y,SBrkr,1360,0,0,1360,1,0,1,0,1,1,Gd,4,Typ,1,Ex,Attchd,1984.0,RFn,2,565,TA,TA,Y,63,0,0,0,0,0,0,8,2009,COD,Abnorml,187500,2580,2.0,0,12.95135135135135,0.23391812865497075,0.4728682170542636,25,0,0,1,10880,2.0,64,1849600
1019,80,RL,69.0,10784,Pave,IR1,Lvl,AllPub,FR2,Gtl,Gilbert,Norm,Norm,1Fam,SLvl,7,5,1991,1992,Gable,CompShg,HdBoard,HdBoard,76.0,Gd,TA,PConc,Gd,TA,No,Unf,0,Unf,0,384,384,GasA,Gd,Y,SBrkr,802,670,0,1472,0,0,2,1,3,1,Gd,7,Typ,1,TA,Attchd,1991.0,RFn,2,402,TA,TA,Y,164,0,0,0,0,0,0,5,2007,WD,Normal,160000,1856,2.5,0,3.8233766233766233,0.13649851632047477,0.20689655172413793,16,0,1,1,10304,7.5,49,2166784
1020,120,RL,43.0,3013,Pave,Reg,Lvl,AllPub,Inside,Gtl,Blmngtn,Norm,Norm,TwnhsE,1Story,7,5,2005,2005,Gable,CompShg,VinylSd,VinylSd,145.0,Gd,TA,PConc,Gd,TA,Gd,GLQ,16,Unf,0,1346,1362,GasA,Ex,Y,SBrkr,1506,0,0,1506,0,0,2,0,2,1,Gd,6,Typ,1,Gd,Attchd,2005.0,Fin,2,440,TA,TA,Y,142,20,0,0,0,0,0,4,2006,WD,Normal,213490,2868,2.0,20,1.1299183370452859,0.49983405243942913,0.47489539748953974,1,1,0,1,10542,4.0,49,2268036
1021,20,RL,60.0,7024,Pave,Reg,Lvl,AllPub,Inside,Gtl,Edwards,Norm,Norm,1Fam,1Story,4,5,2005,2005,Gable,CompShg,VinylSd,VinylSd,0.0,TA,TA,PConc,Gd,TA,No,GLQ,1024,Unf,0,108,1132,GasA,Ex,Y,SBrkr,1132,0,0,1132,1,0,1,1,2,1,Gd,5,Typ,0,,Attchd,2005.0,Fin,2,451,TA,TA,Y,252,64,0,0,0,0,0,6,2008,WD,Normal,176000,2264,2.5,64,19.779816513761467,0.1611617312072893,0.5,3,1,0,1,4528,5.0,16,1281424
1022,20,RL,64.0,7406,Pave,Reg,Lvl,AllPub,Inside,Gtl,CollgCr,Norm,Norm,1Fam,1Story,7,5,2006,2006,Gable,CompShg,VinylSd,VinylSd,84.0,Gd,TA,PConc,Gd,TA,Av,GLQ,684,Unf,0,515,1199,GasA,Ex,Y,SBrkr,1220,0,0,1220,1,0,2,0,2,1,Gd,6,Typ,0,,Attchd,2006.0,RFn,2,632,TA,TA,Y,105,54,0,0,0,0,0,7,2006,New,Partial,194000,2419,3.0,54,3.689922480620155,0.1647312989467999,0.49565936337329475,0,1,0,1,8540,6.0,49,1488400
1023,50,RM,52.0,9439,Pave,Reg,Lvl,AllPub,Inside,Gtl,OldTown,Norm,Norm,1Fam,1.5Fin,5,5,1930,1950,Gable,CompShg,Wd Sdng,Wd Sdng,0.0,TA,TA,CBlock,TA,TA,No,LwQ,324,Unf,0,588,912,GasA,Gd,Y,FuseA,912,336,0,1248,0,0,1,0,2,1,TA,6,Typ,0,,Detchd,1957.0,Unf,1,160,Fa,Fa,Y,0,0,192,0,0,0,0,3,2007,WD,Normal,87000,2160,1.0,192,2.66893039049236,0.13221739591058373,0.4222222222222222,77,0,1,1,6240,2.0,25,1557504
1024,120,RL,43.0,3182,Pave,Reg,Lvl,AllPub,Inside,Gtl,Blmngtn,Norm,Norm,TwnhsE,1Story,7,5,2005,2006,Gable,CompShg,VinylSd,VinylSd,14.0,Gd,TA,PConc,Gd,Gd,No,GLQ,16,Unf,0,1330,1346,GasA,Ex,Y,SBrkr,1504,0,0,1504,0,0,2,0,2,1,Gd,7,Typ,1,Gd,Attchd,2005.0,Fin,2,437,TA,TA,Y,156,20,0,0,0,0,0,5,2008,WD,Normal,191000,2850,2.0,20,1.1419984973703983,0.4726587052168448,0.47228070175438597,3,1,0,1,10528,4.0,49,2262016
1025,20,RL,69.0,15498,Pave,IR1,Lvl,AllPub,Corner,Gtl,Timber,Norm,Norm,1Fam,1Story,8,6,1976,1976,Hip,WdShake,Stone,HdBoard,0.0,Gd,TA,CBlock,Gd,TA,Av,ALQ,1165,LwQ,400,0,1565,GasA,TA,Y,SBrkr,2898,0,0,2898,1,0,2,0,2,1,Gd,10,Typ,1,Gd,Attchd,1976.0,Fin,2,665,TA,TA,Y,0,72,174,0,0,0,0,5,2008,COD,Abnorml,287000,4463,3.0,246,4463.0,0.18699186991869918,0.3506609903652252,32,0,0,1,23184,6.0,64,8398404
1026,20,RL,70.0,7700,Pave,Reg,Lvl,AllPub,Corner,Gtl,CollgCr,Norm,Norm,1Fam,1Story,5,5,1972,1972,Gable,CompShg,VinylSd,VinylSd,0.0,TA,TA,CBlock,TA,TA,No,LwQ,138,Rec,468,276,882,GasA,TA,Y,SBrkr,882,0,0,882,1,0,1,0,3,1,TA,5,Typ,0,,Detchd,1980.0,Unf,2,461,TA,TA,Y,96,0,0,0,0,0,0,3,2007,WD,Normal,112500,1764,2.0,0,5.371841155234657,0.11454545454545455,0.5,35,0,0,1,4410,6.0,25,777924
1027,20,RL,73.0,9300,Pave,Reg,Lvl,AllPub,Inside,Gtl,NAmes,Feedr,Norm,1Fam,1Story,5,5,1960,1960,Gable,CompShg,MetalSd,HdBoard,324.0,TA,TA,CBlock,TA,TA,No,Rec,697,Unf,0,571,1268,GasA,TA,Y,SBrkr,1264,0,0,1264,1,0,1,0,3,1,TA,6,Typ,2,Gd,Attchd,1960.0,Unf,2,461,TA,TA,Y,0,0,0,0,143,0,0,4,2010,WD,Normal,167500,2532,2.0,143,3.4283216783216783,0.13591397849462367,0.5007898894154819,50,0,0,1,6320,6.0,25,1597696
1028,20,RL,71.0,9520,Pave,IR1,HLS,AllPub,Inside,Gtl,Timber,Norm,Norm,1Fam,1Story,8,5,2007,2008,Gable,CompShg,VinylSd,VinylSd,338.0,Gd,TA,PConc,Gd,TA,Gd,GLQ,1513,Unf,0,125,1638,GasA,Ex,Y,SBrkr,1646,0,0,1646,1,0,2,0,3,1,Gd,7,Typ,1,Gd,Attchd,2008.0,RFn,3,800,TA,TA,Y,192,44,0,0,0,0,0,4,2008,New,Partial,293077,3284,3.0,44,25.071428571428573,0.17289915966386554,0.4987819732034105,1,1,0,1,13168,9.0,64,2709316
1029,50,RL,79.0,9492,Pave,Reg,Lvl,AllPub,Inside,Gtl,NAmes,Artery,Norm,1Fam,1.5Fin,5,5,1941,1950,Gable,CompShg,WdShing,Wd Shng,0.0,TA,TA,CBlock,TA,TA,No,Rec,368,BLQ,41,359,768,GasA,TA,Y,SBrkr,968,408,0,1376,1,0,1,0,3,1,TA,6,Typ,1,Gd,Attchd,1941.0,Unf,1,240,TA,TA,Y,0,0,0,0,0,0,0,4,2007,WD,Normal,105000,2144,2.0,0,4.958333333333333,0.14496418036241046,0.3582089552238806,66,0,1,1,6880,6.0,25,1893376
1030,160,RM,21.0,1680,Pave,Reg,Lvl,AllPub,Inside,Gtl,BrDale,Norm,Norm,Twnhs,2Story,6,7,1972,1972,Gable,CompShg,HdBoard,HdBoard,281.0,TA,TA,CBlock,TA,TA,No,BLQ,317,Unf,0,355,672,GasA,Gd,Y,SBrkr,672,546,0,1218,0,1,1,1,3,1,TA,7,Typ,0,,Detchd,1972.0,Unf,1,264,TA,TA,Y,0,28,0,0,0,0,0,5,2006,WD,Normal,118000,1890,2.0,28,4.311797752808989,0.725,0.35555555555555557,34,0,1,1,7308,6.0,36,1483524
1031,190,RH,69.0,7082,Pave,Reg,Lvl,AllPub,Inside,Gtl,SWISU,Norm,Norm,2fmCon,2Story,5,8,1916,1995,Gable,CompShg,VinylSd,VinylSd,0.0,TA,TA,PConc,TA,TA,Mn,Unf,0,Unf,0,686,686,GasA,Gd,Y,SBrkr,948,980,0,1928,0,0,2,0,5,2,TA,10,Typ,0,,,0.0,,0,0,,,N,0,0,228,0,0,0,0,7,2006,WD,Normal,160000,2614,2.0,228,2.8064046579330424,0.27223948037277607,0.26243305279265494,90,0,1,0,9640,10.0,25,3717184
1032,75,RL,102.0,15863,Pave,Reg,Lvl,AllPub,Corner,Gtl,SWISU,Norm,Norm,1Fam,2.5Fin,7,3,1920,1970,Gable,CompShg,Wd Sdng,Plywood,0.0,TA,TA,BrkTil,TA,TA,No,GLQ,523,Unf,0,301,824,GasA,Ex,Y,SBrkr,1687,998,397,3082,1,0,2,1,5,1,TA,12,Typ,2,TA,Basment,1970.0,Fin,2,672,TA,TA,Y,136,63,0,0,0,0,0,8,2009,WD,Normal,197000,3509,3.5,63,11.937086092715232,0.1942885961041417,0.2348247363921345,89,0,1,1,21574,17.5,49,9498724
1033,60,RL,69.0,14541,Pave,IR1,Lvl,AllPub,Corner,Gtl,NoRidge,Norm,Norm,1Fam,2Story,8,7,1993,1993,Gable,CompShg,MetalSd,MetalSd,0.0,Gd,Gd,PConc,Gd,Gd,No,GLQ,1012,Unf,0,326,1338,GasA,Ex,Y,SBrkr,1352,1168,0,2520,1,0,2,1,5,1,Gd,10,Typ,1,TA,Attchd,1993.0,RFn,3,796,TA,TA,Y,209,55,0,0,0,0,0,11,2006,WD,Abnorml,310000,3858,3.5,55,10.801223241590215,0.17330307406643283,0.3468118195956454,13,0,1,1,20160,17.5,64,6350400
1034,20,RL,69.0,8125,Pave,Reg,Lvl,AllPub,Inside,Gtl,CollgCr,Norm,Norm,1Fam,1Story,7,5,2002,2002,Gable,CompShg,VinylSd,VinylSd,295.0,Gd,TA,PConc,Gd,TA,No,GLQ,986,Unf,0,668,1654,GasA,Ex,Y,SBrkr,1654,0,0,1654,1,0,2,0,3,1,Gd,6,Typ,0,,Attchd,2002.0,Unf,3,900,TA,TA,Y,0,136,0,0,0,0,0,2,2006,WD,Normal,230000,3308,3.0,136,3.9461883408071747,0.20356923076923078,0.5,4,0,0,1,11578,9.0,49,2735716
1035,30,RL,50.0,6305,Pave,Reg,Bnk,AllPub,Inside,Gtl,Crawfor,Norm,Norm,1Fam,1Story,5,7,1938,1950,Gable,CompShg,MetalSd,MetalSd,0.0,TA,Gd,PConc,Fa,Fa,No,Unf,0,Unf,0,920,920,GasA,Ex,Y,SBrkr,954,0,0,954,0,0,1,0,2,1,Fa,5,Typ,1,Gd,Basment,1938.0,Unf,1,240,Fa,TA,Y,0,0,0,0,0,0,0,6,2007,WD,Normal,119750,1874,1.0,0,1.0358306188925082,0.15130848532910388,0.49092849519743864,69,0,0,1,4770,2.0,25,910116
1036,20,RL,69.0,11500,Pave,IR1,Lvl,AllPub,CulDSac,Gtl,Edwards,Norm,Norm,1Fam,1Story,4,3,1957,1957,Gable,CompShg,Wd Sdng,Wd Sdng,0.0,TA,Gd,Slab,,,,,0,,0,0,0,GasA,Ex,N,SBrkr,845,0,0,845,0,0,1,0,3,1,TA,5,Typ,0,,Detchd,1957.0,Unf,1,290,TA,TA,N,186,0,0,0,0,0,0,1,2009,WD,Normal,84000,845,1.0,0,845.0,0.07347826086956522,0.0,52,0,0,1,3380,3.0,16,714025
1037,20,RL,89.0,12898,Pave,IR1,HLS,AllPub,Inside,Gtl,Timber,Norm,Norm,1Fam,1Story,9,5,2007,2008,Hip,CompShg,VinylSd,VinylSd,70.0,Gd,TA,PConc,Ex,TA,Gd,GLQ,1022,Unf,0,598,1620,GasA,Ex,Y,SBrkr,1620,0,0,1620,1,0,2,0,2,1,Ex,6,Typ,1,Ex,Attchd,2008.0,Fin,3,912,TA,TA,Y,228,0,0,0,0,0,0,9,2009,WD,Normal,315500,3240,3.0,0,4.410684474123539,0.12560086835168244,0.5,2,1,0,1,14580,6.0,81,2624400
1038,60,RL,69.0,9240,Pave,Reg,Lvl,AllPub,Inside,Gtl,CollgCr,Norm,Norm,1Fam,2Story,8,5,2001,2002,Gable,CompShg,VinylSd,VinylSd,396.0,Gd,TA,PConc,Gd,TA,No,Unf,0,Unf,0,1055,1055,GasA,Ex,Y,SBrkr,1055,1208,0,2263,0,0,2,1,3,1,Gd,7,Typ,1,TA,BuiltIn,2001.0,Fin,2,905,TA,TA,Y,0,45,0,0,189,0,0,9,2008,WD,Normal,287000,3318,2.5,234,2.1429924242424243,0.24491341991341992,0.3179626280892104,7,0,1,1,18104,7.5,64,5121169
1039,160,RM,21.0,1533,Pave,Reg,Lvl,AllPub,Inside,Gtl,MeadowV,Norm,Norm,Twnhs,2Story,4,6,1970,2008,Gable,CompShg,CemntBd,CmentBd,0.0,TA,TA,CBlock,TA,TA,No,Unf,0,Unf,0,546,546,GasA,TA,Y,SBrkr,798,546,0,1344,0,0,1,1,3,1,TA,6,Typ,1,TA,,0.0,,0,0,,,Y,0,0,0,0,0,0,0,5,2009,WD,Normal,97000,1890,1.5,0,2.457038391224863,0.8767123287671232,0.28888888888888886,39,0,1,0,5376,4.5,16,1806336
1040,180,RM,21.0,1477,Pave,Reg,Lvl,AllPub,Inside,Gtl,MeadowV,Norm,Norm,TwnhsE,SFoyer,4,4,1970,1970,Gable,CompShg,CemntBd,CmentBd,0.0,TA,TA,CBlock,Gd,TA,Av,GLQ,509,Unf,0,121,630,GasA,TA,Y,SBrkr,630,0,0,630,1,0,1,0,1,1,TA,3,Typ,0,,Attchd,1970.0,Unf,1,286,TA,TA,Y,0,0,0,0,0,0,0,4,2009,WD,Normal,80000,1260,2.0,0,9.336065573770492,0.4265402843601896,0.5,39,0,0,1,2520,2.0,16,396900
1041,20,RL,88.0,13125,Pave,Reg,Lvl,AllPub,Corner,Gtl,Sawyer,Norm,Norm,1Fam,1Story,5,4,1957,2000,Gable,CompShg,Wd Sdng,Wd Sdng,67.0,TA,TA,CBlock,TA,TA,No,Rec,168,BLQ,682,284,1134,GasA,Ex,Y,SBrkr,1803,0,0,1803,1,0,2,0,3,1,TA,8,Maj1,1,TA,Attchd,1957.0,RFn,2,484,TA,TA,Y,0,0,0,0,0,0,0,1,2006,WD,Normal,155000,2937,3.0,0,9.30877192982456,0.13737142857142856,0.3861082737487232,49,0,0,1,9015,9.0,25,3250809
1042,60,RL,69.0,9130,Pave,Reg,Lvl,AllPub,Inside,Gtl,NWAmes,Feedr,Norm,1Fam,2Story,6,8,1966,2000,Hip,CompShg,HdBoard,HdBoard,252.0,TA,TA,CBlock,TA,TA,No,GLQ,400,Rec,64,336,800,GasA,Gd,Y,SBrkr,800,832,0,1632,0,1,1,1,4,1,Gd,7,Typ,0,,Attchd,1966.0,Unf,2,484,TA,TA,Y,0,40,0,0,0,0,0,7,2008,WD,Normal,173000,2432,2.0,40,6.2195845697329375,0.1787513691128149,0.32894736842105265,42,0,1,1,9792,8.0,36,2663424
1043,120,RL,34.0,5381,Pave,IR1,Lvl,AllPub,Inside,Gtl,NridgHt,Norm,Norm,Twnhs,1Story,6,5,2005,2005,Gable,CompShg,VinylSd,VinylSd,135.0,Gd,TA,PConc,Gd,TA,Av,ALQ,900,Unf,0,406,1306,GasA,Ex,Y,SBrkr,1306,0,0,1306,1,0,2,0,1,1,Gd,5,Typ,1,Gd,Attchd,2005.0,RFn,2,624,TA,TA,Y,170,63,0,0,0,0,0,8,2009,WD,Normal,196000,2612,3.0,63,5.42014742014742,0.24270581676268352,0.5,4,0,0,1,7836,3.0,36,1705636
1044,60,RL,86.0,11839,Pave,Reg,Lvl,AllPub,Inside,Gtl,SawyerW,Norm,Norm,1Fam,2Story,7,5,1990,1990,Hip,CompShg,HdBoard,HdBoard,99.0,TA,TA,PConc,Gd,TA,No,GLQ,1085,Unf,0,390,1475,GasA,Ex,Y,SBrkr,1532,797,0,2329,1,0,2,1,4,1,Gd,10,Typ,1,Ex,Attchd,1990.0,Unf,2,514,TA,TA,Y,192,121,0,0,0,0,0,5,2008,WD,Normal,262280,3804,3.5,121,8.731457800511508,0.1967226961736633,0.38774973711882227,18,0,1,1,16303,14.0,49,5424241
1045,20,RL,80.0,9600,Pave,Reg,Lvl,AllPub,Inside,Gtl,NWAmes,PosN,Norm,1Fam,1Story,8,5,1981,1981,Hip,WdShngl,BrkFace,BrkFace,0.0,Gd,TA,PConc,Gd,TA,No,ALQ,1104,Unf,0,1420,2524,GasA,TA,Y,SBrkr,2524,0,0,2524,1,0,2,1,4,1,Gd,9,Typ,1,Gd,Attchd,1981.0,Fin,2,542,TA,TA,Y,474,120,0,0,0,0,0,7,2009,WD,Normal,278000,5048,3.5,120,2.5531315974665727,0.2629166666666667,0.5,28,0,0,1,20192,14.0,64,6370576
1046,20,RL,69.0,13680,Pave,IR1,Lvl,AllPub,CulDSac,Gtl,Edwards,Norm,Norm,1Fam,1Story,3,5,1955,1955,Hip,CompShg,BrkFace,Wd Sdng,0.0,TA,TA,Slab,,,,,0,,0,0,0,GasA,Ex,Y,FuseA,1733,0,0,1733,0,0,2,0,4,1,TA,8,Min2,1,Gd,Attchd,1955.0,Unf,2,452,TA,TA,Y,0,0,0,0,0,0,0,6,2009,WD,Normal,139600,1733,2.0,0,1733.0,0.1266812865497076,0.0,54,0,0,1,5199,8.0,9,3003289
1047,60,RL,85.0,16056,Pave,IR1,Lvl,AllPub,Inside,Gtl,StoneBr,Norm,Norm,1Fam,2Story,9,5,2005,2006,Hip,CompShg,CemntBd,CmentBd,208.0,Gd,TA,PConc,Ex,TA,Av,GLQ,240,Unf,0,1752,1992,GasA,Ex,Y,SBrkr,1992,876,0,2868,0,0,3,1,4,1,Ex,11,Typ,1,Gd,BuiltIn,2005.0,Fin,3,716,TA,TA,Y,214,108,0,0,0,0,0,7,2006,New,Partial,556581,4860,3.5,108,1.7729606389047348,0.17862481315396114,0.40987654320987654,1,1,1,1,25812,14.0,81,8225424
1048,20,RL,57.0,9245,Pave,IR2,Lvl,AllPub,Inside,Gtl,CollgCr,Norm,Norm,1Fam,1Story,5,5,1994,1995,Gable,CompShg,VinylSd,VinylSd,0.0,TA,TA,PConc,Gd,TA,No,GLQ,686,Unf,0,304,990,GasA,Ex,Y,SBrkr,990,0,0,990,0,1,1,0,3,1,TA,5,Typ,0,,Detchd,1996.0,Unf,2,672,TA,TA,Y,0,0,0,0,0,0,0,2,2008,WD,Normal,145000,1980,1.5,0,5.495081967213115,0.10708491076257437,0.5,14,0,0,1,4950,4.5,25,980100
1049,20,RL,100.0,21750,Pave,Reg,Lvl,AllPub,Inside,Gtl,Mitchel,Norm,Norm,1Fam,1Story,5,4,1960,2006,Hip,CompShg,HdBoard,HdBoard,75.0,TA,Fa,Slab,,,,,0,,0,0,0,GasA,TA,Y,SBrkr,1771,0,0,1771,0,0,1,0,3,1,TA,9,Min1,1,TA,Attchd,1960.0,Unf,2,336,TA,TA,Y,0,0,0,0,0,0,0,11,2009,WD,Normal,115000,1771,1.0,0,1771.0,0.08142528735632185,0.0,49,0,0,1,8855,3.0,25,3136441
1050,20,RL,60.0,11100,Pave,Reg,Low,AllPub,Inside,Gtl,Edwards,Norm,Norm,1Fam,1Story,4,7,1946,2006,Gable,CompShg,MetalSd,MetalSd,0.0,TA,TA,CBlock,,,,,0,,0,0,0,GasA,Ex,Y,SBrkr,930,0,0,930,0,0,1,0,2,1,Gd,6,Typ,0,,Detchd,1946.0,Unf,1,308,TA,TA,Y,0,0,0,0,0,0,0,4,2010,WD,Abnorml,84900,930,1.0,0,930.0,0.08378378378378379,0.0,64,0,0,1,3720,2.0,16,864900
1051,20,RL,73.0,8993,Pave,IR1,Lvl,AllPub,Inside,Gtl,Gilbert,Norm,Norm,1Fam,1Story,7,5,2007,2007,Gable,CompShg,VinylSd,VinylSd,0.0,Gd,TA,PConc,Gd,TA,Av,Unf,0,Unf,0,1302,1302,GasA,Ex,Y,SBrkr,1302,0,0,1302,0,0,2,0,3,1,Gd,6,Typ,0,,Attchd,2007.0,Fin,2,436,TA,TA,Y,0,22,0,0,0,0,0,8,2007,New,Partial,176485,2604,2.0,22,0.9992325402916347,0.14477927276770822,0.5,0,1,0,1,9114,6.0,49,1695204
1052,20,RL,103.0,11175,Pave,IR1,Lvl,AllPub,Corner,Gtl,CollgCr,Norm,Norm,1Fam,1Story,7,5,2007,2007,Gable,CompShg,VinylSd,VinylSd,0.0,Gd,TA,PConc,Gd,TA,Av,Unf,0,Unf,0,1316,1316,GasA,Ex,Y,SBrkr,1316,0,0,1316,0,0,2,0,3,1,Gd,6,Typ,1,Gd,Attchd,2007.0,Fin,2,440,TA,TA,Y,0,20,0,0,0,0,0,10,2007,New,Partial,200141,2632,2.0,20,0.9992406985573272,0.11776286353467562,0.5,0,1,0,1,9212,6.0,49,1731856
1053,60,RL,100.0,9500,Pave,Reg,Lvl,AllPub,Corner,Gtl,NAmes,Artery,Norm,1Fam,2Story,6,6,1964,1978,Gable,CompShg,VinylSd,VinylSd,272.0,TA,TA,CBlock,TA,TA,No,Rec,442,Unf,0,374,816,GasA,TA,Y,SBrkr,1127,850,0,1977,0,1,1,1,4,1,TA,9,Typ,1,TA,Attchd,1964.0,RFn,2,540,TA,TA,Y,0,52,0,0,0,0,0,6,2007,WD,Normal,165000,2793,2.0,52,6.450666666666667,0.20810526315789474,0.2921589688506982,43,0,1,1,11862,8.0,36,3908529
1054,20,RL,68.0,8562,Pave,Reg,Lvl,AllPub,Inside,Mod,Edwards,Norm,Norm,1Fam,1Story,5,6,1957,2002,Hip,CompShg,HdBoard,HdBoard,145.0,TA,TA,CBlock,TA,TA,Av,Rec,383,Unf,0,833,1216,GasA,Ex,Y,FuseA,1526,0,0,1526,0,0,1,0,4,1,TA,7,Min2,1,Gd,Basment,1957.0,Unf,1,364,TA,TA,Y,116,78,0,0,0,0,0,5,2010,WD,Normal,144500,2742,1.0,78,2.288968824940048,0.17822938565755664,0.4434719183078045,53,0,0,1,7630,4.0,25,2328676
1055,60,RL,90.0,11367,Pave,Reg,Lvl,AllPub,Corner,Gtl,CollgCr,Norm,Norm,1Fam,2Story,8,5,2002,2002,Gable,CompShg,VinylSd,VinylSd,210.0,Gd,TA,PConc,Gd,TA,Mn,GLQ,932,Unf,0,133,1065,GasA,Ex,Y,SBrkr,1091,898,0,1989,1,0,2,1,3,1,Gd,7,Typ,1,Gd,Attchd,2002.0,Fin,2,586,TA,TA,Y,199,60,0,0,0,0,0,11,2006,WD,Normal,255000,3054,3.5,60,21.79850746268657,0.1749802058590657,0.3487229862475442,4,0,1,1,15912,10.5,64,3956121
1056,20,RL,104.0,11361,Pave,Reg,Lvl,AllPub,Inside,Gtl,NWAmes,Norm,Norm,1Fam,1Story,6,5,1976,1976,Gable,CompShg,Plywood,Plywood,160.0,TA,TA,CBlock,Gd,TA,No,ALQ,644,Unf,0,549,1193,GasA,TA,Y,SBrkr,1523,0,0,1523,0,1,2,0,3,1,TA,7,Typ,1,TA,Attchd,1976.0,Fin,2,478,TA,TA,Y,0,0,0,0,189,0,0,5,2008,COD,Abnorml,180000,2716,2.5,189,3.94,0.13405510078338173,0.43924889543446244,32,0,0,1,9138,7.5,36,2319529
1057,120,RL,43.0,7052,Pave,IR1,Lvl,AllPub,Inside,Gtl,NridgHt,Norm,Norm,TwnhsE,1Story,7,5,2005,2005,Gable,CompShg,VinylSd,VinylSd,240.0,Gd,TA,PConc,Gd,TA,Av,GLQ,659,Unf,0,705,1364,GasA,Ex,Y,SBrkr,1364,0,0,1364,1,0,2,0,2,1,Gd,6,Typ,1,Gd,Attchd,2005.0,RFn,2,484,TA,TA,Y,192,36,0,0,0,0,0,6,2006,WD,Normal,185850,2728,3.0,36,2.865439093484419,0.19342030629608623,0.5,1,1,0,1,9548,6.0,49,1860496
1058,60,RL,69.0,29959,Pave,IR2,Lvl,AllPub,FR2,Gtl,NoRidge,Norm,Norm,1Fam,2Story,7,6,1994,1994,Gable,CompShg,HdBoard,HdBoard,0.0,Gd,TA,PConc,Gd,TA,No,GLQ,595,Unf,0,378,973,GasA,Ex,Y,SBrkr,979,871,0,1850,0,0,2,1,3,1,Gd,7,Typ,1,Gd,BuiltIn,1994.0,Fin,2,467,TA,TA,Y,168,98,0,0,0,0,0,1,2009,WD,Normal,248000,2823,2.5,98,6.4511873350923485,0.06175105978170166,0.34466879206517886,15,0,1,1,12950,7.5,49,3422500
1059,60,RL,96.0,11308,Pave,IR1,Lvl,AllPub,Inside,Gtl,NridgHt,Norm,Norm,1Fam,2Story,9,5,2008,2008,Gable,CompShg,VinylSd,VinylSd,154.0,Ex,TA,PConc,Ex,TA,Av,GLQ,936,Unf,0,168,1104,GasA,Ex,Y,SBrkr,1130,1054,0,2184,1,0,2,1,3,1,Ex,10,Typ,1,Gd,Attchd,2008.0,Fin,3,836,TA,TA,Y,0,102,0,0,0,0,0,7,2009,WD,Normal,335000,3288,3.5,102,18.46153846153846,0.19313760169791297,0.3357664233576642,1,1,1,1,19656,10.5,81,4769856
1060,50,RL,69.0,11275,Pave,IR1,HLS,AllPub,Corner,Mod,Crawfor,Norm,Norm,1Fam,1.5Fin,6,7,1932,1950,Gable,CompShg,MetalSd,MetalSd,480.0,TA,TA,CBlock,TA,TA,Mn,Rec,297,LwQ,557,0,854,GasA,TA,Y,SBrkr,1096,895,0,1991,0,0,1,1,3,1,TA,7,Typ,1,Gd,Detchd,1977.0,Unf,2,432,TA,Fa,Y,0,0,19,0,0,0,0,3,2007,WD,Normal,220000,2845,1.5,19,2845.0,0.17658536585365853,0.30017574692442883,75,0,1,1,11946,4.5,36,3964081
1061,120,RL,41.0,4920,Pave,Reg,Lvl,AllPub,Inside,Gtl,StoneBr,Norm,Norm,TwnhsE,1Story,8,5,2001,2001,Gable,CompShg,CemntBd,CmentBd,0.0,Gd,TA,PConc,Gd,TA,Mn,GLQ,616,Unf,0,722,1338,GasA,Ex,Y,SBrkr,1338,0,0,1338,1,0,2,0,2,1,Gd,6,Typ,0,,Attchd,2001.0,Fin,2,582,TA,TA,Y,0,0,170,0,0,0,0,4,2010,WD,Normal,213500,2676,3.0,170,2.702627939142462,0.27195121951219514,0.5,9,0,0,1,10704,6.0,64,1790244
1062,30,C (all),120.0,18000,Grvl,Reg,Low,AllPub,Inside,Gtl,IDOTRR,Norm,Norm,1Fam,1Story,3,4,1935,1950,Gable,CompShg,MetalSd,MetalSd,0.0,Fa,TA,CBlock,TA,TA,No,Unf,0,Unf,0,894,894,GasA,TA,Y,SBrkr,894,0,0,894,0,0,1,0,2,1,TA,6,Typ,0,,Detchd,1994.0,RFn,3,1248,TA,TA,Y,0,20,0,0,0,0,560,8,2008,ConLD,Normal,81000,1788,1.0,20,0.9988826815642458,0.049666666666666665,0.5,73,0,0,1,2682,2.0,9,799236
1063,190,RM,85.0,13600,Pave,Reg,Lvl,AllPub,Inside,Gtl,OldTown,Norm,Norm,2fmCon,2Story,5,5,1900,1950,Gable,CompShg,Wd Sdng,Wd Sdng,0.0,TA,TA,BrkTil,TA,TA,No,Unf,0,Unf,0,662,662,GasA,TA,N,SBrkr,1422,915,0,2337,0,0,2,0,5,2,TA,10,Min2,0,,Detchd,1945.0,Unf,2,560,TA,TA,Y,0,57,0,0,0,0,0,9,2007,WD,Normal,90000,2999,2.0,57,3.524886877828054,0.17183823529411765,0.22074024674891632,107,0,1,1,11685,10.0,25,5461569
1064,30,RM,50.0,6000,Pave,Reg,Lvl,AllPub,Inside,Gtl,OldTown,Artery,Norm,1Fam,1Story,6,6,1925,1980,Gable,CompShg,MetalSd,MetalSd,0.0,TA,Gd,BrkTil,TA,TA,No,BLQ,397,Unf,0,706,1103,GasA,Gd,Y,SBrkr,1103,0,0,1103,0,0,1,0,2,1,Gd,5,Typ,1,Gd,Detchd,1976.0,Unf,2,440,TA,TA,Y,166,120,0,0,0,0,0,7,2006,WD,Normal,110500,2206,1.0,120,2.1216407355021216,0.18383333333333332,0.5,81,0,0,1,6618,2.0,36,1216609
1065,20,RL,69.0,11000,Pave,IR1,Lvl,AllPub,CulDSac,Gtl,NAmes,Norm,Norm,1Fam,1Story,5,6,1966,1966,Gable,CompShg,Plywood,Plywood,200.0,TA,TA,CBlock,TA,TA,Mn,BLQ,740,Rec,230,184,1154,GasA,Ex,Y,SBrkr,1154,0,0,1154,0,0,1,1,3,1,TA,6,Typ,1,Po,Attchd,1966.0,RFn,2,480,TA,TA,Y,0,58,0,0,0,0,0,11,2009,WD,Normal,154000,2308,1.5,58,11.481081081081081,0.10490909090909091,0.5,43,0,0,1,5770,4.5,25,1331716
1066,60,RL,80.0,14000,Pave,Reg,Lvl,AllPub,Inside,Mod,ClearCr,Norm,Norm,1Fam,2Story,7,5,1996,1997,Gable,CompShg,Wd Sdng,Wd Sdng,0.0,Gd,TA,PConc,Ex,TA,Gd,GLQ,1201,Unf,0,105,1306,GasA,Ex,Y,SBrkr,1306,954,0,2260,1,0,2,1,3,1,Gd,7,Typ,0,,Attchd,1996.0,RFn,2,533,TA,TA,Y,296,44,0,0,0,0,0,4,2010,WD,Normal,328000,3566,3.5,44,32.65094339622642,0.16142857142857142,0.3662366797532249,14,0,1,1,15820,10.5,49,5107600
1067,60,RL,59.0,7837,Pave,IR1,Lvl,AllPub,Inside,Gtl,Gilbert,Norm,Norm,1Fam,2Story,6,7,1993,1994,Gable,CompShg,VinylSd,VinylSd,0.0,Gd,TA,PConc,Gd,TA,No,Unf,0,Unf,0,799,799,GasA,Gd,Y,SBrkr,799,772,0,1571,0,0,2,1,3,1,TA,7,Typ,1,TA,Attchd,1993.0,RFn,2,380,TA,TA,Y,0,40,0,0,0,0,0,5,2009,WD,Normal,178000,2370,2.5,40,1.96375,0.20045935944876866,0.3371308016877637,16,0,1,1,9426,7.5,36,2468041
1068,60,RL,80.0,9760,Pave,Reg,Lvl,AllPub,Inside,Mod,NAmes,Norm,Norm,1Fam,2Story,6,6,1964,1964,Gable,CompShg,HdBoard,HdBoard,360.0,TA,TA,CBlock,TA,TA,Gd,GLQ,674,LwQ,106,0,780,GasA,TA,Y,SBrkr,798,813,0,1611,1,0,1,1,4,1,TA,7,Typ,0,,Attchd,1964.0,RFn,2,442,TA,TA,Y,328,128,0,0,189,0,0,6,2008,WD,Normal,167900,2391,2.5,317,2391.0,0.16506147540983607,0.32622333751568383,44,0,1,1,9666,10.0,36,2595321
1069,160,RM,42.0,3964,Pave,Reg,Lvl,AllPub,Inside,Gtl,MeadowV,Norm,Norm,TwnhsE,2Story,6,4,1973,1973,Gable,CompShg,CemntBd,CmentBd,0.0,TA,TA,CBlock,Gd,TA,No,ALQ,837,Unf,0,105,942,GasA,Gd,Y,SBrkr,1291,1230,0,2521,1,0,2,1,5,1,TA,10,Maj1,1,Gd,Attchd,1973.0,Fin,2,576,TA,TA,Y,728,20,0,0,0,0,0,6,2006,WD,Normal,151400,3463,3.5,20,31.67924528301887,0.6359737638748738,0.27201848108576376,33,0,1,1,15126,17.5,36,6355441
1070,45,RL,60.0,9600,Pave,Reg,Lvl,AllPub,Inside,Gtl,NAmes,Norm,Norm,1Fam,1.5Unf,5,7,1949,2003,Gable,CompShg,MetalSd,MetalSd,0.0,TA,TA,CBlock,TA,TA,No,ALQ,220,Unf,0,625,845,GasA,TA,Y,SBrkr,893,0,0,893,0,1,1,0,2,1,Gd,4,Typ,0,,Detchd,1985.0,Unf,2,576,TA,TA,Y,0,0,0,0,0,0,0,5,2007,WD,Normal,135000,1738,1.5,0,1.7779552715654952,0.09302083333333333,0.4861910241657077,58,0,0,1,4465,3.0,25,797449
1071,20,RL,72.0,10152,Pave,Reg,Lvl,AllPub,Inside,Gtl,NAmes,Norm,Norm,1Fam,1Story,5,5,1956,1956,Hip,CompShg,MetalSd,MetalSd,120.0,TA,TA,CBlock,TA,TA,No,BLQ,586,Unf,0,462,1048,GasA,TA,Y,SBrkr,1048,0,0,1048,1,0,1,0,3,1,TA,6,Typ,0,,Attchd,1956.0,Unf,1,286,TA,TA,Y,0,20,0,0,192,0,0,6,2007,WD,Normal,135000,2096,2.0,212,3.529157667386609,0.10323089046493301,0.5,51,0,0,1,5240,6.0,25,1098304
1072,60,RL,78.0,11700,Pave,Reg,Lvl,AllPub,Inside,Gtl,NWAmes,RRAn,Norm,1Fam,2Story,6,6,1968,1968,Gable,CompShg,MetalSd,MetalSd,0.0,TA,TA,CBlock,TA,TA,No,Rec,298,Unf,0,429,727,GasA,Ex,Y,SBrkr,829,727,0,1556,0,0,1,1,4,1,TA,8,Typ,0,,Attchd,1968.0,Unf,2,441,TA,TA,Y,0,0,0,0,0,0,0,5,2009,WD,Normal,154000,2283,1.5,0,4.311627906976744,0.13299145299145299,0.31844064826982044,41,0,1,1,9336,6.0,36,2421136
1073,50,RL,50.0,7585,Pave,Reg,Lvl,AllPub,Inside,Gtl,Edwards,Artery,Norm,1Fam,1.5Fin,5,3,1948,1950,Gable,CompShg,MetalSd,MetalSd,0.0,TA,TA,CBlock,Fa,Fa,Mn,Unf,0,Unf,0,810,810,GasA,Fa,Y,FuseA,1002,454,0,1456,1,1,1,0,4,1,TA,7,Typ,1,TA,Detchd,1954.0,Unf,1,280,TA,TA,P,0,0,0,0,0,0,0,8,2006,WD,Normal,91500,2266,2.5,0,1.7953144266337855,0.1919578114700066,0.3574580759046778,58,0,1,1,7280,10.0,25,2119936
1074,60,RL,75.0,7950,Pave,IR1,Bnk,AllPub,Corner,Gtl,Edwards,Norm,Norm,1Fam,2Story,6,6,1977,1977,Hip,CompShg,HdBoard,Plywood,140.0,TA,TA,CBlock,TA,TA,No,BLQ,535,Unf,0,155,690,GasA,TA,Y,SBrkr,698,728,0,1426,0,0,1,1,3,1,TA,6,Typ,0,,Attchd,1977.0,Fin,2,440,TA,TA,Y,252,0,0,0,0,0,0,7,2009,WD,Normal,159500,2116,1.5,0,12.570512820512821,0.17937106918238993,0.32608695652173914,32,0,1,1,8556,4.5,36,2033476
1075,20,RL,74.0,8556,Pave,Reg,Lvl,AllPub,Inside,Gtl,CollgCr,Norm,Norm,1Fam,1Story,7,5,2006,2006,Gable,CompShg,VinylSd,VinylSd,0.0,Gd,TA,PConc,Gd,TA,Av,Unf,0,Unf,0,1240,1240,GasA,Ex,Y,SBrkr,1240,0,0,1240,0,0,2,0,2,1,Gd,5,Typ,0,,Attchd,2006.0,RFn,3,826,TA,TA,Y,140,93,0,0,0,0,0,5,2007,WD,Normal,194000,2480,2.0,93,0.9991941982272361,0.14492753623188406,0.5,1,1,0,1,8680,4.0,49,1537600
1076,70,RL,75.0,13125,Pave,Reg,Lvl,AllPub,Inside,Gtl,Crawfor,Norm,Norm,1Fam,2Story,7,6,1940,1984,Gable,CompShg,Wd Sdng,Wd Sdng,0.0,TA,TA,CBlock,TA,TA,No,BLQ,410,Unf,0,390,800,GasA,TA,Y,SBrkr,960,780,0,1740,0,0,1,1,3,1,TA,6,Typ,2,Gd,Attchd,1940.0,Unf,1,240,TA,TA,Y,0,0,0,0,0,0,0,7,2007,CWD,Normal,219500,2540,1.5,0,5.498721227621483,0.13257142857142856,0.31496062992125984,67,0,1,1,12180,4.5,49,3027600
1077,50,RL,60.0,10800,Pave,Reg,Lvl,AllPub,Inside,Gtl,OldTown,Norm,Norm,1Fam,1.5Fin,5,8,1936,1989,Gable,CompShg,Wd Sdng,Wd Sdng,0.0,TA,TA,CBlock,Fa,TA,No,ALQ,626,Unf,0,170,796,GasA,Gd,Y,SBrkr,1096,370,0,1466,0,1,2,0,3,1,Gd,7,Min1,1,TA,Attchd,1950.0,Unf,2,566,TA,TA,Y,436,21,0,0,0,0,500,4,2006,WD,Normal,170000,2262,2.5,21,12.23391812865497,0.13574074074074075,0.35190097259062775,70,0,1,1,7330,7.5,25,2149156
1078,20,RL,69.0,15870,Pave,IR1,Lvl,AllPub,Corner,Gtl,NAmes,Norm,Norm,1Fam,1Story,5,5,1969,1969,Gable,CompShg,VinylSd,Plywood,0.0,TA,TA,CBlock,TA,TA,Mn,BLQ,75,Rec,791,230,1096,GasA,Ex,Y,SBrkr,1096,0,0,1096,1,0,1,0,3,1,TA,6,Typ,0,,Attchd,1969.0,Fin,1,299,TA,TA,Y,240,32,0,0,0,0,0,3,2006,WD,Abnorml,138800,2192,2.0,32,8.493506493506494,0.06906112161310649,0.5,37,0,0,1,5480,6.0,25,1201216
1079,120,RM,37.0,4435,Pave,Reg,Lvl,AllPub,Inside,Gtl,CollgCr,Norm,Norm,TwnhsE,1Story,6,5,2004,2004,Gable,CompShg,VinylSd,VinylSd,169.0,Gd,TA,PConc,Gd,TA,Mn,GLQ,662,Unf,0,186,848,GasA,Ex,Y,SBrkr,848,0,0,848,1,0,1,0,1,1,Gd,3,Typ,1,Gd,Attchd,2004.0,RFn,2,420,TA,TA,Y,140,0,0,0,0,0,0,5,2006,WD,Normal,155900,1696,2.0,0,8.074866310160427,0.19120631341600902,0.5,2,1,0,1,5088,2.0,36,719104
1080,20,RL,65.0,8775,Pave,Reg,Lvl,AllPub,Inside,Gtl,CollgCr,Norm,Norm,1Fam,1Story,5,5,1994,1994,Gable,CompShg,VinylSd,VinylSd,0.0,TA,TA,PConc,Gd,TA,No,GLQ,495,Unf,0,495,990,GasA,Gd,Y,SBrkr,990,0,0,990,0,0,1,0,3,1,TA,5,Typ,0,,Attchd,1996.0,Unf,1,299,TA,TA,Y,0,64,0,0,0,0,0,4,2007,WD,Normal,126000,1980,1.0,64,2.993951612903226,0.11282051282051282,0.5,13,0,0,1,4950,3.0,25,980100
1081,20,RL,80.0,11040,Pave,Reg,Lvl,AllPub,Inside,Gtl,NWAmes,Norm,Norm,1Fam,1Story,6,7,1971,2004,Gable,CompShg,VinylSd,VinylSd,144.0,Gd,Gd,CBlock,TA,TA,No,ALQ,656,Unf,0,602,1258,GasA,Ex,Y,SBrkr,1258,0,0,1258,0,1,2,0,3,1,Gd,5,Typ,0,,Attchd,1971.0,RFn,2,528,TA,TA,Y,55,0,0,216,0,0,0,10,2008,COD,Abnorml,145000,2516,2.5,216,3.174129353233831,0.11394927536231884,0.5,37,0,0,1,7548,7.5,36,1582564
1082,20,RL,75.0,7500,Pave,Reg,Lvl,AllPub,Corner,Gtl,Sawyer,Feedr,Norm,1Fam,1Story,5,5,1963,1963,Gable,CompShg,HdBoard,HdBoard,0.0,TA,TA,CBlock,TA,TA,No,ALQ,824,Unf,0,216,1040,GasA,Fa,Y,SBrkr,1040,0,0,1040,1,0,1,1,3,1,TA,5,Typ,0,,Attchd,1963.0,Fin,1,308,TA,TA,Y,0,0,220,0,0,0,0,6,2010,WD,Normal,133000,2080,2.5,220,8.589861751152073,0.13866666666666666,0.5,47,0,0,1,5200,7.5,25,1081600
1083,20,RL,70.0,8749,Pave,Reg,Lvl,AllPub,Inside,Gtl,CollgCr,Norm,Norm,1Fam,1Story,7,5,2002,2002,Gable,CompShg,VinylSd,VinylSd,100.0,Gd,TA,PConc,Gd,TA,No,Unf,0,Unf,0,1459,1459,GasA,Ex,Y,SBrkr,1459,0,0,1459,0,0,2,0,3,1,Gd,6,Typ,1,Gd,Attchd,2002.0,RFn,2,527,TA,TA,Y,192,39,0,0,0,0,0,9,2007,WD,Normal,192000,2918,2.0,39,0.9993150684931507,0.16676191564750256,0.5,5,0,0,1,10213,6.0,49,2128681
1084,20,RL,80.0,8800,Pave,Reg,Lvl,AllPub,Inside,Gtl,NAmes,Norm,Norm,1Fam,1Story,6,6,1964,1964,Hip,CompShg,HdBoard,HdBoard,425.0,TA,TA,CBlock,TA,TA,No,BLQ,553,Unf,0,698,1251,GasA,TA,Y,SBrkr,1251,0,0,1251,1,0,1,0,3,1,TA,6,Typ,2,Gd,Attchd,1964.0,RFn,1,461,TA,TA,Y,0,116,0,0,0,0,700,3,2006,WD,Normal,160000,2502,2.0,116,2.580829756795422,0.1421590909090909,0.5,42,0,0,1,7506,6.0,36,1565001
1085,60,RL,69.0,13031,Pave,IR2,Lvl,AllPub,Corner,Gtl,Gilbert,Norm,Norm,1Fam,2Story,6,5,1995,1996,Gable,CompShg,HdBoard,HdBoard,0.0,TA,TA,PConc,Gd,TA,No,ALQ,592,Unf,0,99,691,GasA,Gd,Y,SBrkr,691,807,0,1498,0,0,2,1,3,1,TA,6,Typ,1,TA,Attchd,1995.0,Fin,2,409,TA,TA,Y,315,44,0,0,0,0,0,7,2006,WD,Normal,187500,2189,2.5,44,20.9,0.11495664185404036,0.3156692553677478,11,0,1,1,8988,7.5,36,2244004
1086,85,RL,73.0,9069,Pave,Reg,Lvl,AllPub,Inside,Gtl,SawyerW,Norm,Norm,1Fam,SFoyer,6,6,1992,1992,Gable,CompShg,HdBoard,HdBoard,0.0,TA,TA,PConc,Gd,TA,Av,GLQ,747,Unf,0,189,936,GasA,Ex,Y,SBrkr,996,0,0,996,1,0,1,0,2,1,Gd,5,Typ,0,,Attchd,1992.0,Unf,2,564,TA,TA,Y,120,0,0,0,0,0,0,4,2010,WD,Normal,147000,1932,2.0,0,9.173684210526316,0.10982467747270923,0.484472049689441,18,0,0,1,5976,4.0,36,992016
1087,160,RM,69.0,1974,Pave,Reg,Lvl,AllPub,Inside,Gtl,MeadowV,Norm,Norm,TwnhsE,2Story,4,5,1973,1973,Gable,CompShg,CemntBd,CmentBd,0.0,TA,TA,CBlock,TA,TA,No,BLQ,334,Unf,0,212,546,GasA,TA,Y,SBrkr,546,546,0,1092,0,0,1,1,3,1,TA,6,Typ,0,,Attchd,1973.0,RFn,1,286,TA,TA,Y,120,96,0,0,0,0,0,5,2010,WD,Normal,83500,1638,1.5,96,6.694835680751174,0.5531914893617021,0.3333333333333333,37,0,1,1,4368,4.5,16,1192464
1088,60,FV,85.0,10574,Pave,Reg,Lvl,AllPub,Inside,Gtl,Somerst,Norm,Norm,1Fam,2Story,8,5,2005,2006,Gable,CompShg,VinylSd,VinylSd,0.0,Gd,TA,PConc,Gd,TA,Mn,Unf,0,Unf,0,1082,1082,GasA,Ex,Y,SBrkr,1082,871,0,1953,0,0,2,1,3,1,Gd,9,Typ,1,Gd,Attchd,2005.0,RFn,3,1043,TA,TA,Y,160,50,0,0,0,0,0,5,2009,WD,Normal,252000,3035,2.5,50,1.8033240997229918,0.18469831662568564,0.35650741350906096,4,0,1,1,15624,7.5,64,3814209
1089,160,RM,24.0,2522,Pave,Reg,Lvl,AllPub,Inside,Gtl,Edwards,Norm,Norm,Twnhs,2Story,7,5,2004,2004,Gable,CompShg,VinylSd,VinylSd,50.0,Gd,TA,PConc,Gd,TA,No,Unf,0,Unf,0,970,970,GasA,Ex,Y,SBrkr,970,739,0,1709,0,0,2,0,3,1,Gd,7,Maj1,0,,Detchd,2004.0,Unf,2,380,TA,TA,Y,0,40,0,0,0,0,0,4,2006,WD,Normal,137500,2679,2.0,40,1.760041194644696,0.6776367961934973,0.3620754012691303,2,1,1,1,11963,6.0,49,2920681
1090,120,FV,37.0,3316,Pave,IR1,Lvl,AllPub,Inside,Gtl,Somerst,Norm,Norm,TwnhsE,1Story,8,5,2005,2005,Gable,CompShg,MetalSd,MetalSd,0.0,Gd,TA,PConc,Gd,TA,No,GLQ,1039,Unf,0,208,1247,GasA,Ex,Y,SBrkr,1247,0,0,1247,1,0,1,1,1,1,Gd,4,Typ,1,Gd,Attchd,2005.0,Fin,2,550,TA,TA,Y,0,84,0,0,0,0,0,4,2006,WD,Normal,197000,2494,2.5,84,10.937799043062201,0.37605548854041015,0.5,1,1,0,1,9976,2.5,64,1555009
1091,90,RL,60.0,8544,Pave,Reg,Lvl,AllPub,Corner,Gtl,NAmes,Norm,Norm,Duplex,1Story,3,4,1950,1950,Gable,CompShg,BrkFace,BrkFace,0.0,TA,TA,Slab,,,,,0,,0,0,0,Wall,Fa,N,FuseA,1040,0,0,1040,0,0,2,0,2,2,TA,6,Typ,0,,Detchd,1987.0,Unf,2,400,TA,TA,Y,0,0,0,0,0,0,0,6,2009,WD,Normal,92900,1040,2.0,0,1040.0,0.12172284644194757,0.0,59,0,0,1,3120,4.0,9,1081600
1092,160,FV,24.0,2160,Pave,Reg,Lvl,AllPub,Inside,Gtl,Somerst,Norm,Norm,Twnhs,2Story,7,5,1999,2000,Gable,CompShg,MetalSd,MetalSd,212.0,Gd,TA,PConc,Gd,TA,No,BLQ,510,Unf,0,90,600,GasA,Ex,Y,SBrkr,624,628,0,1252,1,0,2,1,2,1,Gd,4,Typ,0,,Detchd,1999.0,Unf,2,462,TA,TA,Y,0,48,0,0,0,0,0,3,2008,WD,Normal,160000,1852,3.5,48,19.36263736263736,0.5796296296296296,0.32397408207343414,9,0,1,1,8764,7.0,49,1567504
1093,50,RL,60.0,8400,Pave,Reg,Bnk,AllPub,Inside,Gtl,SWISU,Norm,Norm,1Fam,1.5Fin,6,5,1925,1950,Gable,CompShg,MetalSd,MetalSd,0.0,TA,TA,PConc,TA,TA,No,Rec,423,Unf,0,758,1181,GasA,Fa,Y,SBrkr,1390,304,0,1694,0,0,2,0,4,1,TA,7,Typ,1,Gd,Detchd,1925.0,Unf,2,576,TA,TA,Y,342,0,128,0,0,0,0,6,2008,WD,Normal,136500,2875,2.0,128,2.7891963109354414,0.20166666666666666,0.4107826086956522,83,0,1,1,10164,8.0,36,2869636
1094,20,RL,71.0,9230,Pave,Reg,Lvl,AllPub,Corner,Gtl,NAmes,Feedr,Norm,1Fam,1Story,5,8,1965,1998,Hip,CompShg,MetalSd,MetalSd,166.0,TA,TA,CBlock,TA,TA,Mn,GLQ,661,Unf,0,203,864,GasA,Gd,Y,SBrkr,1200,0,0,1200,1,0,1,1,1,1,Gd,6,Typ,0,,Detchd,1977.0,Unf,2,884,TA,TA,Y,0,64,0,0,0,0,0,10,2006,WD,Normal,146000,2064,2.5,64,9.122549019607844,0.13001083423618634,0.4186046511627907,41,0,0,1,6000,2.5,25,1440000
1095,20,RL,74.0,5868,Pave,Reg,Lvl,AllPub,Inside,Gtl,NAmes,Norm,Norm,1Fam,1Story,5,7,1956,2000,Gable,CompShg,MetalSd,MetalSd,0.0,TA,TA,CBlock,TA,TA,No,BLQ,248,Rec,240,448,936,GasA,Ex,Y,SBrkr,936,0,0,936,1,0,1,0,2,1,TA,4,Typ,0,,Attchd,1956.0,Fin,1,308,TA,TA,Y,0,0,80,0,160,0,0,5,2010,WD,Normal,129000,1872,2.0,240,3.1714922048997773,0.15950920245398773,0.5,54,0,0,1,4680,4.0,25,876096
1096,20,RL,78.0,9317,Pave,IR1,Lvl,AllPub,Inside,Gtl,CollgCr,Norm,Norm,1Fam,1Story,6,5,2006,2006,Gable,CompShg,VinylSd,VinylSd,0.0,Gd,TA,PConc,Gd,TA,No,GLQ,24,Unf,0,1290,1314,GasA,Gd,Y,SBrkr,1314,0,0,1314,0,0,2,0,3,1,Gd,6,Typ,1,Gd,Attchd,2006.0,RFn,2,440,TA,TA,Y,0,22,0,0,0,0,0,3,2007,WD,Normal,176432,2628,2.0,22,1.0364058869093726,0.14103252119781046,0.5,1,1,0,1,7884,6.0,36,1726596
1097,70,RM,60.0,6882,Pave,Reg,Lvl,AllPub,Inside,Gtl,IDOTRR,Norm,Norm,1Fam,2Story,6,7,1914,2006,Gable,CompShg,Wd Sdng,Wd Sdng,0.0,TA,TA,PConc,TA,TA,No,Unf,0,Unf,0,684,684,GasA,TA,Y,SBrkr,773,582,0,1355,0,0,1,1,3,1,Gd,7,Typ,0,,,0.0,,0,0,,,Y,136,0,115,0,0,0,0,3,2007,WD,Normal,127000,2039,1.5,115,1.9781021897810218,0.1968904388259227,0.33545855811672387,93,0,1,0,8130,4.5,36,1836025
1098,120,RL,69.0,3696,Pave,Reg,Lvl,AllPub,Inside,Gtl,StoneBr,Norm,Norm,TwnhsE,1Story,8,5,1986,1986,Gable,CompShg,HdBoard,HdBoard,0.0,Gd,TA,CBlock,Gd,TA,No,Unf,0,Unf,0,1074,1074,GasA,Ex,Y,SBrkr,1088,0,0,1088,0,0,1,1,2,1,Gd,5,Typ,0,,Attchd,1987.0,RFn,2,461,TA,TA,Y,0,74,137,0,0,0,0,10,2007,WD,Normal,170000,2162,1.5,211,1.0120930232558139,0.2943722943722944,0.4967622571692877,21,0,0,1,8704,3.0,64,1183744
1099,50,RM,50.0,6000,Pave,Reg,Lvl,AllPub,Inside,Gtl,BrkSide,Norm,Norm,1Fam,1.5Fin,4,6,1936,1950,Gable,CompShg,MetalSd,MetalSd,0.0,TA,TA,BrkTil,TA,TA,No,BLQ,672,Unf,0,0,672,GasA,TA,Y,SBrkr,757,567,0,1324,0,0,1,0,3,1,TA,6,Typ,0,,Detchd,1936.0,Unf,1,240,TA,TA,Y,0,0,0,0,0,0,0,7,2009,WD,Normal,128000,1996,1.0,0,1996.0,0.22066666666666668,0.3366733466933868,73,0,1,1,5296,3.0,16,1752976
1100,20,RL,82.0,11880,Pave,IR1,Lvl,AllPub,Inside,Gtl,NWAmes,RRAn,Norm,1Fam,1Story,7,5,1978,1978,Gable,CompShg,Plywood,Plywood,206.0,TA,TA,CBlock,Gd,TA,No,ALQ,704,Unf,0,567,1271,GasA,TA,Y,SBrkr,1601,0,0,1601,0,0,2,0,3,1,TA,7,Typ,1,TA,Attchd,1978.0,RFn,2,478,TA,TA,Y,0,0,0,0,0,0,0,4,2009,COD,Abnorml,157000,2872,2.0,0,4.058098591549296,0.13476430976430975,0.44254874651810583,31,0,0,1,11207,6.0,49,2563201
1101,30,RL,60.0,8400,Pave,Reg,Bnk,AllPub,Inside,Gtl,SWISU,Norm,Norm,1Fam,1Story,2,5,1920,1950,Gable,CompShg,Wd Sdng,Wd Sdng,0.0,TA,TA,CBlock,TA,Fa,No,Rec,290,Unf,0,0,290,GasA,TA,N,FuseF,438,0,0,438,0,0,1,0,1,1,Fa,3,Typ,0,,Detchd,1930.0,Unf,1,246,TA,TA,N,0,0,0,0,0,0,0,1,2009,WD,Normal,60000,728,1.0,0,728.0,0.052142857142857144,0.3983516483516483,89,0,0,1,876,1.0,4,191844
1102,20,RL,61.0,9758,Pave,IR1,Lvl,AllPub,Inside,Gtl,NAmes,Norm,Norm,1Fam,1Story,5,5,1971,1971,Gable,CompShg,HdBoard,MetalSd,0.0,TA,TA,CBlock,TA,TA,No,BLQ,412,LwQ,287,251,950,GasA,TA,Y,SBrkr,950,0,0,950,0,0,1,0,3,1,TA,5,Typ,0,,Detchd,1981.0,Unf,1,280,TA,TA,Y,0,0,0,0,0,0,0,7,2007,WD,Normal,119500,1900,1.0,0,6.5436507936507935,0.0973560155769625,0.5,36,0,0,1,4750,3.0,25,902500
1103,20,RL,70.0,7000,Pave,Reg,Lvl,AllPub,Inside,Gtl,NAmes,Norm,Norm,1Fam,1Story,5,7,1960,2002,Gable,CompShg,Wd Sdng,Wd Sdng,45.0,TA,TA,CBlock,TA,TA,No,Rec,588,Unf,0,422,1010,GasA,Ex,Y,SBrkr,1134,0,0,1134,0,0,1,0,2,1,TA,6,Typ,0,,Attchd,1960.0,RFn,1,254,TA,TA,Y,0,16,0,0,0,0,0,4,2007,WD,Family,135000,2144,1.0,16,4.070921985815603,0.162,0.4710820895522388,47,0,0,1,5670,2.0,25,1285956
1104,20,RL,79.0,8910,Pave,Reg,Lvl,AllPub,Corner,Gtl,NAmes,Norm,Norm,1Fam,1Story,6,6,1959,1959,Hip,CompShg,BrkFace,BrkFace,0.0,TA,TA,CBlock,TA,TA,Mn,ALQ,655,Unf,0,0,655,GasA,Ex,Y,SBrkr,1194,0,0,1194,0,1,1,0,3,1,TA,6,Typ,1,Fa,BuiltIn,1954.0,Fin,2,539,TA,TA,Y,0,0,192,0,0,0,0,7,2006,WD,Normal,159500,1849,1.5,192,1849.0,0.13400673400673402,0.35424553812871823,47,0,0,1,7164,4.5,36,1425636
1105,160,RM,24.0,2016,Pave,Reg,Lvl,AllPub,Inside,Gtl,BrDale,Norm,Norm,TwnhsE,2Story,5,5,1970,1970,Gable,CompShg,HdBoard,HdBoard,304.0,TA,TA,CBlock,TA,TA,No,Unf,0,Unf,0,630,630,GasA,TA,Y,SBrkr,630,672,0,1302,0,0,2,1,3,1,TA,6,Typ,0,,Detchd,1970.0,Unf,2,440,TA,TA,Y,0,0,0,0,0,0,0,4,2007,WD,Normal,106000,1932,2.5,0,2.063391442155309,0.6458333333333334,0.32608695652173914,37,0,1,1,6510,7.5,25,1695204
1106,60,RL,98.0,12256,Pave,IR1,Lvl,AllPub,Corner,Gtl,NoRidge,Norm,Norm,1Fam,2Story,8,5,1994,1995,Gable,CompShg,HdBoard,HdBoard,362.0,Gd,TA,PConc,Ex,TA,Av,GLQ,1032,Unf,0,431,1463,GasA,Ex,Y,SBrkr,1500,1122,0,2622,1,0,2,1,3,1,Gd,9,Typ,2,TA,Attchd,1994.0,RFn,2,712,TA,TA,Y,186,32,0,0,0,0,0,4,2010,WD,Normal,325000,4085,3.5,32,8.458333333333334,0.2139360313315927,0.3581395348837209,16,0,1,1,20976,10.5,64,6874884
1107,20,RL,114.0,10357,Pave,IR1,Lvl,AllPub,Corner,Gtl,SawyerW,Feedr,Norm,1Fam,1Story,7,5,1990,1991,Hip,CompShg,HdBoard,HdBoard,0.0,Gd,TA,PConc,Gd,TA,Mn,GLQ,738,Unf,0,172,910,GasA,Gd,Y,SBrkr,1442,0,0,1442,1,0,2,0,3,1,Gd,6,Typ,1,TA,Attchd,1990.0,Fin,2,719,TA,TA,Y,0,244,0,0,0,0,0,5,2007,WD,Normal,179900,2352,3.0,244,12.601156069364162,0.13922950661388434,0.3869047619047619,17,0,0,1,10094,9.0,49,2079364
1108,60,RL,168.0,23257,Pave,IR3,HLS,AllPub,CulDSac,Gtl,Gilbert,Norm,Norm,1Fam,2Story,7,5,2006,2006,Gable,CompShg,VinylSd,VinylSd,0.0,Gd,TA,PConc,Ex,Gd,No,Unf,0,Unf,0,868,868,GasA,Ex,Y,SBrkr,887,1134,0,2021,0,0,2,1,3,1,Gd,9,Typ,1,Gd,BuiltIn,2006.0,RFn,2,422,TA,TA,Y,0,100,0,0,0,0,0,9,2006,New,Partial,274725,2889,2.5,100,2.3256616800920598,0.08689856817302317,0.30044998269297335,0,1,1,1,14147,7.5,49,4084441
1109,60,RL,69.0,8063,Pave,Reg,Lvl,AllPub,Inside,Gtl,Gilbert,Norm,Norm,1Fam,2Story,6,5,2000,2000,Gable,CompShg,VinylSd,VinylSd,0.0,TA,TA,PConc,Gd,TA,No,Unf,0,Unf,0,924,924,GasA,Ex,Y,SBrkr,948,742,0,1690,0,0,2,1,3,1,TA,7,Typ,1,TA,Attchd,2000.0,RFn,2,463,TA,TA,Y,100,48,0,0,0,0,0,11,2007,WD,Abnorml,181000,2614,2.5,48,1.827027027027027,0.20959940468808136,0.35348125478194337,7,0,1,1,10140,7.5,36,2856100
1110,20,RL,107.0,11362,Pave,IR1,Lvl,AllPub,Inside,Gtl,NridgHt,Norm,Norm,1Fam,1Story,8,5,2004,2005,Gable,CompShg,MetalSd,MetalSd,42.0,Gd,TA,PConc,Ex,TA,Mn,GLQ,1039,Unf,0,797,1836,GasA,Ex,Y,SBrkr,1836,0,0,1836,1,0,2,0,3,1,Gd,7,Typ,1,Gd,Attchd,2004.0,Fin,3,862,TA,TA,Y,125,185,0,0,0,0,0,3,2009,WD,Normal,280000,3672,3.0,185,3.6027568922305764,0.16159126914275657,0.5,5,0,0,1,14688,9.0,64,3370896
1111,60,RL,69.0,8000,Pave,Reg,Lvl,AllPub,Inside,Gtl,Gilbert,Norm,Norm,1Fam,2Story,6,5,1995,1996,Gable,CompShg,HdBoard,HdBoard,0.0,TA,TA,PConc,Gd,TA,No,GLQ,219,Unf,0,554,773,GasA,Gd,Y,SBrkr,773,885,0,1658,1,0,2,1,3,1,TA,8,Typ,1,TA,Attchd,1995.0,Fin,2,431,TA,TA,Y,224,84,0,0,0,0,0,6,2008,WD,Normal,188000,2431,3.5,84,3.381981981981982,0.20725,0.31797614150555326,13,0,1,1,9948,10.5,36,2748964
1112,60,RL,80.0,10480,Pave,Reg,Lvl,AllPub,Inside,Gtl,NWAmes,Norm,Norm,1Fam,2Story,7,6,1976,1976,Hip,CompShg,Plywood,Plywood,660.0,TA,TA,CBlock,TA,TA,No,ALQ,403,Unf,0,400,803,GasA,TA,Y,SBrkr,1098,866,0,1964,0,0,2,1,4,1,TA,8,Typ,1,Gd,Attchd,1976.0,RFn,2,483,TA,TA,Y,0,69,0,0,0,0,0,9,2008,WD,Normal,205000,2767,2.5,69,5.902743142144638,0.18740458015267175,0.29020599927719554,32,0,1,1,13748,10.0,49,3857296
1113,20,RL,73.0,7100,Pave,IR1,Lvl,AllPub,Corner,Gtl,NAmes,Norm,Norm,1Fam,1Story,5,7,1957,1957,Gable,CompShg,WdShing,Wd Shng,0.0,TA,TA,CBlock,TA,TA,No,GLQ,708,Unf,0,108,816,GasA,TA,Y,FuseA,816,0,0,816,1,0,1,0,2,1,TA,5,Typ,0,,Detchd,1957.0,Unf,1,308,TA,TA,Y,0,0,0,0,0,0,0,7,2006,WD,Normal,129900,1632,2.0,0,13.98165137614679,0.11492957746478873,0.5,49,0,0,1,4080,4.0,25,665856
1114,20,RL,66.0,8923,Pave,Reg,Lvl,AllPub,Inside,Gtl,NAmes,Norm,Norm,1Fam,1Story,5,7,1953,2006,Gable,CompShg,Wd Sdng,Wd Sdng,0.0,TA,TA,CBlock,TA,TA,No,BLQ,643,Unf,0,365,1008,GasA,Gd,Y,SBrkr,1008,0,0,1008,1,0,1,0,2,1,Gd,6,Typ,0,,Attchd,1953.0,Unf,1,240,TA,TA,Y,0,18,0,0,0,0,0,5,2007,WD,Normal,134500,2016,2.0,18,4.5109289617486334,0.11296649109044044,0.5,54,0,0,1,5040,4.0,25,1016064
1115,20,RL,90.0,5400,Pave,Reg,Lvl,AllPub,Inside,Gtl,OldTown,Norm,Norm,1Fam,1Story,5,7,1954,2000,Gable,CompShg,MetalSd,MetalSd,0.0,TA,Gd,CBlock,TA,TA,No,Rec,415,Unf,0,418,833,GasA,Ex,Y,SBrkr,833,0,0,833,0,0,1,0,2,1,Gd,4,Typ,0,,Detchd,1955.0,Unf,1,326,TA,TA,Y,0,0,0,0,0,0,0,8,2006,WD,Normal,117000,1666,1.0,0,2.9785202863961815,0.15425925925925926,0.5,52,0,0,1,4165,2.0,25,693889
1116,20,RL,93.0,12085,Pave,Reg,Lvl,AllPub,Inside,Gtl,NridgHt,Norm,Norm,1Fam,1Story,8,5,2007,2007,Hip,CompShg,VinylSd,VinylSd,328.0,Gd,TA,PConc,Ex,TA,No,GLQ,1004,Unf,0,730,1734,GasA,Ex,Y,SBrkr,1734,0,0,1734,1,0,2,0,3,1,Ex,7,Typ,1,Gd,Attchd,2007.0,RFn,3,928,TA,TA,Y,0,0,0,0,0,0,0,11,2007,New,Partial,318000,3468,3.0,0,3.7455540355677153,0.14348365742656186,0.5,0,1,0,1,13872,9.0,64,3006756
1117,80,RL,69.0,7750,Pave,Reg,Lvl,AllPub,Inside,Gtl,Gilbert,Norm,Norm,1Fam,SLvl,8,5,2002,2002,Hip,CompShg,VinylSd,VinylSd,0.0,Gd,TA,PConc,Gd,TA,No,GLQ,353,Unf,0,55,408,GasA,Ex,Y,SBrkr,779,640,0,1419,1,0,2,1,3,1,Gd,7,Typ,1,TA,BuiltIn,2002.0,Fin,2,527,TA,TA,Y,120,0,0,0,0,0,0,3,2009,WD,Normal,184100,1827,3.5,0,31.642857142857142,0.1830967741935484,0.2233169129720854,7,0,1,1,11352,10.5,64,2013561
1118,20,RL,57.0,9764,Pave,IR1,Lvl,AllPub,FR2,Gtl,Sawyer,Feedr,Norm,1Fam,1Story,5,7,1967,2003,Gable,CompShg,VinylSd,VinylSd,0.0,TA,TA,CBlock,TA,TA,No,BLQ,702,Unf,0,192,894,GasA,Ex,Y,SBrkr,894,0,0,894,1,0,1,0,3,1,Gd,5,Typ,0,,Attchd,1967.0,RFn,2,450,TA,TA,Y,0,0,0,0,0,0,0,5,2008,WD,Normal,130000,1788,2.0,0,8.26943005181347,0.09156083572306432,0.5,41,0,0,1,4470,6.0,25,799236
1119,80,RL,85.0,13825,Pave,Reg,Lvl,AllPub,Inside,Gtl,Sawyer,Norm,Norm,1Fam,SLvl,5,6,1958,1987,Gable,CompShg,MetalSd,MetalSd,0.0,TA,Gd,CBlock,TA,TA,No,Unf,0,Unf,0,533,533,GasA,TA,Y,SBrkr,1021,580,0,1601,0,1,1,0,3,1,TA,6,Min2,0,,BuiltIn,1958.0,RFn,1,300,TA,TA,Y,280,34,0,0,0,0,0,12,2008,WD,Normal,140000,2134,1.5,34,2.99812734082397,0.11580470162748643,0.24976569821930647,50,0,1,1,8005,4.5,25,2563201
1120,20,RL,70.0,7560,Pave,Reg,Lvl,AllPub,Inside,Gtl,NAmes,Norm,Norm,1Fam,1Story,5,5,1959,1959,Gable,CompShg,BrkFace,Wd Sdng,0.0,TA,TA,CBlock,TA,TA,No,LwQ,369,Unf,0,671,1040,GasA,TA,Y,FuseA,1040,0,0,1040,0,0,1,0,3,1,TA,6,Typ,0,,Attchd,1959.0,RFn,1,286,TA,TA,Y,140,0,252,0,0,0,0,7,2006,WD,Normal,133700,2080,1.0,252,2.0967261904761907,0.13756613756613756,0.5,47,0,0,1,5200,3.0,25,1081600
1121,30,RM,59.0,8263,Pave,Reg,Bnk,AllPub,Inside,Mod,IDOTRR,Norm,Norm,1Fam,1Story,6,5,1920,1950,Gable,CompShg,BrkFace,BrkFace,0.0,TA,TA,BrkTil,TA,TA,No,Unf,0,Unf,0,1012,1012,GasA,TA,Y,FuseA,1012,0,0,1012,0,0,1,0,2,1,TA,6,Typ,1,Gd,Detchd,1920.0,Unf,1,308,TA,TA,Y,0,22,112,0,0,0,0,5,2007,WD,Normal,118400,2024,1.0,134,0.9990128331688055,0.12247367784097786,0.5,87,0,0,1,6072,2.0,36,1024144
1122,20,RL,84.0,10084,Pave,Reg,Lvl,AllPub,Inside,Gtl,CollgCr,Norm,Norm,1Fam,1Story,7,5,2005,2006,Gable,CompShg,VinylSd,VinylSd,196.0,Gd,TA,PConc,Gd,TA,Av,GLQ,24,Unf,0,1528,1552,GasA,Ex,Y,SBrkr,1552,0,0,1552,0,0,2,0,3,1,Gd,7,Typ,0,,Attchd,2005.0,RFn,3,782,TA,TA,Y,144,20,0,0,0,0,0,7,2006,New,Partial,212900,3104,2.0,20,1.0307390451275342,0.15390717969059897,0.5,1,1,0,1,10864,6.0,49,2408704
1123,20,RL,69.0,8926,Pave,IR1,Lvl,AllPub,Corner,Gtl,Edwards,Norm,Norm,1Fam,1Story,4,3,1956,1956,Gable,CompShg,AsbShng,AsbShng,0.0,TA,TA,CBlock,TA,TA,No,Unf,0,Unf,0,672,672,GasA,Ex,Y,FuseA,960,0,0,960,0,0,1,0,3,1,TA,5,Typ,0,,Basment,1956.0,Unf,1,288,TA,TA,Y,64,0,0,0,160,0,0,10,2009,COD,Abnorml,112000,1632,1.0,160,1.4264487369985142,0.10755097468070804,0.4117647058823529,53,0,0,1,3840,3.0,16,921600
1124,20,RL,50.0,9405,Pave,Reg,Lvl,AllPub,Inside,Gtl,Edwards,Norm,Norm,1Fam,1Story,5,9,1947,2008,Hip,CompShg,VinylSd,VinylSd,0.0,TA,Ex,CBlock,TA,TA,No,Unf,0,Unf,0,698,698,GasA,Ex,Y,SBrkr,698,0,0,698,0,1,1,0,2,1,TA,4,Typ,0,,,0.0,,0,0,,,Y,0,200,0,0,0,0,0,6,2009,WD,Normal,118000,1396,1.5,200,0.9985693848354793,0.07421584263689526,0.5,62,0,0,0,3490,3.0,25,487204
1125,80,RL,69.0,9125,Pave,IR1,Lvl,AllPub,Inside,Gtl,Gilbert,Norm,Norm,1Fam,SLvl,7,5,1992,1992,Gable,CompShg,HdBoard,HdBoard,170.0,TA,TA,PConc,Gd,TA,No,Unf,0,Unf,0,384,384,GasA,Gd,Y,SBrkr,812,670,0,1482,0,0,2,1,3,1,Gd,7,Typ,1,TA,Attchd,1992.0,Fin,2,392,TA,TA,Y,100,25,0,0,0,0,0,7,2007,WD,Normal,163900,1866,2.5,25,3.8493506493506495,0.1624109589041096,0.2057877813504823,15,0,1,1,10374,7.5,49,2196324
1126,20,RL,60.0,10434,Pave,Reg,Lvl,AllPub,Inside,Gtl,NAmes,Norm,Norm,1Fam,1Story,4,5,1955,1955,Gable,CompShg,Plywood,Plywood,0.0,TA,TA,CBlock,TA,TA,No,Unf,0,Unf,0,1005,1005,GasA,TA,Y,SBrkr,1005,0,0,1005,0,0,1,0,2,1,Fa,5,Typ,1,TA,Detchd,1977.0,Unf,2,672,Fa,Fa,Y,0,0,0,0,0,0,0,11,2009,WD,Normal,115000,2010,1.0,0,0.9990059642147118,0.09631972397929844,0.5,54,0,0,1,4020,2.0,16,1010025
1127,120,RL,53.0,3684,Pave,Reg,Lvl,AllPub,Inside,Gtl,Blmngtn,Norm,Norm,TwnhsE,1Story,7,5,2007,2007,Hip,CompShg,VinylSd,VinylSd,130.0,Gd,TA,PConc,Gd,TA,No,Unf,0,Unf,0,1373,1373,GasA,Ex,Y,SBrkr,1555,0,0,1555,0,0,2,0,2,1,Gd,7,Typ,1,TA,Attchd,2007.0,Fin,3,660,TA,TA,Y,143,20,0,0,0,0,0,6,2009,WD,Normal,174000,2928,2.0,20,1.1317321688500728,0.4220955483170467,0.4689207650273224,2,1,0,1,10885,4.0,49,2418025
1128,20,RL,182.0,14572,Pave,IR3,Lvl,AllPub,Corner,Gtl,Gilbert,Norm,Norm,1Fam,1Story,7,5,2004,2004,Hip,CompShg,VinylSd,VinylSd,0.0,Gd,TA,PConc,Gd,TA,Av,GLQ,1300,Unf,0,230,1530,GasA,Ex,Y,SBrkr,1530,0,0,1530,1,0,2,0,3,1,Gd,7,Typ,1,Gd,Attchd,2004.0,Fin,3,630,TA,TA,Y,144,36,0,0,0,0,0,11,2007,WD,Family,259000,3060,3.0,36,12.25108225108225,0.10499588251441119,0.5,3,1,0,1,10710,9.0,49,2340900
1129,60,RL,59.0,11796,Pave,IR1,Lvl,AllPub,Inside,Gtl,Gilbert,Norm,Norm,1Fam,2Story,7,5,2004,2005,Gable,CompShg,VinylSd,VinylSd,0.0,Gd,TA,PConc,Gd,TA,Av,Unf,0,Unf,0,847,847,GasA,Ex,Y,SBrkr,847,1112,0,1959,0,0,2,1,4,1,Gd,8,Typ,1,Gd,BuiltIn,2004.0,Fin,2,434,TA,TA,Y,100,48,0,0,0,0,0,7,2007,WD,Normal,215000,2806,2.5,48,2.3101415094339623,0.16607324516785352,0.30185317177476834,3,1,1,1,13713,10.0,49,3837681
1130,90,RM,60.0,7200,Pave,Reg,Lvl,AllPub,Inside,Gtl,OldTown,Norm,Norm,Duplex,SFoyer,5,5,1980,1980,Gable,CompShg,MetalSd,MetalSd,180.0,TA,TA,CBlock,Gd,TA,Gd,GLQ,936,Unf,0,0,936,GasA,TA,Y,SBrkr,936,0,0,936,1,0,1,0,2,1,TA,4,Typ,0,,Detchd,1980.0,Unf,2,672,TA,TA,Y,49,0,0,0,0,0,0,8,2007,WD,Normal,140000,1872,2.0,0,1872.0,0.13,0.5,27,0,0,1,4680,4.0,25,876096
1131,50,RL,65.0,7804,Pave,Reg,Lvl,AllPub,Inside,Gtl,SWISU,Norm,Norm,1Fam,1.5Fin,4,3,1928,1950,Gable,CompShg,WdShing,Plywood,0.0,TA,TA,BrkTil,TA,TA,No,BLQ,622,Unf,0,500,1122,GasA,TA,Y,SBrkr,1328,653,0,1981,1,0,2,0,4,1,Gd,7,Min2,2,TA,Detchd,1981.0,Unf,2,576,TA,TA,Y,431,44,0,0,0,0,0,12,2009,WD,Normal,135000,3103,3.0,44,5.19560878243513,0.2538441824705279,0.3615855623590074,81,0,1,1,7924,12.0,16,3924361
1132,20,RL,63.0,10712,Pave,Reg,Lvl,AllPub,Inside,Gtl,Mitchel,Norm,Norm,1Fam,1Story,5,5,1991,1992,Gable,CompShg,HdBoard,HdBoard,0.0,TA,TA,PConc,Gd,TA,Mn,BLQ,212,Unf,0,762,974,GasA,TA,Y,SBrkr,974,0,0,974,0,0,1,0,3,1,TA,5,Typ,0,,,0.0,,0,0,,,Y,0,28,0,0,0,0,0,9,2007,Oth,Abnorml,93500,1948,1.0,28,1.5543905635648756,0.0909260642270351,0.5,16,0,0,0,4870,3.0,25,948676
1133,70,RM,90.0,9900,Pave,Reg,Lvl,AllPub,Inside,Gtl,OldTown,Norm,Norm,1Fam,2Story,6,4,1880,1950,Gable,CompShg,Wd Sdng,Wd Sdng,0.0,TA,TA,BrkTil,TA,TA,Mn,Unf,0,Unf,0,1008,1008,GasW,TA,Y,SBrkr,1178,1032,0,2210,0,0,2,0,5,1,Fa,8,Typ,0,,Detchd,1930.0,Unf,1,205,Fa,TA,N,0,48,0,0,0,0,0,5,2007,WD,Normal,117500,3218,2.0,48,2.1902874132804757,0.22323232323232323,0.3132380360472343,127,0,1,1,13260,10.0,36,4884100
1134,60,RL,80.0,9828,Pave,IR1,Lvl,AllPub,Inside,Gtl,SawyerW,Norm,Norm,1Fam,2Story,8,5,1995,1995,Gable,CompShg,VinylSd,VinylSd,0.0,Gd,TA,PConc,Gd,TA,No,GLQ,584,Unf,0,544,1128,GasA,Ex,Y,SBrkr,1142,878,0,2020,0,0,2,1,3,1,Gd,8,Typ,1,TA,Attchd,1995.0,RFn,2,466,TA,TA,Y,0,155,0,0,0,0,0,6,2009,WD,Normal,239500,3148,2.5,155,4.777981651376146,0.20553520553520555,0.3583227445997459,14,0,1,1,16160,7.5,64,4080400
1135,60,RL,57.0,8773,Pave,IR1,HLS,AllPub,Inside,Gtl,Gilbert,Norm,Norm,1Fam,2Story,6,5,1997,1997,Gable,CompShg,VinylSd,VinylSd,0.0,TA,TA,PConc,Gd,TA,Av,Unf,0,Unf,0,916,916,GasA,Gd,Y,SBrkr,916,684,0,1600,0,0,2,1,3,1,TA,7,Typ,1,TA,Attchd,1997.0,Fin,2,460,TA,TA,Y,100,38,0,0,0,0,0,8,2007,WD,Normal,169000,2516,2.5,38,1.7448200654307524,0.18237774991451042,0.3640699523052464,10,0,1,1,9600,7.5,36,2560000
1136,30,RM,60.0,6180,Pave,Reg,Lvl,AllPub,Corner,Gtl,BrkSide,Norm,Norm,1Fam,1Story,6,5,1926,1950,Gable,CompShg,Wd Sdng,Wd Sdng,0.0,TA,TA,BrkTil,TA,TA,No,Unf,0,Unf,0,960,960,GasA,TA,N,SBrkr,986,0,0,986,0,0,1,0,2,1,TA,5,Typ,1,Gd,Detchd,1926.0,Unf,1,180,TA,TA,Y,0,128,0,0,0,0,0,5,2007,WD,Normal,102000,1946,1.0,128,1.0260145681581685,0.15954692556634303,0.4933196300102775,81,0,0,1,5916,2.0,36,972196
1137,50,RL,80.0,9600,Pave,Reg,Lvl,AllPub,Inside,Gtl,NAmes,Norm,Norm,1Fam,1.5Fin,6,5,1950,1950,Gable,CompShg,VinylSd,VinylSd,0.0,TA,TA,CBlock,TA,TA,No,BLQ,280,Unf,0,752,1032,GasA,TA,Y,FuseA,1032,220,0,1252,0,0,1,0,3,1,TA,6,Typ,0,,Attchd,1950.0,Unf,1,288,TA,TA,Y,0,0,96,0,0,0,0,4,2008,WD,Abnorml,119000,2284,1.0,96,2.0345285524568393,0.13041666666666665,0.45183887915936954,58,0,1,1,7512,3.0,36,1567504
1138,50,RL,54.0,6342,Pave,Reg,Lvl,AllPub,Inside,Gtl,Sawyer,Feedr,Norm,1Fam,1.5Fin,5,8,1875,1996,Gable,CompShg,VinylSd,VinylSd,0.0,TA,Gd,CBlock,TA,TA,No,Unf,0,Unf,0,780,780,GasA,Gd,N,SBrkr,780,240,0,1020,0,0,1,0,2,1,TA,6,Typ,0,,,0.0,,0,0,,,N,0,0,176,0,0,0,0,5,2010,WD,Normal,94000,1800,1.0,176,1.3060179257362357,0.1608325449385052,0.43333333333333335,135,0,1,0,5100,2.0,25,1040400
1139,20,RL,69.0,9819,Pave,IR1,Lvl,AllPub,Inside,Mod,Mitchel,Norm,Norm,1Fam,1Story,6,5,1977,1977,Gable,CompShg,Plywood,ImStucc,0.0,TA,TA,PConc,TA,TA,Gd,ALQ,1567,Unf,0,0,1567,GasA,TA,Y,SBrkr,1567,0,0,1567,1,0,2,0,2,1,Gd,5,Typ,2,TA,Attchd,1977.0,RFn,2,714,TA,TA,Y,264,32,0,0,0,0,0,5,2009,WD,Normal,196000,3134,3.0,32,3134.0,0.1595885528057847,0.5,32,0,0,1,9402,6.0,36,2455489
1140,30,RL,98.0,8731,Pave,IR1,Lvl,AllPub,Inside,Gtl,BrkSide,Norm,Norm,1Fam,1Story,5,5,1920,1950,Gable,CompShg,Stucco,Stucco,0.0,TA,Fa,BrkTil,TA,TA,No,BLQ,645,Unf,0,270,915,GasA,TA,Y,SBrkr,1167,0,0,1167,0,0,1,0,3,1,TA,6,Maj1,1,Gd,Detchd,1972.0,Unf,2,495,TA,TA,Y,0,0,216,0,126,0,0,5,2007,WD,Normal,144000,2082,1.0,342,6.686346863468635,0.1336616653304318,0.43948126801152737,87,0,0,1,5835,3.0,25,1361889
1141,20,RL,60.0,7350,Pave,Reg,Lvl,AllPub,Corner,Gtl,NAmes,Norm,Norm,1Fam,1Story,5,7,1951,1951,Gable,CompShg,HdBoard,HdBoard,0.0,TA,TA,CBlock,TA,TA,Mn,ALQ,852,Unf,0,100,952,GasA,TA,Y,SBrkr,952,0,0,952,1,0,1,0,2,1,TA,4,Typ,0,,Detchd,1988.0,Unf,2,840,TA,TA,Y,0,0,0,0,0,0,0,6,2008,COD,Abnorml,139000,1904,2.0,0,17.861386138613863,0.1295238095238095,0.5,57,0,0,1,4760,4.0,25,906304
1142,60,RL,69.0,10304,Pave,IR1,Lvl,AllPub,CulDSac,Gtl,NWAmes,PosN,Norm,1Fam,2Story,5,7,1976,1976,Gable,CompShg,Plywood,Plywood,44.0,TA,Gd,CBlock,TA,TA,No,ALQ,381,Unf,0,399,780,GasA,Ex,Y,SBrkr,1088,780,0,1868,1,0,2,1,4,1,Gd,9,Typ,1,TA,Attchd,1976.0,Unf,2,484,TA,TA,Y,448,96,0,0,0,0,0,10,2009,WD,Normal,197500,2648,3.5,96,5.6225,0.18128881987577639,0.2945619335347432,33,0,1,1,9340,14.0,25,3489424
1143,60,RL,77.0,9965,Pave,Reg,Lvl,AllPub,Inside,Gtl,CollgCr,Norm,Norm,1Fam,2Story,8,5,2006,2007,Hip,CompShg,VinylSd,VinylSd,340.0,Gd,TA,PConc,Ex,TA,Gd,GLQ,1150,Unf,0,316,1466,GasA,Ex,Y,SBrkr,1466,1362,0,2828,1,0,3,0,4,1,Gd,11,Typ,1,TA,BuiltIn,2006.0,RFn,3,1052,TA,TA,Y,125,144,0,0,0,0,0,4,2007,New,Partial,424870,4294,4.0,144,12.548895899053628,0.28379327646763675,0.34140661387983234,1,1,1,1,22624,16.0,64,7997584
1144,20,RL,69.0,9000,Pave,Reg,Lvl,AllPub,Inside,Gtl,Sawyer,Norm,Norm,1Fam,1Story,5,3,1959,1959,Gable,CompShg,Wd Sdng,Plywood,0.0,TA,TA,CBlock,TA,TA,No,GLQ,288,Unf,0,718,1006,GasA,TA,Y,SBrkr,1006,0,0,1006,0,0,1,0,3,1,TA,5,Typ,0,,,0.0,,0,0,,,Y,0,24,0,0,0,0,0,7,2008,WD,Normal,80000,2012,1.0,24,1.799721835883171,0.11177777777777778,0.5,49,0,0,0,5030,3.0,25,1012036
1145,190,RL,60.0,12180,Pave,Reg,Lvl,AllPub,Inside,Gtl,Edwards,Norm,Norm,2fmCon,1.5Fin,4,4,1941,1950,Gable,CompShg,MetalSd,MetalSd,0.0,TA,Fa,BrkTil,Gd,TA,No,BLQ,348,Unf,0,324,672,Grav,Fa,N,FuseA,672,252,0,924,1,0,1,0,2,1,Fa,5,Typ,0,,Detchd,1941.0,Unf,1,280,TA,TA,Y,0,0,0,0,0,0,0,7,2010,WD,Normal,80000,1596,2.0,0,3.913846153846154,0.07586206896551724,0.42105263157894735,69,0,1,1,3696,4.0,16,853776
1146,50,RM,52.0,6240,Pave,Reg,Lvl,AllPub,Inside,Gtl,BrkSide,Norm,Norm,1Fam,1.5Fin,5,6,1928,1950,Gable,CompShg,MetalSd,MetalSd,0.0,TA,TA,BrkTil,TA,TA,No,Unf,0,Unf,0,1042,1042,GasA,Ex,Y,SBrkr,1042,534,0,1576,0,0,1,0,3,1,TA,8,Typ,1,Gd,Detchd,1928.0,Unf,1,225,TA,TA,Y,0,0,0,0,0,0,0,8,2006,WD,Family,149000,2618,1.0,0,1.511025886864813,0.25256410256410255,0.3980137509549274,78,0,1,1,7880,3.0,25,2483776
1147,20,RL,69.0,11200,Pave,Reg,Lvl,AllPub,Inside,Gtl,SawyerW,Norm,Norm,1Fam,1Story,6,5,1985,1985,Gable,CompShg,Wd Sdng,Wd Shng,85.0,Gd,TA,CBlock,Gd,TA,No,GLQ,1258,Unf,0,40,1298,GasA,TA,Y,SBrkr,1298,0,0,1298,1,0,2,0,3,1,Gd,5,Typ,1,TA,Attchd,1985.0,Unf,2,403,TA,TA,Y,165,26,0,0,0,0,0,5,2006,WD,Normal,180000,2596,3.0,26,62.34146341463415,0.11589285714285714,0.5,21,0,0,1,7788,9.0,36,1684804
1148,70,RL,75.0,12000,Pave,Reg,Bnk,AllPub,Inside,Gtl,Crawfor,Norm,Norm,1Fam,2Story,7,7,1941,1950,Gable,CompShg,MetalSd,MetalSd,0.0,TA,TA,CBlock,TA,TA,No,Rec,275,Unf,0,429,704,GasA,Ex,Y,SBrkr,860,704,0,1564,0,0,1,1,3,1,Fa,7,Typ,1,Gd,Attchd,1941.0,Unf,1,234,TA,TA,Y,0,0,0,0,0,0,0,7,2009,WD,Normal,174500,2268,1.5,0,4.276744186046511,0.13033333333333333,0.31040564373897706,68,0,1,1,10948,4.5,49,2446096
1149,50,RM,69.0,5700,Pave,Reg,Lvl,AllPub,Inside,Gtl,OldTown,Norm,Norm,1Fam,1.5Fin,7,7,1926,1950,Gable,CompShg,Wd Sdng,Wd Sdng,0.0,TA,TA,PConc,TA,TA,No,Unf,0,Unf,0,572,572,GasA,TA,Y,SBrkr,572,539,0,1111,0,0,1,0,2,1,TA,5,Typ,1,Gd,Detchd,1982.0,Unf,1,288,TA,TA,Y,0,0,176,0,0,0,0,8,2008,WD,Normal,116900,1683,1.0,176,1.9389179755671901,0.1949122807017544,0.33986928104575165,82,0,1,1,7777,2.0,49,1234321
1150,70,RM,50.0,9000,Pave,Reg,Lvl,AllPub,Inside,Gtl,OldTown,Artery,Norm,1Fam,2Story,7,9,1920,1988,Hip,CompShg,VinylSd,VinylSd,0.0,TA,Gd,PConc,TA,TA,No,ALQ,624,Unf,0,26,650,GasA,Ex,Y,SBrkr,832,650,0,1482,0,1,1,0,3,1,TA,7,Typ,0,,Detchd,1930.0,Unf,2,324,TA,TA,Y,0,0,0,0,0,0,0,7,2009,WD,Normal,143000,2132,1.5,0,78.0,0.16466666666666666,0.3048780487804878,89,0,1,1,10374,4.5,49,2196324
1151,20,RL,57.0,8280,Pave,IR1,Lvl,AllPub,Inside,Gtl,NAmes,Norm,Norm,1Fam,1Story,6,5,1950,1950,Gable,CompShg,BrkFace,BrkFace,0.0,TA,TA,CBlock,TA,TA,No,Unf,0,Unf,0,932,932,GasA,Ex,Y,FuseA,932,0,0,932,0,0,1,0,2,1,Gd,4,Typ,1,Gd,Attchd,1950.0,Unf,1,306,TA,TA,Y,0,0,214,0,0,0,0,11,2007,WD,Normal,124000,1864,1.0,214,0.9989281886387996,0.11256038647342995,0.5,57,0,0,1,5592,2.0,36,868624
1152,20,RL,134.0,17755,Pave,Reg,Lvl,AllPub,Inside,Gtl,Edwards,Norm,Norm,1Fam,1Story,5,4,1959,1959,Gable,CompShg,HdBoard,Plywood,132.0,TA,TA,CBlock,TA,TA,No,BLQ,176,Unf,0,1290,1466,GasA,TA,Y,SBrkr,1466,0,0,1466,0,0,1,1,3,1,Fa,6,Typ,2,Gd,Attchd,1959.0,Fin,2,528,TA,TA,Y,0,140,0,0,100,0,0,11,2006,WD,Normal,149900,2932,1.5,240,1.2718822618125485,0.0825682906223599,0.5,47,0,0,1,7330,4.5,25,2149156
1153,20,RL,90.0,14115,Pave,IR1,Lvl,AllPub,Inside,Gtl,Crawfor,Norm,Norm,1Fam,1Story,6,7,1956,2004,Gable,CompShg,Stone,Stone,0.0,TA,TA,PConc,TA,TA,No,ALQ,296,GLQ,547,230,1073,GasA,Ex,Y,SBrkr,1811,0,0,1811,0,0,1,0,2,1,Ex,6,Typ,1,Gd,Attchd,1956.0,Fin,2,470,TA,TA,Y,0,0,280,0,0,0,0,7,2006,WD,Abnorml,230000,2884,1.0,280,11.48917748917749,0.12830322352107687,0.3720527045769764,50,0,0,1,10866,2.0,36,3279721
1154,30,RM,69.0,5890,Pave,Reg,Lvl,AllPub,Corner,Gtl,IDOTRR,Norm,Norm,1Fam,1Story,6,8,1930,2007,Gable,CompShg,Wd Sdng,Wd Sdng,0.0,Gd,Gd,BrkTil,TA,TA,Av,ALQ,538,Unf,0,278,816,GasA,Ex,Y,SBrkr,816,0,0,816,0,0,1,0,2,1,TA,5,Typ,0,,Detchd,2002.0,Unf,1,432,TA,TA,Y,0,0,96,0,0,0,0,6,2008,WD,Normal,120500,1632,1.0,96,4.853046594982079,0.13853989813242784,0.5,78,0,0,1,4896,2.0,36,665856
1155,60,RL,69.0,13700,Pave,IR1,Lvl,AllPub,Inside,Gtl,NAmes,Norm,Norm,1Fam,2Story,7,6,1965,1988,Gable,CompShg,VinylSd,VinylSd,288.0,TA,TA,CBlock,TA,TA,Gd,ALQ,454,Unf,0,410,864,GasA,TA,Y,SBrkr,902,918,0,1820,0,0,1,2,4,1,Gd,8,Typ,2,Gd,Attchd,1965.0,Unf,2,492,TA,TA,Y,60,84,0,0,273,0,0,5,2008,WD,Normal,201800,2684,2.0,357,5.532846715328467,0.13284671532846715,0.32190760059612517,43,0,1,1,12740,8.0,49,3312400
1156,20,RL,90.0,10768,Pave,IR1,Lvl,AllPub,Corner,Gtl,Veenker,Norm,Norm,1Fam,1Story,5,8,1976,2004,Gable,CompShg,Plywood,Plywood,0.0,Gd,Gd,CBlock,Gd,TA,Gd,ALQ,1157,Unf,0,280,1437,GasA,TA,Y,SBrkr,1437,0,0,1437,1,0,2,0,3,1,Gd,6,Typ,1,Fa,Attchd,1976.0,RFn,2,528,TA,TA,Y,0,21,0,0,180,0,0,7,2007,WD,Normal,218000,2874,3.0,201,9.231316725978647,0.13345096582466567,0.5,31,0,0,1,7185,9.0,25,2064969
1157,80,RL,85.0,9350,Pave,Reg,Lvl,AllPub,Inside,Gtl,NAmes,Norm,Norm,1Fam,SLvl,5,8,1965,1999,Gable,CompShg,BrkFace,BrkFace,0.0,TA,Gd,PConc,TA,TA,Gd,ALQ,633,Unf,0,586,1219,GasA,Gd,Y,SBrkr,1265,0,0,1265,0,1,2,0,3,1,Gd,6,Typ,1,Gd,Attchd,1965.0,RFn,2,502,TA,TA,Y,0,92,0,96,0,0,0,10,2008,WD,Normal,179900,2484,2.5,188,3.233390119250426,0.13529411764705881,0.49074074074074076,43,0,0,1,6325,7.5,25,1600225
1158,120,RL,34.0,5001,Pave,IR1,Lvl,AllPub,Inside,Gtl,NridgHt,Norm,Norm,Twnhs,1Story,7,5,2007,2008,Gable,CompShg,VinylSd,VinylSd,166.0,Gd,TA,PConc,Gd,TA,No,GLQ,904,Unf,0,410,1314,GasA,Ex,Y,SBrkr,1314,0,0,1314,1,0,2,0,2,1,Gd,6,Typ,1,Gd,Attchd,2008.0,RFn,2,626,TA,TA,Y,172,62,0,0,0,0,0,7,2009,WD,Normal,230000,2628,3.0,62,5.396593673965937,0.262747450509898,0.5,2,1,0,1,9198,6.0,49,1726596
1159,20,RL,92.0,11932,Pave,Reg,Lvl,AllPub,FR2,Gtl,Somerst,Feedr,Norm,1Fam,1Story,8,5,2007,2008,Gable,CompShg,VinylSd,VinylSd,186.0,Gd,TA,PConc,Gd,TA,No,Unf,0,Unf,0,1580,1580,GasA,Ex,Y,SBrkr,1580,0,0,1580,0,0,2,0,3,1,Gd,7,Typ,0,,Attchd,2008.0,RFn,3,830,TA,TA,Y,0,24,0,0,0,0,0,6,2008,ConLD,Partial,235128,3160,2.0,24,0.9993674889310563,0.13241702983573583,0.5,1,1,0,1,12640,6.0,64,2496400
1160,60,RL,76.0,9120,Pave,Reg,Lvl,AllPub,Inside,Gtl,NWAmes,Norm,Norm,1Fam,2Story,6,6,1974,1974,Hip,CompShg,HdBoard,HdBoard,270.0,Gd,TA,CBlock,TA,TA,No,ALQ,442,Unf,0,459,901,GasA,TA,Y,SBrkr,943,933,0,1876,0,0,2,1,4,1,Gd,8,Typ,1,TA,Attchd,1974.0,RFn,2,540,Gd,TA,Y,0,69,0,0,0,0,0,7,2008,WD,Normal,185000,2777,2.5,69,5.039130434782609,0.2057017543859649,0.32445084623694637,34,0,1,1,11256,10.0,36,3519376
1161,160,RL,24.0,2280,Pave,Reg,Lvl,AllPub,Inside,Gtl,NPkVill,Norm,Norm,Twnhs,2Story,6,5,1978,1978,Gable,CompShg,Plywood,Brk Cmn,0.0,TA,TA,CBlock,Gd,TA,No,ALQ,311,Unf,0,544,855,GasA,Fa,Y,SBrkr,855,601,0,1456,0,0,2,1,3,1,TA,7,Typ,1,TA,Attchd,1978.0,Unf,2,440,TA,TA,Y,26,0,0,0,0,0,0,7,2010,WD,Normal,146000,2311,2.5,0,3.242201834862385,0.6385964912280702,0.36996971008221546,32,0,1,1,8736,7.5,36,2119936
1162,20,RL,69.0,14778,Pave,IR1,Low,AllPub,CulDSac,Gtl,Crawfor,PosN,Norm,1Fam,1Story,6,7,1954,2006,Hip,CompShg,HdBoard,HdBoard,72.0,Gd,TA,CBlock,TA,TA,No,BLQ,728,Unf,0,568,1296,GasA,Ex,Y,SBrkr,1640,0,0,1640,1,0,1,0,3,1,Gd,7,Typ,1,Gd,Detchd,1993.0,Unf,2,924,TA,TA,Y,108,0,0,216,0,0,0,11,2008,WD,Normal,224000,2936,2.0,216,4.161687170474517,0.11097577480037894,0.44141689373297005,54,0,0,1,9840,6.0,36,2689600
1163,20,RL,109.0,8724,Pave,Reg,Lvl,AllPub,Inside,Gtl,Sawyer,Norm,Norm,1Fam,1Story,5,5,1968,1968,Gable,CompShg,VinylSd,VinylSd,0.0,TA,TA,CBlock,Gd,TA,No,BLQ,492,Unf,0,402,894,GasA,Gd,Y,SBrkr,894,0,0,894,0,0,1,0,3,1,TA,5,Typ,1,Po,Attchd,1968.0,Fin,2,450,TA,TA,Y,0,0,0,0,0,0,0,5,2007,WD,Normal,129000,1788,1.0,0,3.4392059553349874,0.10247592847317744,0.5,39,0,0,1,4470,3.0,25,799236
1164,90,RL,60.0,12900,Pave,Reg,Lvl,AllPub,Inside,Gtl,Sawyer,Feedr,Norm,Duplex,SFoyer,4,4,1969,1969,Gable,CompShg,Plywood,Plywood,0.0,TA,TA,CBlock,Gd,TA,Av,GLQ,1198,Unf,0,0,1198,GasA,TA,Y,SBrkr,1258,0,0,1258,2,0,0,2,0,2,TA,6,Typ,0,,CarPort,1969.0,Unf,2,400,Fa,TA,Y,120,0,0,0,0,0,0,1,2008,WD,Alloca,108959,2456,3.0,0,2456.0,0.09751937984496124,0.48778501628664495,39,0,0,1,5032,0.0,16,1582564
1165,80,RL,69.0,16157,Pave,IR1,Lvl,AllPub,FR2,Gtl,Veenker,Feedr,Norm,1Fam,SLvl,5,7,1978,1978,Gable,CompShg,Plywood,Plywood,0.0,TA,TA,PConc,Gd,TA,Gd,ALQ,680,Rec,391,289,1360,GasA,Ex,Y,SBrkr,1432,0,0,1432,1,0,1,1,2,1,Gd,5,Typ,1,TA,Attchd,1978.0,Unf,2,588,TA,TA,Y,168,180,0,0,0,0,0,6,2007,WD,Normal,194000,2792,2.5,180,8.63103448275862,0.0886303150337315,0.4871060171919771,29,0,0,1,7160,5.0,25,2050624
1166,20,RL,79.0,9541,Pave,IR1,Lvl,AllPub,Inside,Gtl,NridgHt,Norm,Norm,1Fam,1Story,7,5,2009,2009,Gable,CompShg,VinylSd,VinylSd,268.0,Gd,TA,PConc,Gd,TA,No,Unf,0,Unf,0,1502,1502,GasA,Ex,Y,SBrkr,1502,0,0,1502,0,0,2,0,3,1,Gd,7,Typ,0,,Attchd,2009.0,RFn,2,644,TA,TA,Y,0,114,0,0,0,0,0,9,2009,New,Partial,233170,3004,2.0,114,0.9993346640053227,0.15742584634734305,0.5,0,1,0,1,10514,6.0,49,2256004
1167,20,RL,64.0,10475,Pave,IR1,Lvl,AllPub,Corner,Gtl,CollgCr,Norm,Norm,1Fam,1Story,8,5,2008,2008,Gable,CompShg,VinylSd,VinylSd,72.0,Gd,TA,PConc,Gd,TA,Av,Unf,0,Unf,0,1694,1694,GasA,Ex,Y,SBrkr,1694,0,0,1694,0,0,2,0,3,1,Gd,7,Typ,0,,Attchd,2008.0,RFn,3,776,TA,TA,Y,160,33,0,0,0,0,0,2,2010,WD,Normal,245350,3388,2.0,33,0.9994100294985251,0.1617183770883055,0.5,2,1,0,1,13552,6.0,64,2869636
1168,60,RL,58.0,10852,Pave,IR1,Lvl,AllPub,Inside,Gtl,Gilbert,RRAn,Norm,1Fam,2Story,6,5,2000,2000,Gable,CompShg,VinylSd,VinylSd,0.0,TA,TA,PConc,Gd,TA,No,GLQ,786,Unf,0,173,959,GasA,Ex,Y,SBrkr,959,712,0,1671,1,0,2,1,3,1,TA,7,Typ,1,TA,Attchd,2000.0,Fin,2,472,TA,TA,Y,0,38,0,0,0,0,0,2,2006,WD,Normal,173000,2630,3.5,38,14.120689655172415,0.1539808330261703,0.36463878326996196,6,0,1,1,10026,10.5,36,2792241
1169,70,RL,120.0,13728,Pave,Reg,Lvl,AllPub,Corner,Gtl,Edwards,Norm,Norm,1Fam,2Story,6,7,1935,1986,Hip,CompShg,Stucco,Stucco,0.0,TA,TA,CBlock,TA,TA,No,Rec,626,Unf,0,501,1127,GasA,Ex,Y,SBrkr,1236,872,0,2108,0,0,2,0,4,1,Gd,7,Typ,2,TA,Basment,1935.0,Unf,2,540,TA,TA,Y,0,0,0,0,90,0,0,7,2008,WD,Normal,235000,3235,2.0,90,5.446215139442231,0.15355477855477856,0.34837712519319936,73,0,1,1,12648,8.0,36,4443664
1170,60,RL,118.0,35760,Pave,IR1,Lvl,AllPub,CulDSac,Gtl,NoRidge,Norm,Norm,1Fam,2Story,10,5,1995,1996,Hip,CompShg,HdBoard,HdBoard,1378.0,Gd,Gd,PConc,Ex,TA,Gd,GLQ,1387,Unf,0,543,1930,GasA,Ex,Y,SBrkr,1831,1796,0,3627,1,0,3,1,4,1,Gd,10,Typ,1,TA,Attchd,1995.0,Fin,3,807,TA,TA,Y,361,76,0,0,0,0,0,7,2006,WD,Normal,625000,5557,4.5,76,9.216911764705882,0.10142617449664429,0.34730969947813567,11,0,1,1,36270,18.0,100,13155129
1171,80,RL,76.0,9880,Pave,Reg,Lvl,AllPub,Inside,Gtl,Mitchel,Norm,Norm,1Fam,SLvl,6,6,1977,1977,Gable,CompShg,Plywood,Plywood,0.0,TA,TA,CBlock,TA,TA,Av,ALQ,522,Unf,0,574,1096,GasA,TA,Y,SBrkr,1118,0,0,1118,1,0,1,0,3,1,TA,6,Typ,1,Po,Attchd,1977.0,Fin,1,358,TA,TA,Y,203,0,0,0,0,576,0,7,2008,WD,Normal,171000,2214,2.0,0,2.8521739130434782,0.11315789473684211,0.4950316169828365,31,0,0,1,6708,6.0,36,1249924
1172,20,RL,76.0,9120,Pave,Reg,Lvl,AllPub,Inside,Gtl,NAmes,Norm,Norm,1Fam,1Story,6,6,1958,1958,Hip,CompShg,MetalSd,MetalSd,0.0,TA,TA,CBlock,TA,TA,No,ALQ,662,Unf,0,599,1261,GasA,Ex,Y,SBrkr,1261,0,0,1261,1,0,1,0,3,1,TA,6,Typ,1,TA,Attchd,1958.0,RFn,2,433,TA,TA,Y,0,0,0,0,288,0,1400,11,2008,WD,Normal,163000,2522,2.0,288,3.205,0.13826754385964912,0.5,50,0,0,1,7566,6.0,36,1590121
1173,160,FV,35.0,4017,Pave,IR1,Lvl,AllPub,Inside,Gtl,Somerst,Norm,Norm,TwnhsE,2Story,7,5,2006,2007,Gable,CompShg,MetalSd,MetalSd,0.0,Gd,TA,PConc,Gd,TA,No,Unf,0,Unf,0,625,625,GasA,Ex,Y,SBrkr,625,625,0,1250,0,0,2,1,2,1,Gd,5,Typ,0,,Detchd,2006.0,Fin,2,625,TA,TA,Y,0,54,0,0,0,0,0,3,2008,WD,Normal,171900,1875,2.5,54,1.9968051118210863,0.31117749564351505,0.3333333333333333,2,1,1,1,8750,5.0,49,1562500
1174,50,RL,138.0,18030,Pave,IR1,Bnk,AllPub,Inside,Gtl,ClearCr,Norm,Norm,1Fam,1.5Fin,5,6,1946,1994,Gable,CompShg,MetalSd,MetalSd,0.0,TA,TA,CBlock,TA,TA,No,Rec,152,BLQ,469,977,1598,GasA,TA,Y,SBrkr,1636,971,479,3086,0,0,3,0,3,1,Ex,12,Maj1,1,Gd,,0.0,,0,0,,,Y,122,0,0,0,0,0,0,3,2007,WD,Normal,200500,4205,3.0,0,3.7903885480572597,0.171159179145868,0.38002378121284186,61,0,1,0,15430,9.0,25,9523396
1175,70,RL,80.0,16560,Pave,IR1,Lvl,AllPub,Inside,Gtl,Crawfor,Norm,Norm,1Fam,2Story,6,8,1932,1950,Gable,CompShg,Wd Sdng,Wd Sdng,0.0,TA,TA,BrkTil,Gd,TA,No,Rec,503,Unf,0,449,952,GasA,TA,Y,SBrkr,1170,1175,0,2345,0,0,2,1,4,1,TA,9,Typ,1,Gd,Detchd,1932.0,Unf,2,360,TA,TA,Y,0,0,0,0,0,0,0,7,2006,WD,Normal,239000,3297,2.5,0,6.328888888888889,0.1416062801932367,0.28874734607218683,74,0,1,1,14070,10.0,36,5499025
1176,50,RL,85.0,10678,Pave,Reg,Lvl,AllPub,Inside,Gtl,NoRidge,Norm,Norm,1Fam,1.5Fin,8,5,1992,2000,Hip,CompShg,HdBoard,HdBoard,337.0,Gd,TA,PConc,Gd,TA,No,GLQ,700,Unf,0,983,1683,GasA,Ex,Y,SBrkr,2129,743,0,2872,0,0,2,1,4,1,Gd,9,Typ,1,TA,Attchd,1992.0,Fin,2,541,TA,TA,Y,0,33,0,0,0,0,0,4,2007,WD,Normal,285000,4555,2.5,33,3.630081300813008,0.2689642255103952,0.36948408342480793,15,0,1,1,22976,10.0,64,8248384
1177,20,RL,37.0,6951,Pave,IR1,Lvl,AllPub,CulDSac,Gtl,Mitchel,Norm,Norm,1Fam,1Story,5,5,1984,1985,Gable,CompShg,HdBoard,Plywood,0.0,TA,TA,CBlock,TA,TA,No,ALQ,658,Unf,0,218,876,GasA,TA,Y,SBrkr,923,0,0,923,1,0,1,0,3,1,TA,5,Typ,0,,Attchd,1984.0,Unf,1,264,TA,TA,Y,362,0,0,0,0,0,0,10,2008,WD,Normal,119500,1799,2.0,0,7.219178082191781,0.1327866494029636,0.4869371873262924,24,0,0,1,4615,6.0,25,851929
1178,50,RM,69.0,3950,Pave,Reg,Bnk,AllPub,Inside,Gtl,OldTown,Artery,Norm,1Fam,1.5Fin,6,8,1926,2004,Gable,CompShg,MetalSd,MetalSd,0.0,TA,TA,CBlock,TA,TA,No,Rec,468,Unf,0,350,818,GasA,TA,Y,SBrkr,818,406,0,1224,0,0,1,0,3,1,TA,5,Typ,0,,Detchd,1926.0,Unf,1,210,TA,TA,N,0,0,116,0,0,0,0,12,2009,WD,Normal,115000,2042,1.0,116,4.82051282051282,0.309873417721519,0.4005876591576885,83,0,1,1,7344,3.0,36,1498176
1179,50,RL,54.0,7681,Pave,IR1,Lvl,AllPub,FR2,Gtl,Crawfor,Norm,Norm,1Fam,1.5Fin,5,6,1921,1950,Gable,CompShg,Wd Sdng,Wd Sdng,0.0,TA,TA,BrkTil,TA,TA,No,Unf,0,Unf,0,731,731,GasA,Ex,Y,SBrkr,820,523,0,1343,0,0,1,1,3,1,TA,7,Typ,1,Gd,Detchd,1921.0,Unf,1,186,Fa,TA,Y,192,0,102,0,0,0,0,7,2009,WD,Normal,154900,2074,1.5,102,1.8346994535519126,0.1748470251269366,0.3524590163934426,88,0,1,1,6715,4.5,25,1803649
1180,20,RL,77.0,8335,Pave,Reg,Lvl,AllPub,Corner,Gtl,Edwards,Norm,Norm,1Fam,1Story,5,5,1954,1954,Gable,CompShg,Wd Sdng,Wd Sdng,0.0,TA,TA,Slab,,,,,0,,0,0,0,GasA,Gd,Y,SBrkr,1124,0,0,1124,0,0,1,0,3,1,TA,5,Min2,1,Gd,,0.0,,0,0,,,N,0,36,190,0,0,0,0,4,2006,WD,Normal,93000,1124,1.0,226,1124.0,0.13485302939412117,0.0,52,0,0,0,5620,3.0,25,1263376
1181,60,RL,69.0,11170,Pave,IR2,Lvl,AllPub,Corner,Gtl,Timber,Norm,Norm,1Fam,2Story,7,5,1990,1991,Gable,CompShg,MetalSd,MetalSd,0.0,TA,TA,Wood,Gd,TA,No,LwQ,1216,Unf,0,0,1216,GasA,Ex,Y,SBrkr,1298,1216,0,2514,0,0,2,1,4,1,TA,8,Typ,0,,Attchd,1990.0,Fin,2,693,TA,TA,Y,0,0,0,0,0,0,0,4,2006,WD,Normal,250000,3730,2.5,0,3730.0,0.22506714413607878,0.3260053619302949,16,0,1,1,17598,10.0,49,6320196
1182,120,RM,64.0,5587,Pave,IR1,HLS,AllPub,Inside,Mod,Crawfor,Norm,Norm,TwnhsE,1Story,8,5,2008,2008,Hip,CompShg,CemntBd,CmentBd,186.0,Ex,TA,PConc,Ex,TA,Gd,GLQ,1480,Unf,0,120,1600,GasA,Ex,Y,SBrkr,1652,0,0,1652,1,1,2,0,2,1,Gd,5,Typ,1,Gd,Attchd,2008.0,Fin,2,482,TA,TA,Y,162,53,0,153,0,0,0,11,2008,New,Partial,392500,3252,3.5,206,25.884297520661157,0.2956864148917129,0.4920049200492005,0,1,0,1,13216,7.0,64,2729104
1183,60,RL,160.0,15623,Pave,IR1,Lvl,AllPub,Corner,Gtl,NoRidge,Norm,Norm,1Fam,2Story,10,5,1996,1996,Hip,CompShg,Wd Sdng,ImStucc,0.0,Gd,TA,PConc,Ex,TA,Av,GLQ,2096,Unf,0,300,2396,GasA,Ex,Y,SBrkr,2411,2065,0,4476,1,0,3,1,4,1,Ex,10,Typ,2,TA,Attchd,1996.0,Fin,3,813,TA,TA,Y,171,78,0,0,0,555,0,7,2007,WD,Abnorml,745000,6872,4.5,78,21.833887043189367,0.28650067208602703,0.34866123399301513,11,0,1,1,44760,18.0,100,20034576
1184,30,RL,60.0,10800,Pave,Reg,Lvl,AllPub,Inside,Gtl,OldTown,Norm,Norm,1Fam,1Story,5,6,1920,1950,Hip,CompShg,Stucco,Stucco,0.0,TA,TA,BrkTil,TA,TA,No,Rec,821,Unf,0,299,1120,GasA,Ex,Y,SBrkr,1130,0,0,1130,1,0,1,0,2,1,TA,5,Typ,1,Gd,Detchd,1970.0,Unf,2,720,TA,TA,Y,229,0,0,0,0,0,0,6,2006,WD,Normal,120000,2250,2.0,0,6.503333333333333,0.10462962962962963,0.49777777777777776,86,0,0,1,5650,4.0,25,1276900
1185,20,RL,50.0,35133,Grvl,Reg,Lvl,AllPub,Inside,Mod,Timber,Norm,Norm,1Fam,1Story,5,4,1963,1963,Hip,CompShg,MetalSd,MetalSd,226.0,TA,TA,CBlock,TA,TA,Gd,Rec,1159,Unf,0,413,1572,GasA,Gd,Y,SBrkr,1572,0,0,1572,1,0,1,1,3,1,TA,5,Typ,2,TA,2Types,1963.0,RFn,3,995,TA,TA,Y,0,263,0,0,263,0,0,5,2007,WD,Normal,186700,3144,2.5,526,6.596618357487923,0.04474425753565024,0.5,44,0,0,1,7860,7.5,25,2471184
1186,50,RL,60.0,9738,Pave,Reg,Lvl,AllPub,Inside,Gtl,Edwards,Norm,Norm,1Fam,1.5Fin,5,7,1924,1950,Gable,CompShg,AsbShng,AsbShng,0.0,TA,Gd,BrkTil,TA,TA,No,BLQ,392,Unf,0,392,784,GasA,Gd,Y,SBrkr,949,272,0,1221,1,0,1,0,4,1,TA,7,Typ,0,,Attchd,1965.0,Unf,1,392,TA,TA,Y,0,0,236,0,0,0,0,3,2006,WD,Normal,104900,2005,2.0,236,4.104325699745547,0.12538508934072704,0.3910224438902743,82,0,1,1,6105,8.0,25,1490841
1187,190,RL,107.0,10615,Pave,IR1,Bnk,AllPub,Corner,Mod,OldTown,Artery,Artery,2fmCon,2Story,3,5,1900,1970,Gable,CompShg,HdBoard,HdBoard,0.0,TA,TA,CBlock,Fa,TA,Mn,BLQ,440,Unf,0,538,978,GasA,TA,Y,SBrkr,1014,685,0,1699,1,0,2,0,3,2,TA,7,Typ,0,,CarPort,1920.0,Unf,2,420,Fa,Fa,Y,0,74,0,0,0,0,0,8,2009,WD,Abnorml,95000,2677,3.0,74,3.968460111317254,0.16005652378709373,0.365334329473291,109,0,1,1,5097,9.0,9,2886601
1188,20,RL,89.0,12461,Pave,Reg,Lvl,AllPub,Corner,Gtl,NoRidge,Norm,Norm,1Fam,1Story,8,5,1994,1995,Gable,CompShg,ImStucc,ImStucc,0.0,Gd,TA,PConc,Gd,TA,No,GLQ,1456,Unf,0,168,1624,GasA,Ex,Y,SBrkr,1624,0,0,1624,1,0,2,0,2,1,Gd,5,Typ,1,Fa,Attchd,1994.0,RFn,3,757,TA,TA,Y,0,114,192,0,0,0,0,7,2006,WD,Normal,262000,3248,3.0,306,18.224852071005916,0.1303266190514405,0.5,12,0,0,1,12992,6.0,64,2637376
1189,60,RL,68.0,8935,Pave,IR1,Lvl,AllPub,Inside,Gtl,CollgCr,Norm,Norm,1Fam,2Story,7,5,2002,2002,Gable,CompShg,VinylSd,VinylSd,95.0,Gd,TA,PConc,Gd,TA,No,Unf,0,Unf,0,831,831,GasA,Ex,Y,SBrkr,831,829,0,1660,0,0,2,1,3,1,Gd,7,Typ,0,,Attchd,2002.0,RFn,2,493,TA,TA,Y,144,68,0,0,0,0,0,7,2009,WD,Normal,195000,2491,2.5,68,1.9951923076923077,0.18578623391158366,0.33360096346848656,7,0,1,1,11620,7.5,49,2755600
1190,60,RL,60.0,7500,Pave,Reg,Lvl,AllPub,Inside,Gtl,Gilbert,Norm,Norm,1Fam,2Story,7,5,1999,1999,Gable,CompShg,VinylSd,VinylSd,0.0,TA,TA,PConc,TA,TA,No,Unf,0,Unf,0,994,994,GasA,Gd,Y,SBrkr,1028,776,0,1804,0,0,2,1,3,1,Gd,7,Typ,1,TA,Attchd,1999.0,Fin,2,442,TA,TA,Y,140,60,0,0,0,0,0,6,2010,WD,Normal,189000,2798,2.5,60,1.8130653266331658,0.24053333333333332,0.35525375268048603,11,0,1,1,12628,7.5,49,3254416
1191,190,RL,69.0,32463,Pave,Reg,Low,AllPub,Inside,Mod,Mitchel,Norm,Norm,2fmCon,1Story,4,4,1961,1975,Gable,CompShg,MetalSd,MetalSd,149.0,TA,Gd,CBlock,TA,TA,Av,BLQ,1159,Unf,0,90,1249,GasA,Ex,Y,SBrkr,1622,0,0,1622,1,0,1,0,3,1,TA,7,Typ,1,TA,2Types,1975.0,Fin,4,1356,TA,TA,Y,439,0,0,0,0,0,0,3,2007,WD,Normal,168000,2871,2.0,0,30.560439560439562,0.049964575054677635,0.4350400557297109,46,0,0,1,6488,6.0,16,2630884
1192,160,FV,24.0,2645,Pave,Reg,Lvl,AllPub,Inside,Gtl,Somerst,Norm,Norm,Twnhs,2Story,8,5,1999,2000,Gable,CompShg,MetalSd,MetalSd,456.0,Gd,TA,PConc,Gd,TA,No,Unf,0,Unf,0,776,776,GasA,Ex,Y,SBrkr,764,677,0,1441,0,0,2,1,2,1,Gd,5,Typ,0,,Detchd,1999.0,Unf,2,492,TA,TA,Y,206,0,0,0,0,0,0,11,2007,WD,Normal,174000,2217,2.5,0,1.8545688545688546,0.5448015122873346,0.35002255299954893,8,0,1,1,11528,5.0,64,2076481
1193,50,RM,60.0,9600,Pave,Reg,Lvl,AllPub,Inside,Gtl,OldTown,Norm,Norm,1Fam,1.5Fin,5,8,1925,1994,Gambrel,CompShg,VinylSd,VinylSd,0.0,TA,TA,PConc,TA,TA,Mn,Unf,0,Unf,0,702,702,GasA,Gd,Y,SBrkr,842,630,0,1472,0,0,1,0,3,1,Gd,6,Typ,0,,Detchd,1925.0,Unf,1,250,TA,Fa,P,0,0,84,0,0,0,0,7,2007,WD,Normal,125000,2174,1.0,84,2.0938833570412516,0.15333333333333332,0.32290708371665133,82,0,1,1,7360,3.0,25,2166784
1194,120,RM,69.0,4500,Pave,Reg,Lvl,AllPub,FR2,Gtl,Mitchel,Norm,Norm,TwnhsE,1Story,6,5,1999,1999,Hip,CompShg,VinylSd,VinylSd,425.0,TA,TA,PConc,Ex,TA,No,GLQ,883,Unf,0,341,1224,GasA,Ex,Y,SBrkr,1224,0,0,1224,1,0,2,0,2,1,TA,5,Typ,0,,Attchd,1999.0,Fin,2,402,TA,TA,Y,0,304,0,0,0,0,0,6,2009,WD,Normal,165000,2448,3.0,304,6.1608187134502925,0.272,0.5,10,0,0,1,7344,6.0,36,1498176
1195,60,RL,80.0,9364,Pave,Reg,Lvl,AllPub,Corner,Gtl,Sawyer,Norm,Norm,1Fam,2Story,6,7,1969,1969,Gable,CompShg,HdBoard,HdBoard,143.0,TA,TA,CBlock,TA,TA,No,ALQ,371,Unf,0,292,663,GasA,TA,Y,SBrkr,663,689,0,1352,0,0,1,1,4,1,TA,7,Typ,0,,Attchd,1969.0,Fin,1,299,TA,TA,Y,379,36,0,0,0,0,0,3,2010,WD,Normal,158000,2015,1.5,36,5.8805460750853245,0.1443827424177702,0.32903225806451614,41,0,1,1,8112,6.0,36,1827904
1196,60,RL,51.0,8029,Pave,IR1,Lvl,AllPub,Inside,Gtl,Gilbert,Norm,Norm,1Fam,2Story,6,5,2005,2005,Gable,CompShg,VinylSd,VinylSd,0.0,TA,TA,PConc,Gd,TA,No,Unf,0,Unf,0,728,728,GasA,Ex,Y,SBrkr,728,728,0,1456,0,0,2,1,3,1,Gd,8,Typ,0,,Attchd,2005.0,Fin,2,400,TA,TA,Y,100,24,0,0,0,0,0,7,2008,WD,Normal,176000,2184,2.5,24,1.9972565157750344,0.18134263295553618,0.3333333333333333,3,1,1,1,8736,7.5,36,2119936
1197,60,RL,58.0,14054,Pave,IR1,Lvl,AllPub,Inside,Gtl,Gilbert,Norm,Norm,1Fam,2Story,7,5,2006,2006,Gable,CompShg,VinylSd,VinylSd,0.0,Gd,TA,PConc,Gd,TA,Av,Unf,0,Unf,0,879,879,GasA,Ex,Y,SBrkr,879,984,0,1863,0,0,2,1,4,1,Gd,9,Typ,1,Gd,BuiltIn,2006.0,Fin,3,660,TA,TA,Y,100,17,0,0,0,0,0,11,2006,New,Partial,219210,2742,2.5,17,2.1170454545454547,0.13256012523125088,0.32056892778993434,0,1,1,1,13041,10.0,49,3470769
1198,75,RM,65.0,8850,Pave,IR1,Bnk,AllPub,Corner,Gtl,OldTown,Norm,Norm,1Fam,2.5Unf,7,6,1916,1950,Gable,CompShg,MetalSd,MetalSd,0.0,TA,TA,BrkTil,TA,TA,No,Unf,0,Unf,0,815,815,GasA,Ex,Y,SBrkr,815,875,0,1690,0,0,1,0,3,1,TA,7,Typ,1,Gd,Detchd,1916.0,Unf,1,225,TA,TA,Y,0,0,330,0,0,0,0,7,2006,ConLw,Normal,144000,2505,1.0,330,2.071078431372549,0.19096045197740114,0.3253493013972056,90,0,1,1,11830,3.0,49,2856100
1199,20,RL,70.0,9100,Pave,Reg,Lvl,AllPub,Inside,Gtl,CollgCr,Norm,Norm,1Fam,1Story,7,5,2001,2001,Gable,CompShg,VinylSd,VinylSd,0.0,Gd,TA,PConc,Gd,TA,No,Unf,0,Unf,0,1212,1212,GasA,Ex,Y,SBrkr,1212,0,0,1212,0,0,2,0,3,1,Gd,6,Typ,0,,Attchd,2001.0,RFn,2,573,TA,TA,Y,356,0,0,0,0,0,0,6,2009,WD,Normal,178000,2424,2.0,0,0.9991755976916735,0.1331868131868132,0.5,8,0,0,1,8484,6.0,49,1468944
1200,20,RL,75.0,11235,Pave,Reg,Lvl,AllPub,Inside,Gtl,Sawyer,Norm,Norm,1Fam,1Story,4,5,1963,1979,Gable,CompShg,HdBoard,HdBoard,51.0,TA,TA,CBlock,TA,TA,No,Rec,547,Unf,0,504,1051,GasA,Gd,Y,SBrkr,1382,0,0,1382,0,0,1,1,3,1,TA,6,Typ,1,Po,Attchd,1974.0,Unf,2,459,TA,TA,Y,0,82,0,0,0,0,0,10,2006,WD,Normal,148000,2433,1.5,82,3.8198019801980196,0.12300845571873609,0.4319769831483765,43,0,0,1,5528,4.5,16,1909924
1201,20,RL,71.0,9353,Pave,Reg,Lvl,AllPub,Inside,Gtl,NAmes,Norm,Norm,1Fam,1Story,4,5,1970,1970,Gable,CompShg,MetalSd,MetalSd,0.0,TA,TA,CBlock,TA,TA,No,Unf,0,Unf,0,864,864,GasA,Gd,Y,SBrkr,864,0,0,864,0,0,1,0,3,1,TA,5,Typ,0,,Attchd,1972.0,Unf,1,280,TA,TA,Y,0,0,0,0,0,0,0,7,2006,Oth,Abnorml,116050,1728,1.0,0,0.9988439306358381,0.092376777504544,0.5,36,0,0,1,3456,3.0,16,746496
1202,60,RL,80.0,10400,Pave,Reg,Lvl,AllPub,Corner,Gtl,CollgCr,Norm,Norm,1Fam,2Story,7,5,1998,1998,Gable,CompShg,VinylSd,VinylSd,0.0,TA,TA,PConc,Gd,TA,Av,Unf,0,Unf,0,866,866,GasA,Ex,Y,SBrkr,866,913,0,1779,0,0,2,1,3,1,Gd,6,Typ,0,,Attchd,1998.0,RFn,2,546,TA,TA,Y,198,36,0,0,0,0,0,3,2009,WD,Normal,197900,2645,2.5,36,2.0519031141868513,0.1710576923076923,0.3274102079395085,11,0,1,1,12453,7.5,49,3164841
1203,50,RM,50.0,6000,Pave,Reg,Lvl,AllPub,Corner,Gtl,BrkSide,Norm,Norm,1Fam,1.5Fin,5,8,1925,1997,Gable,CompShg,Wd Sdng,Wd Sdng,0.0,TA,TA,BrkTil,TA,TA,No,Unf,0,Unf,0,884,884,GasA,Ex,Y,SBrkr,884,464,0,1348,1,0,1,0,3,1,TA,5,Typ,1,Fa,Detchd,1960.0,Unf,1,216,TA,TA,N,0,0,208,0,0,0,0,5,2009,WD,Normal,117000,2232,2.0,208,1.5231638418079096,0.22466666666666665,0.3960573476702509,84,0,1,1,6740,6.0,25,1817104
1204,20,RL,75.0,9750,Pave,Reg,Lvl,AllPub,Inside,Gtl,CollgCr,Norm,Norm,1Fam,1Story,7,5,2000,2001,Gable,CompShg,VinylSd,VinylSd,171.0,Gd,TA,PConc,Gd,TA,No,Unf,0,Unf,0,1630,1630,GasA,Ex,Y,SBrkr,1630,0,0,1630,0,0,2,0,3,1,Gd,6,Typ,1,TA,Attchd,2000.0,Unf,2,451,TA,TA,Y,74,234,0,0,0,0,0,10,2009,WD,Normal,213000,3260,2.0,234,0.9993868792152054,0.1671794871794872,0.5,9,0,0,1,11410,6.0,49,2656900
1205,20,RL,78.0,10140,Pave,Reg,Lvl,AllPub,Inside,Gtl,NWAmes,Norm,Norm,1Fam,1Story,5,6,1975,1975,Gable,CompShg,HdBoard,HdBoard,0.0,TA,TA,CBlock,Gd,TA,No,ALQ,788,Unf,0,268,1056,GasA,Ex,Y,SBrkr,1074,0,0,1074,1,0,1,1,3,1,TA,6,Typ,0,,Attchd,1975.0,RFn,2,495,TA,TA,Y,0,88,0,0,0,0,0,7,2006,WD,Normal,153500,2130,2.5,88,6.921933085501859,0.1059171597633136,0.49577464788732395,31,0,0,1,5370,7.5,25,1153476
1206,20,RL,90.0,14684,Pave,IR1,Lvl,AllPub,CulDSac,Gtl,SawyerW,Norm,Norm,1Fam,1Story,7,7,1990,1991,Hip,CompShg,HdBoard,HdBoard,234.0,Gd,TA,CBlock,Gd,TA,Mn,ALQ,485,BLQ,177,1496,2158,GasA,Gd,Y,SBrkr,2196,0,0,2196,0,0,2,0,3,1,Gd,7,Typ,1,TA,Attchd,1990.0,RFn,3,701,TA,TA,Y,84,70,0,0,0,0,0,6,2009,WD,Normal,271900,4354,2.0,70,1.9091516366065464,0.14955053119041134,0.4956361966008268,19,0,0,1,15372,6.0,49,4822416
1207,20,RH,69.0,8900,Pave,Reg,Lvl,AllPub,Inside,Gtl,SawyerW,Norm,Norm,1Fam,1Story,4,4,1966,1966,Gable,CompShg,HdBoard,HdBoard,0.0,TA,TA,CBlock,TA,TA,No,Rec,1056,Unf,0,0,1056,GasA,TA,Y,SBrkr,1056,0,0,1056,1,0,1,0,2,1,TA,5,Typ,0,,Detchd,1966.0,Unf,1,384,TA,TA,Y,0,42,0,0,0,0,0,11,2006,WD,Normal,107000,2112,2.0,42,2112.0,0.11865168539325843,0.5,40,0,0,1,4224,4.0,16,1115136
1208,20,RL,70.0,9135,Pave,Reg,Lvl,AllPub,Inside,Gtl,CollgCr,Norm,Norm,1Fam,1Story,6,5,2003,2003,Gable,CompShg,VinylSd,VinylSd,120.0,Gd,TA,PConc,Gd,TA,Av,GLQ,340,Unf,0,1342,1682,GasA,Ex,Y,SBrkr,1700,0,0,1700,1,0,2,0,3,1,Gd,7,Typ,0,,Attchd,2003.0,RFn,2,544,TA,TA,Y,192,23,0,0,0,0,0,5,2006,WD,Normal,200000,3382,3.0,23,1.518987341772152,0.18609742747673783,0.4973388527498522,3,1,0,1,10200,9.0,36,2890000
1209,20,RL,70.0,7763,Pave,Reg,Lvl,AllPub,Inside,Gtl,NAmes,Norm,Norm,1Fam,1Story,5,7,1962,1980,Gable,CompShg,MetalSd,MetalSd,0.0,TA,Gd,CBlock,TA,TA,No,Rec,504,BLQ,108,319,931,GasA,TA,Y,SBrkr,1283,0,0,1283,1,0,1,0,3,1,TA,6,Typ,0,,Detchd,1980.0,Unf,2,506,TA,TA,Y,0,0,0,0,0,0,0,10,2008,WD,Normal,140000,2214,2.0,0,5.921875,0.16527115805745202,0.4205058717253839,46,0,0,1,6415,6.0,25,1646089
1210,20,RL,85.0,10182,Pave,IR1,Lvl,AllPub,CulDSac,Gtl,Somerst,RRNn,Norm,1Fam,1Story,8,5,2006,2006,Hip,CompShg,VinylSd,VinylSd,420.0,Gd,TA,PConc,Ex,TA,Mn,GLQ,1220,Unf,0,440,1660,GasA,Ex,Y,SBrkr,1660,0,0,1660,1,0,2,0,3,1,Gd,8,Typ,1,Gd,Attchd,2006.0,RFn,2,500,TA,TA,Y,322,50,0,0,0,0,0,5,2006,New,Partial,290000,3320,3.0,50,6.530612244897959,0.16303280298566097,0.5,0,1,0,1,13280,9.0,64,2755600
1211,60,RL,70.0,11218,Pave,Reg,Lvl,AllPub,Inside,Gtl,SawyerW,Norm,Norm,1Fam,2Story,6,5,1992,1992,Gable,CompShg,Wd Sdng,Wd Sdng,0.0,Gd,TA,PConc,Gd,TA,No,Unf,0,Unf,0,1055,1055,GasA,Ex,Y,SBrkr,1055,790,0,1845,0,0,2,1,3,1,Gd,8,Typ,1,TA,Attchd,1992.0,RFn,2,462,TA,TA,Y,635,104,0,0,0,0,400,5,2010,WD,Normal,189000,2900,2.5,104,1.7471590909090908,0.16446781957568193,0.36379310344827587,18,0,1,1,11070,7.5,36,3404025
1212,50,RL,152.0,12134,Pave,IR1,Bnk,AllPub,Inside,Mod,Gilbert,Norm,Norm,1Fam,1.5Fin,8,7,1988,2005,Gable,CompShg,Wd Sdng,Wd Sdng,0.0,Gd,TA,Wood,Gd,TA,Av,GLQ,427,Unf,0,132,559,GasA,Gd,Y,SBrkr,1080,672,0,1752,0,0,2,0,4,1,TA,8,Typ,0,,Basment,1988.0,RFn,2,492,TA,TA,Y,325,12,0,0,0,0,0,6,2010,WD,Normal,164000,2311,2.0,12,16.383458646616543,0.14438767100708752,0.2418866291648637,22,0,1,1,14016,8.0,64,3069504
1213,30,RL,50.0,9340,Pave,Reg,Lvl,AllPub,Inside,Gtl,Edwards,Norm,Norm,1Fam,1Story,4,6,1941,1950,Hip,CompShg,MetalSd,MetalSd,0.0,TA,TA,CBlock,TA,TA,No,Rec,344,Unf,0,328,672,GasA,TA,Y,SBrkr,672,0,0,672,1,0,1,0,2,1,TA,4,Typ,0,,Attchd,1941.0,Unf,1,234,TA,TA,N,0,113,0,0,0,0,0,8,2009,WD,Normal,113000,1344,2.0,113,3.088145896656535,0.07194860813704497,0.5,68,0,0,1,2688,4.0,16,451584
1214,80,RL,69.0,10246,Pave,IR1,Lvl,AllPub,CulDSac,Gtl,Sawyer,Norm,Norm,1Fam,SLvl,4,9,1965,2001,Gable,CompShg,VinylSd,VinylSd,0.0,TA,Gd,CBlock,TA,Gd,Av,GLQ,648,Unf,0,0,648,GasA,Ex,Y,SBrkr,960,0,0,960,1,1,0,0,0,1,TA,3,Typ,0,,Attchd,1965.0,Unf,1,364,TA,TA,Y,88,0,0,0,0,0,0,5,2006,WD,Normal,145000,1608,1.5,0,1608.0,0.09369510052703495,0.40298507462686567,41,0,0,1,3840,0.0,16,921600
1215,85,RL,69.0,10205,Pave,IR1,Lvl,AllPub,Inside,Gtl,NAmes,Norm,Norm,1Fam,SFoyer,5,5,1962,1962,Gable,CompShg,MetalSd,MetalSd,0.0,TA,TA,CBlock,TA,TA,Av,BLQ,784,Unf,0,141,925,GasA,TA,Y,SBrkr,999,0,0,999,1,0,1,0,3,1,TA,6,Typ,0,,Attchd,1962.0,Unf,1,300,TA,TA,Y,150,72,0,0,0,0,0,5,2006,WD,Normal,134500,1924,2.0,72,12.556338028169014,0.09789318961293483,0.4807692307692308,44,0,0,1,4995,6.0,25,998001
1216,20,RL,99.0,7094,Pave,IR1,Lvl,AllPub,Inside,Gtl,Sawyer,Norm,Norm,1Fam,1Story,5,5,1966,1966,Gable,CompShg,VinylSd,VinylSd,0.0,TA,TA,CBlock,TA,TA,No,Rec,180,LwQ,374,340,894,GasA,TA,Y,SBrkr,894,0,0,894,0,0,1,0,3,1,TA,5,Typ,0,,Detchd,1966.0,RFn,1,384,TA,TA,Y,0,0,0,0,0,0,0,5,2007,WD,Normal,125000,1788,1.0,0,4.24633431085044,0.12602199041443474,0.5,41,0,0,1,4470,3.0,25,799236
1217,90,RM,68.0,8930,Pave,Reg,Lvl,AllPub,Inside,Gtl,Sawyer,RRAe,Norm,Duplex,1.5Fin,6,5,1978,1978,Gable,CompShg,VinylSd,VinylSd,0.0,TA,TA,Slab,,,,,0,,0,0,0,GasA,TA,Y,SBrkr,1318,584,0,1902,0,0,2,0,4,2,TA,8,Typ,0,,Attchd,1978.0,Unf,2,539,TA,TA,Y,0,0,0,0,0,0,0,4,2010,WD,Normal,112000,1902,2.0,0,1902.0,0.212989921612542,0.0,32,0,1,1,11412,8.0,36,3617604
1218,20,FV,72.0,8640,Pave,Reg,Lvl,AllPub,Inside,Gtl,Somerst,Norm,Norm,1Fam,1Story,8,5,2009,2009,Gable,CompShg,CemntBd,CmentBd,72.0,Gd,TA,PConc,Gd,TA,Mn,GLQ,936,Unf,0,364,1300,GasA,Ex,Y,SBrkr,1314,0,0,1314,1,0,2,0,3,1,Gd,6,Typ,0,,Attchd,2009.0,RFn,2,552,TA,TA,Y,135,112,0,0,0,0,0,9,2009,New,Partial,229456,2614,3.0,112,6.164383561643835,0.15208333333333332,0.4973221117061974,0,1,0,1,10512,9.0,64,1726596
1219,50,RM,52.0,6240,Pave,Reg,Lvl,AllPub,Inside,Gtl,BrkSide,Norm,Norm,1Fam,1.5Fin,4,5,1947,1950,Gable,CompShg,AsbShng,AsbShng,0.0,TA,TA,Slab,,,,,0,,0,0,0,GasA,Gd,N,SBrkr,672,240,0,912,0,0,1,0,2,1,TA,3,Typ,0,,,0.0,,0,0,,,N,0,0,0,0,0,0,0,7,2006,WD,Normal,80500,912,1.0,0,912.0,0.14615384615384616,0.0,59,0,1,0,3648,2.0,16,831744
1220,160,RM,21.0,1680,Pave,Reg,Lvl,AllPub,Inside,Gtl,BrDale,Norm,Norm,Twnhs,2Story,6,5,1971,1971,Gable,CompShg,CemntBd,CmentBd,236.0,TA,TA,CBlock,TA,TA,No,Unf,0,Unf,0,672,672,GasA,TA,Y,SBrkr,672,546,0,1218,0,0,1,1,3,1,TA,7,Typ,0,,,0.0,,0,0,,,N,201,0,0,0,0,0,0,4,2006,WD,Abnorml,91500,1890,1.5,0,1.8098068350668648,0.725,0.35555555555555557,35,0,1,0,7308,4.5,36,1483524
1221,20,RL,66.0,7800,Pave,IR1,Lvl,AllPub,Inside,Gtl,NAmes,Norm,Norm,1Fam,1Story,5,5,1964,1964,Gable,CompShg,Wd Sdng,Wd Sdng,0.0,TA,TA,CBlock,TA,TA,No,Rec,312,LwQ,600,0,912,GasA,TA,Y,SBrkr,912,0,0,912,0,0,1,0,2,1,TA,5,Typ,0,,Attchd,1964.0,Unf,1,288,TA,TA,Y,0,0,0,0,0,0,0,11,2006,WD,Abnorml,115000,1824,1.0,0,1824.0,0.11692307692307692,0.5,42,0,0,1,4560,2.0,25,831744
1222,20,RL,55.0,8250,Pave,Reg,Lvl,AllPub,Inside,Gtl,Sawyer,Feedr,Norm,1Fam,1Story,5,5,1968,1968,Hip,CompShg,HdBoard,HdBoard,0.0,TA,TA,CBlock,TA,TA,No,BLQ,250,LwQ,492,210,952,GasA,Ex,Y,SBrkr,1211,0,0,1211,0,0,1,0,3,1,TA,5,Typ,1,TA,Attchd,1968.0,Unf,1,322,TA,TA,Y,0,63,0,0,0,0,0,8,2008,WD,Normal,134000,2163,1.0,63,9.255924170616113,0.1467878787878788,0.4401294498381877,40,0,0,1,6055,3.0,25,1466521
1223,50,RL,78.0,10496,Pave,Reg,Lvl,AllPub,Inside,Gtl,NAmes,Artery,Norm,1Fam,1.5Fin,6,6,1949,1950,Gable,CompShg,Wd Sdng,Wd Sdng,320.0,TA,TA,CBlock,TA,TA,Mn,Rec,196,Unf,0,844,1040,GasA,Ex,Y,SBrkr,1168,678,0,1846,0,0,2,0,3,1,TA,7,Typ,1,Gd,Attchd,1949.0,Unf,1,315,TA,TA,Y,0,0,0,0,0,0,0,1,2007,WD,Normal,143000,2886,2.0,0,2.416568047337278,0.1758765243902439,0.36036036036036034,58,0,1,1,11076,6.0,36,3407716
1224,20,RL,89.0,10680,Pave,Reg,Lvl,AllPub,Inside,Gtl,NAmes,Norm,Norm,1Fam,1Story,5,3,1951,1951,Hip,CompShg,Wd Sdng,Wd Sdng,44.0,TA,TA,CBlock,TA,Fa,No,LwQ,756,Unf,0,1380,2136,GasA,TA,N,FuseA,2136,0,0,2136,0,0,2,0,4,1,TA,7,Mod,0,,Detchd,1951.0,Unf,2,528,TA,TA,Y,0,30,0,0,0,0,0,10,2006,WD,Normal,137900,4272,2.0,30,2.0941346850108618,0.2,0.5,55,0,0,1,10680,8.0,25,4562496
1225,60,RL,60.0,15384,Pave,IR1,Lvl,AllPub,Inside,Gtl,Gilbert,RRAn,Norm,1Fam,2Story,7,5,2004,2005,Gable,CompShg,VinylSd,VinylSd,0.0,Gd,TA,PConc,Gd,TA,Av,GLQ,724,Unf,0,64,788,GasA,Ex,Y,SBrkr,788,702,0,1490,1,0,2,1,3,1,Gd,8,Typ,1,Gd,Attchd,2004.0,Fin,2,388,TA,TA,Y,100,75,0,0,0,0,0,2,2008,WD,Normal,184000,2278,3.5,75,34.06153846153846,0.0968538741549662,0.34591747146619845,4,0,1,1,10430,10.5,49,2220100
1226,80,RL,65.0,10482,Pave,Reg,Lvl,AllPub,Inside,Gtl,NAmes,Norm,Norm,1Fam,SLvl,6,8,1958,1958,Hip,CompShg,VinylSd,VinylSd,63.0,TA,Gd,CBlock,TA,TA,Av,GLQ,507,Unf,0,81,588,GasA,Ex,Y,SBrkr,1138,0,0,1138,0,1,1,0,3,1,TA,6,Typ,0,,Attchd,1958.0,RFn,1,264,TA,TA,Y,224,0,0,0,0,0,0,6,2007,WD,Normal,145000,1726,1.5,0,20.0609756097561,0.10856706735355848,0.3406720741599073,49,0,0,1,6828,4.5,36,1295044
1227,60,RL,86.0,14598,Pave,IR1,Lvl,AllPub,CulDSac,Gtl,Somerst,Feedr,Norm,1Fam,2Story,6,5,2007,2007,Gable,CompShg,VinylSd,VinylSd,74.0,Gd,TA,PConc,Gd,TA,Mn,Unf,0,Unf,0,894,894,GasA,Ex,Y,SBrkr,894,1039,0,1933,0,0,2,1,4,1,Gd,9,Typ,1,Gd,BuiltIn,2007.0,Fin,3,668,TA,TA,Y,100,18,0,0,0,0,0,1,2008,WD,Normal,214000,2827,2.5,18,2.159776536312849,0.13241539936977667,0.3162362928899894,1,1,1,1,11598,10.0,36,3736489
1228,20,RL,72.0,8872,Pave,Reg,Lvl,AllPub,Corner,Gtl,NAmes,Norm,Norm,1Fam,1Story,5,8,1965,2008,Gable,CompShg,VinylSd,VinylSd,300.0,TA,TA,CBlock,TA,TA,No,ALQ,595,Unf,0,317,912,GasA,Ex,Y,SBrkr,912,0,0,912,1,0,1,0,2,1,Gd,5,Typ,0,,Detchd,1992.0,Unf,2,576,TA,TA,Y,0,240,0,0,0,0,0,12,2008,WD,Normal,147000,1824,2.0,240,4.738993710691824,0.10279531109107304,0.5,43,0,0,1,4560,4.0,25,831744
1229,120,RL,65.0,8769,Pave,Reg,Lvl,AllPub,Corner,Gtl,NridgHt,Norm,Norm,TwnhsE,1Story,9,5,2008,2008,Hip,CompShg,MetalSd,MetalSd,766.0,Ex,TA,PConc,Ex,TA,No,GLQ,1540,Unf,0,162,1702,GasA,Ex,Y,SBrkr,1702,0,0,1702,1,0,1,1,1,1,Ex,7,Typ,1,Gd,Attchd,2008.0,Fin,3,1052,TA,TA,Y,0,72,0,0,224,0,0,10,2008,New,Partial,367294,3404,2.5,296,19.88957055214724,0.1940928270042194,0.5,0,1,0,1,15318,2.5,81,2896804
1230,80,RL,70.0,7910,Pave,Reg,Lvl,AllPub,Inside,Gtl,NAmes,Norm,Norm,1Fam,SLvl,5,5,1960,1960,Hip,CompShg,BrkFace,HdBoard,0.0,TA,TA,CBlock,TA,TA,No,ALQ,666,Unf,0,409,1075,GasA,Gd,Y,SBrkr,1507,0,0,1507,0,0,2,0,4,1,TA,7,Maj1,0,,Basment,1960.0,Unf,1,404,TA,TA,Y,0,0,0,0,0,0,0,8,2008,WD,Normal,127000,2582,2.0,0,5.3,0.19051833122629583,0.4163439194422928,48,0,0,1,7535,8.0,25,2271049
1231,90,RL,69.0,18890,Pave,IR1,Lvl,AllPub,Inside,Gtl,Sawyer,Feedr,RRAe,Duplex,1.5Fin,5,5,1977,1977,Shed,CompShg,Plywood,Plywood,1.0,TA,TA,CBlock,Gd,TA,No,GLQ,498,Rec,211,652,1361,GasA,Ex,Y,SBrkr,1361,1259,0,2620,0,0,2,2,4,2,TA,12,Typ,1,TA,BuiltIn,1977.0,RFn,2,600,TA,TA,N,155,24,145,0,0,0,8300,8,2007,WD,Normal,190000,3981,3.0,169,5.0980091883614085,0.13869772366331393,0.341873901029892,30,0,1,1,13100,12.0,25,6864400
1232,90,RL,70.0,7728,Pave,Reg,Lvl,AllPub,Inside,Gtl,NAmes,Norm,Norm,Duplex,SLvl,5,6,1962,1962,Hip,CompShg,Wd Sdng,Wd Sdng,120.0,TA,TA,CBlock,TA,TA,Av,ALQ,803,Unf,0,303,1106,GasA,TA,Y,SBrkr,1190,0,0,1190,1,0,1,0,3,1,TA,6,Typ,0,,Attchd,1962.0,Unf,2,540,TA,TA,Y,0,18,0,0,0,0,0,5,2006,WD,Normal,132500,2296,2.0,18,6.555921052631579,0.1539855072463768,0.4817073170731707,44,0,0,1,5950,6.0,25,1416100
1233,90,RL,70.0,9842,Pave,Reg,Lvl,AllPub,FR2,Gtl,NAmes,Norm,Norm,Duplex,1Story,4,5,1962,1962,Gable,CompShg,HdBoard,HdBoard,0.0,TA,TA,Slab,,,,,0,,0,0,0,GasA,TA,Y,SBrkr,1224,0,0,1224,0,0,2,0,2,2,TA,6,Typ,0,,CarPort,1962.0,Unf,2,462,TA,TA,Y,0,0,0,0,0,0,0,3,2007,WD,Normal,101800,1224,2.0,0,1224.0,0.12436496647022963,0.0,45,0,0,1,4896,4.0,16,1498176
1234,20,RL,69.0,12160,Pave,IR1,Lvl,AllPub,Inside,Gtl,NAmes,Norm,Norm,1Fam,1Story,5,5,1959,1959,Hip,CompShg,Plywood,Plywood,180.0,TA,TA,CBlock,TA,TA,No,Rec,1000,Unf,0,188,1188,GasA,Fa,Y,SBrkr,1188,0,0,1188,1,0,1,0,3,1,TA,6,Typ,0,,Attchd,1959.0,RFn,2,531,TA,TA,Y,0,0,0,0,0,0,0,5,2010,COD,Abnorml,142000,2376,2.0,0,11.576719576719576,0.09769736842105263,0.5,51,0,0,1,5940,6.0,25,1411344
1235,70,RH,55.0,8525,Pave,Reg,Bnk,AllPub,Inside,Gtl,SWISU,Norm,Norm,1Fam,2Story,5,6,1911,1950,Gable,CompShg,MetalSd,MetalSd,0.0,TA,TA,PConc,TA,TA,Av,Unf,0,Unf,0,940,940,GasA,TA,N,FuseA,1024,940,0,1964,0,0,1,1,4,1,TA,7,Typ,0,,,0.0,,0,0,,,N,0,192,0,0,0,0,0,11,2008,WD,Abnorml,130000,2904,1.5,192,2.0871413390010627,0.23038123167155425,0.3236914600550964,97,0,1,0,9820,6.0,25,3857296
1236,70,RL,96.0,13132,Pave,Reg,Lvl,AllPub,Inside,Gtl,Crawfor,Norm,Norm,1Fam,2Story,5,5,1914,1950,Gable,CompShg,Wd Sdng,Wd Sdng,0.0,TA,TA,BrkTil,Gd,TA,Mn,Unf,0,Unf,0,747,747,GasA,Gd,Y,FuseF,892,892,0,1784,0,0,1,1,4,1,TA,9,Typ,0,,Detchd,1914.0,Unf,1,180,Fa,Fa,N,203,40,0,0,0,0,0,7,2006,WD,Normal,138887,2531,1.5,40,2.3850267379679146,0.13585135546756016,0.29514026076649547,92,0,1,1,8920,6.0,25,3182656
1237,160,RL,36.0,2628,Pave,Reg,Lvl,AllPub,Inside,Gtl,NridgHt,Norm,Norm,Twnhs,2Story,7,5,2003,2003,Gable,CompShg,VinylSd,Wd Shng,106.0,Gd,TA,PConc,Gd,TA,No,Unf,0,Unf,0,764,764,GasA,Ex,Y,SBrkr,764,862,0,1626,0,0,2,1,2,1,Gd,6,Typ,0,,BuiltIn,2003.0,RFn,2,474,TA,TA,Y,0,27,0,0,0,0,0,6,2010,WD,Normal,175500,2390,2.5,27,2.1254901960784314,0.6187214611872146,0.3196652719665272,7,0,1,1,11382,5.0,49,2643876
1238,60,RL,41.0,12393,Pave,IR2,Lvl,AllPub,FR2,Gtl,CollgCr,Norm,Norm,1Fam,2Story,7,5,2004,2005,Gable,CompShg,VinylSd,VinylSd,0.0,Gd,TA,PConc,Gd,TA,No,Unf,0,Unf,0,847,847,GasA,Ex,Y,SBrkr,847,1101,0,1948,0,0,2,1,4,1,Gd,8,Typ,1,Gd,BuiltIn,2004.0,Fin,2,434,TA,TA,Y,100,48,0,0,0,0,0,9,2006,WD,Normal,195000,2795,2.5,48,2.297169811320755,0.15718550794803518,0.30304114490161,2,1,1,1,13636,10.0,49,3794704
1239,20,RL,63.0,13072,Pave,Reg,Lvl,AllPub,Inside,Gtl,SawyerW,RRAe,Norm,1Fam,1Story,6,5,2005,2005,Gable,CompShg,VinylSd,VinylSd,0.0,Gd,TA,PConc,Gd,TA,No,Unf,0,Unf,0,1141,1141,GasA,Ex,Y,SBrkr,1141,0,0,1141,0,0,1,1,3,1,TA,6,Typ,0,,Detchd,2005.0,Unf,2,484,TA,TA,Y,0,0,0,0,0,0,0,3,2006,WD,Abnorml,142500,2282,1.5,0,0.999124343257443,0.0872858017135863,0.5,1,1,0,1,6846,4.5,36,1301881
1240,20,RL,64.0,9037,Pave,IR1,HLS,AllPub,Inside,Gtl,Timber,Norm,Norm,1Fam,1Story,8,5,2006,2006,Hip,CompShg,VinylSd,VinylSd,32.0,Gd,TA,PConc,Gd,TA,Av,GLQ,428,Unf,0,1048,1476,GasA,Ex,Y,SBrkr,1484,0,0,1484,0,0,2,0,2,1,Ex,6,Typ,1,Gd,Attchd,2006.0,RFn,2,472,TA,TA,Y,120,33,0,0,0,0,0,12,2007,WD,Normal,265900,2960,2.0,33,1.8226882745471877,0.16421378776142526,0.49864864864864866,1,1,0,1,11872,4.0,64,2202256
1241,60,RL,65.0,8158,Pave,Reg,Lvl,AllPub,Inside,Gtl,CollgCr,Norm,Norm,1Fam,2Story,7,5,2003,2003,Gable,CompShg,VinylSd,VinylSd,252.0,Gd,TA,PConc,Gd,TA,No,GLQ,550,Unf,0,334,884,GasA,Ex,Y,SBrkr,884,884,0,1768,1,0,2,1,3,1,Gd,8,Typ,0,,Attchd,2003.0,RFn,2,543,TA,TA,Y,0,63,0,0,0,0,0,7,2008,WD,Normal,224900,2652,3.5,63,6.919402985074627,0.21671978426084826,0.3333333333333333,5,0,1,1,12376,10.5,49,3125824
1242,20,RL,83.0,9849,Pave,Reg,Lvl,AllPub,Inside,Gtl,Somerst,Norm,Norm,1Fam,1Story,7,6,2007,2007,Hip,CompShg,VinylSd,VinylSd,0.0,Gd,TA,PConc,Gd,TA,Av,Unf,0,Unf,0,1689,1689,GasA,Ex,Y,SBrkr,1689,0,0,1689,0,0,2,0,3,1,Gd,7,Typ,0,,Attchd,2007.0,RFn,3,954,TA,TA,Y,0,56,0,0,0,0,0,6,2007,New,Partial,248328,3378,2.0,56,0.9994082840236687,0.17148949131891564,0.5,0,1,0,1,11823,6.0,49,2852721
1243,85,RL,85.0,10625,Pave,Reg,Lvl,AllPub,Inside,Gtl,NWAmes,Norm,Norm,1Fam,SFoyer,7,6,1974,1974,Gable,CompShg,Plywood,Plywood,81.0,TA,TA,CBlock,Gd,TA,Gd,GLQ,885,LwQ,168,0,1053,GasA,TA,Y,SBrkr,1173,0,0,1173,1,0,2,0,3,1,Gd,6,Typ,2,TA,Attchd,1974.0,RFn,2,528,TA,TA,Y,0,120,0,0,0,0,0,1,2010,WD,Family,170000,2226,3.0,120,2226.0,0.1104,0.47304582210242585,36,0,0,1,8211,9.0,49,1375929
1244,20,RL,107.0,13891,Pave,Reg,Lvl,AllPub,Inside,Gtl,NridgHt,Norm,Norm,1Fam,1Story,10,5,2006,2006,Gable,CompShg,VinylSd,VinylSd,0.0,Ex,TA,PConc,Ex,Gd,Gd,GLQ,1386,Unf,0,690,2076,GasA,Ex,Y,SBrkr,2076,0,0,2076,1,0,2,1,2,1,Ex,7,Typ,1,Gd,Attchd,2006.0,Fin,3,850,TA,TA,Y,216,229,0,0,0,0,0,9,2006,New,Partial,465000,4152,3.5,229,5.01013024602026,0.14944928370887625,0.5,0,1,0,1,20760,7.0,100,4309776
1245,70,RL,69.0,11435,Pave,IR1,HLS,AllPub,Corner,Mod,Crawfor,Norm,Norm,1Fam,2Story,8,7,1929,1950,Gable,CompShg,BrkFace,Stucco,0.0,TA,TA,PConc,Gd,TA,No,Unf,0,Unf,0,792,792,GasA,Fa,Y,SBrkr,792,725,0,1517,0,0,1,0,3,1,Gd,7,Typ,2,Gd,Detchd,1931.0,Unf,2,400,TA,TA,Y,0,0,0,0,0,0,0,6,2006,WD,Normal,230000,2309,1.0,0,1.9129886506935687,0.13266287713161345,0.343005630142919,77,0,1,1,12136,3.0,64,2301289
1246,80,RL,78.0,12090,Pave,Reg,Lvl,AllPub,Inside,Gtl,NWAmes,Norm,Norm,1Fam,SLvl,6,7,1984,2003,Hip,CompShg,VinylSd,VinylSd,74.0,TA,TA,CBlock,Gd,TA,No,Unf,0,Unf,0,585,585,GasA,Ex,Y,SBrkr,1140,728,0,1868,0,0,3,1,3,1,TA,7,Typ,1,TA,BuiltIn,1984.0,Fin,2,477,TA,TA,Y,268,112,0,0,147,0,0,1,2007,WD,Abnorml,178000,2453,3.5,259,3.1877133105802047,0.15450785773366418,0.23848348960456583,23,0,1,1,11208,10.5,36,3489424
1247,60,FV,65.0,8125,Pave,Reg,Lvl,AllPub,Inside,Gtl,Somerst,Norm,Norm,1Fam,2Story,7,5,2005,2006,Gable,CompShg,VinylSd,VinylSd,0.0,Gd,TA,PConc,Gd,TA,No,Unf,0,Unf,0,756,756,GasA,Ex,Y,SBrkr,756,797,0,1553,0,0,2,1,3,1,Gd,6,Typ,0,,Attchd,2005.0,RFn,2,615,TA,TA,Y,0,45,0,0,0,0,0,3,2006,New,Partial,186500,2309,2.5,45,2.0515191545574636,0.19113846153846153,0.3274144651364227,1,1,1,1,10871,7.5,49,2411809
1248,80,RL,69.0,12328,Pave,IR1,Lvl,AllPub,Inside,Gtl,Mitchel,Norm,Norm,1Fam,SLvl,6,5,1976,1976,Gable,CompShg,HdBoard,HdBoard,335.0,TA,TA,CBlock,TA,TA,Av,GLQ,539,Unf,0,473,1012,GasA,TA,Y,SBrkr,1034,0,0,1034,1,0,1,0,3,1,TA,6,Typ,0,,Attchd,1976.0,Unf,3,888,TA,TA,Y,0,0,0,0,0,0,0,5,2010,WD,Normal,169900,2046,2.0,0,3.318565400843882,0.08387410772225827,0.4946236559139785,34,0,0,1,6204,6.0,36,1069156
1249,75,RM,60.0,9600,Pave,Reg,Lvl,AllPub,Inside,Gtl,OldTown,Norm,Norm,1Fam,2.5Unf,6,5,1917,1950,Gable,CompShg,AsbShng,AsbShng,0.0,TA,TA,BrkTil,Gd,TA,No,Rec,319,Unf,0,416,735,OthW,Fa,N,SBrkr,1134,924,0,2058,0,0,1,1,3,1,TA,8,Typ,1,Gd,Detchd,1950.0,Unf,2,396,Fa,Fa,P,0,0,259,0,0,0,0,4,2008,WD,Normal,129500,2793,1.5,259,5.700239808153477,0.214375,0.2631578947368421,91,0,1,1,12348,4.5,36,4235364
1250,20,RL,60.0,7200,Pave,Reg,Lvl,AllPub,Inside,Gtl,NAmes,Norm,Norm,1Fam,1Story,5,7,1950,1950,Gable,CompShg,MetalSd,MetalSd,0.0,TA,TA,CBlock,TA,TA,No,BLQ,534,Rec,96,246,876,GasA,TA,Y,SBrkr,988,0,0,988,0,0,1,0,3,1,TA,6,Typ,0,,Attchd,1950.0,Unf,1,276,TA,TA,Y,0,80,0,0,0,0,0,5,2007,WD,Normal,119000,1864,1.0,80,6.550607287449393,0.13722222222222222,0.4699570815450644,57,0,0,1,4940,3.0,25,976144
1251,20,RL,93.0,11160,Pave,Reg,Lvl,AllPub,Corner,Gtl,NAmes,Norm,Norm,1Fam,1Story,7,5,1968,1968,Hip,CompShg,BrkFace,BrkFace,0.0,Gd,TA,CBlock,TA,TA,No,ALQ,1065,Unf,0,1045,2110,GasA,Ex,Y,SBrkr,2110,0,0,2110,1,0,2,1,3,1,Ex,8,Typ,2,TA,Attchd,1968.0,Fin,2,522,TA,TA,Y,0,0,0,0,0,0,0,4,2010,WD,Normal,244000,4220,3.5,0,3.035372848948375,0.18906810035842295,0.5,42,0,0,1,14770,10.5,49,4452100
1252,120,RL,69.0,3136,Pave,IR1,Lvl,AllPub,Corner,Gtl,NridgHt,Norm,Norm,TwnhsE,1Story,7,5,2003,2003,Gable,CompShg,VinylSd,Wd Shng,163.0,Gd,TA,PConc,Gd,TA,No,Unf,0,Unf,0,1405,1405,GasA,Ex,Y,SBrkr,1405,0,0,1405,0,0,2,0,2,1,Gd,6,Typ,1,Gd,Attchd,2003.0,RFn,2,478,TA,TA,Y,148,36,0,0,0,0,0,3,2006,WD,Normal,171750,2810,2.0,36,0.9992887624466572,0.44802295918367346,0.5,3,1,0,1,9835,4.0,49,1974025
1253,20,RL,62.0,9858,Pave,Reg,Lvl,AllPub,Inside,Gtl,Mitchel,Norm,Norm,1Fam,1Story,5,6,1968,1968,Gable,CompShg,HdBoard,HdBoard,0.0,TA,TA,CBlock,TA,TA,No,BLQ,510,Unf,0,354,864,GasA,TA,Y,SBrkr,874,0,0,874,1,0,1,0,3,1,TA,5,Typ,0,,Attchd,1968.0,RFn,1,288,TA,TA,Y,33,0,0,0,0,0,600,11,2009,WD,Normal,130000,1738,2.0,0,3.898591549295775,0.08865895719212823,0.49712313003452246,41,0,0,1,4370,6.0,25,763876
1254,60,RL,69.0,17542,Pave,IR1,Lvl,AllPub,Inside,Gtl,Veenker,Norm,Norm,1Fam,2Story,7,7,1974,2003,Gable,CompShg,Wd Sdng,Wd Sdng,0.0,Gd,TA,CBlock,TA,TA,Gd,LwQ,125,ALQ,1031,36,1192,GasA,TA,Y,SBrkr,1516,651,0,2167,1,0,2,1,3,1,Gd,9,Typ,2,Gd,Attchd,1974.0,RFn,2,518,TA,TA,Y,220,47,0,0,0,0,0,7,2007,WD,Normal,294000,3359,3.5,47,89.8108108108108,0.12353209440200662,0.35486752009526645,33,0,1,1,15169,10.5,49,4695889
1255,60,RL,60.0,6931,Pave,Reg,Lvl,AllPub,Inside,Gtl,Edwards,Norm,Norm,1Fam,2Story,7,5,2003,2004,Gable,CompShg,VinylSd,VinylSd,92.0,Gd,TA,PConc,Gd,TA,No,Unf,0,Unf,0,746,746,GasA,Ex,Y,SBrkr,760,896,0,1656,0,0,2,1,3,1,Gd,7,Typ,1,Gd,BuiltIn,2003.0,Fin,2,397,TA,TA,Y,178,128,0,0,0,0,0,7,2008,WD,Normal,165400,2402,2.5,128,2.216867469879518,0.23892656182369065,0.3105745212323064,5,0,1,1,11592,7.5,49,2742336
1256,50,RM,52.0,6240,Pave,Reg,Lvl,AllPub,Inside,Gtl,BrkSide,Norm,Norm,1Fam,1.5Fin,6,6,1931,1950,Gable,CompShg,Wd Sdng,Wd Sdng,0.0,TA,TA,BrkTil,TA,Fa,No,LwQ,425,Unf,0,459,884,GasA,TA,Y,FuseA,959,408,0,1367,0,0,1,0,3,1,TA,6,Typ,1,Gd,Detchd,1978.0,Unf,1,560,TA,TA,Y,0,0,0,0,120,0,0,11,2007,WD,Normal,127500,2251,1.0,120,3.8956521739130436,0.21907051282051282,0.3927143491781431,76,0,1,1,8202,3.0,36,1868689
1257,20,RL,91.0,14303,Pave,IR1,Lvl,AllPub,Corner,Gtl,NoRidge,Norm,Norm,1Fam,1Story,8,5,1994,1994,Hip,CompShg,HdBoard,HdBoard,554.0,Gd,TA,PConc,Gd,TA,Gd,GLQ,1314,Unf,0,672,1986,GasA,Ex,Y,SBrkr,1987,0,0,1987,1,0,2,0,2,1,Gd,7,Typ,1,TA,Attchd,1994.0,Fin,2,691,TA,TA,Y,262,36,0,0,0,0,0,8,2008,WD,Normal,301500,3973,3.0,36,4.904903417533433,0.13892190449556038,0.4998741505159829,14,0,0,1,15896,6.0,64,3948169
1258,30,RL,56.0,4060,Pave,Reg,Lvl,AllPub,Corner,Gtl,Edwards,Feedr,Norm,1Fam,1Story,5,8,1922,1950,Gable,CompShg,Wd Sdng,Wd Sdng,0.0,TA,TA,PConc,Fa,TA,No,Unf,0,Unf,0,864,864,GasA,Ex,Y,SBrkr,864,0,0,864,0,0,1,0,2,1,TA,4,Typ,0,,,0.0,,0,0,,,Y,0,96,0,0,0,0,0,7,2009,WD,Normal,99900,1728,1.0,96,0.9988439306358381,0.21280788177339902,0.5,87,0,0,0,4320,2.0,25,746496
1259,80,RL,59.0,9587,Pave,IR1,Lvl,AllPub,Inside,Gtl,Gilbert,Norm,Norm,1Fam,SLvl,7,5,2005,2005,Gable,CompShg,VinylSd,VinylSd,182.0,Gd,TA,PConc,Gd,TA,Gd,GLQ,655,Unf,0,201,856,GasA,Ex,Y,SBrkr,1166,0,0,1166,1,0,2,0,2,1,Gd,5,Typ,0,,Attchd,2005.0,Fin,2,400,TA,TA,Y,212,0,0,0,0,0,0,7,2008,WD,Normal,190000,2022,3.0,0,9.014851485148515,0.12162303118806718,0.42334322453016815,3,1,0,1,8162,6.0,49,1359556
1260,20,RL,65.0,9750,Pave,Reg,Lvl,AllPub,FR2,Gtl,NAmes,Norm,Norm,1Fam,1Story,6,8,1969,1969,Gable,CompShg,HdBoard,HdBoard,0.0,TA,TA,CBlock,Gd,TA,No,ALQ,602,LwQ,438,14,1054,GasA,Gd,Y,SBrkr,1054,0,0,1054,1,0,1,1,3,1,TA,6,Typ,0,,Attchd,1969.0,Unf,2,460,TA,TA,Y,180,0,0,0,80,0,0,7,2008,WD,Normal,151000,2108,2.5,80,139.6,0.10810256410256411,0.5,39,0,0,1,6324,7.5,36,1110916
1261,60,RL,69.0,24682,Pave,IR3,Lvl,AllPub,CulDSac,Gtl,Gilbert,RRAn,Norm,1Fam,2Story,6,5,1999,1999,Gable,CompShg,VinylSd,VinylSd,0.0,TA,TA,PConc,Gd,TA,No,Unf,0,Unf,0,841,841,GasA,Ex,Y,SBrkr,892,783,0,1675,0,0,2,1,3,1,TA,7,Typ,1,TA,BuiltIn,1999.0,Fin,2,502,TA,TA,Y,0,103,0,0,0,0,0,6,2009,WD,Normal,181000,2516,2.5,103,1.989311163895487,0.0678632201604408,0.33426073131955486,10,0,1,1,10050,7.5,36,2805625
1262,20,RL,80.0,9600,Pave,Reg,Lvl,AllPub,Inside,Gtl,NAmes,Norm,Norm,1Fam,1Story,5,6,1956,1956,Hip,CompShg,MetalSd,MetalSd,0.0,TA,TA,CBlock,TA,TA,No,Rec,504,Unf,0,546,1050,GasA,Gd,Y,SBrkr,1050,0,0,1050,0,0,1,0,2,1,TA,5,Typ,0,,Attchd,1956.0,Unf,1,338,TA,TA,Y,0,0,0,0,0,0,0,6,2009,WD,Normal,128900,2100,1.0,0,2.8409506398537476,0.109375,0.5,53,0,0,1,5250,2.0,25,1102500
1263,50,RL,69.0,11250,Pave,Reg,Lvl,AllPub,Inside,Gtl,ClearCr,Norm,Norm,1Fam,1.5Fin,4,5,1957,1989,Gable,CompShg,Wd Sdng,Wd Sdng,0.0,TA,TA,CBlock,TA,TA,Av,Unf,0,Unf,0,1104,1104,GasA,Ex,Y,FuseA,1104,684,0,1788,1,0,1,0,5,1,TA,8,Min2,2,TA,Attchd,1957.0,Unf,1,304,TA,TA,Y,120,0,0,0,0,0,0,11,2009,WD,Normal,161500,2892,2.0,0,1.6180995475113122,0.15893333333333334,0.3817427385892116,52,0,1,1,7152,10.0,16,3196944
1264,70,RL,60.0,13515,Pave,Reg,Lvl,AllPub,Inside,Gtl,BrkSide,Norm,Norm,1Fam,2Story,6,6,1919,1950,Gambrel,CompShg,Wd Sdng,Wd Sdng,0.0,TA,TA,PConc,TA,TA,No,Unf,0,Unf,0,764,764,GasA,Ex,Y,FuseA,1060,764,0,1824,0,0,1,0,3,1,TA,8,Typ,1,Gd,Detchd,1940.0,Unf,2,520,TA,TA,N,0,0,126,0,0,0,0,7,2007,WD,Normal,180500,2588,1.0,126,2.384313725490196,0.13496115427302996,0.29520865533230295,88,0,1,1,10944,3.0,36,3326976
1265,120,RH,34.0,4060,Pave,Reg,Lvl,AllPub,Inside,Gtl,NAmes,Norm,Norm,TwnhsE,1Story,6,5,1998,1999,Gable,CompShg,MetalSd,MetalSd,0.0,Gd,TA,PConc,Gd,TA,No,GLQ,266,Unf,0,1139,1405,GasA,Ex,Y,SBrkr,1337,0,0,1337,1,0,2,0,2,1,Gd,5,Typ,0,,Attchd,1998.0,Fin,2,511,TA,TA,Y,144,68,0,0,0,0,0,8,2008,COD,Abnorml,181000,2742,3.0,68,1.406140350877193,0.3293103448275862,0.512399708242159,10,0,0,1,8022,6.0,36,1787569
1266,160,FV,35.0,3735,Pave,Reg,Lvl,AllPub,FR3,Gtl,Somerst,Norm,Norm,TwnhsE,2Story,7,5,1999,1999,Hip,CompShg,MetalSd,MetalSd,218.0,Gd,TA,PConc,Gd,TA,No,GLQ,450,Unf,0,241,691,GasA,Ex,Y,SBrkr,713,739,0,1452,1,0,2,1,3,1,Gd,6,Typ,0,,Detchd,1999.0,Unf,2,506,TA,TA,Y,0,34,0,0,0,0,0,3,2006,WD,Normal,183900,2143,3.5,34,7.859504132231405,0.3887550200803213,0.32244517032197856,7,0,1,1,10164,10.5,49,2108304
1267,190,RM,60.0,10120,Pave,IR1,Bnk,AllPub,Inside,Gtl,OldTown,Feedr,Norm,2fmCon,2.5Unf,7,4,1910,1950,Hip,CompShg,Wd Sdng,Wd Sdng,0.0,Fa,TA,CBlock,TA,TA,No,Unf,0,Unf,0,925,925,GasA,TA,N,FuseF,964,925,0,1889,0,0,1,1,4,2,TA,9,Typ,1,Gd,Detchd,1960.0,Unf,1,308,TA,TA,N,0,0,264,0,0,0,0,1,2007,WD,Normal,122000,2814,1.5,264,2.0399568034557234,0.1866600790513834,0.3287135749822317,97,0,1,1,13223,6.0,49,3568321
1268,20,RL,89.0,13214,Pave,IR1,HLS,AllPub,Inside,Gtl,Timber,Norm,Norm,1Fam,1Story,9,5,2008,2009,Hip,CompShg,Stucco,CmentBd,0.0,Ex,TA,PConc,Ex,TA,Gd,Unf,0,Unf,0,2002,2002,GasA,Ex,Y,SBrkr,2018,0,0,2018,0,0,2,0,3,1,Ex,10,Typ,1,Gd,Attchd,2009.0,Fin,3,746,TA,TA,Y,144,76,0,0,0,0,0,5,2010,WD,Normal,378500,4020,2.0,76,1.0074887668497254,0.1527168154987135,0.4980099502487562,2,1,0,1,18162,6.0,81,4072324
1269,50,RL,69.0,14100,Pave,IR1,Lvl,AllPub,Inside,Mod,Crawfor,Norm,Norm,1Fam,1.5Fin,8,9,1935,1997,Gable,CompShg,Stucco,Stucco,632.0,TA,Gd,CBlock,TA,TA,Mn,Rec,192,Unf,0,536,728,GasA,Ex,Y,SBrkr,1968,1479,0,3447,0,0,3,1,4,1,Gd,11,Typ,2,Gd,BuiltIn,1982.0,Unf,3,1014,TA,TA,Y,314,12,0,0,0,0,0,5,2008,WD,Normal,381000,4175,3.5,12,6.776536312849162,0.244468085106383,0.17437125748502993,73,0,1,1,27576,14.0,64,11881809
1270,50,RL,78.0,11344,Pave,Reg,Lvl,AllPub,Inside,Gtl,NAmes,Feedr,Norm,1Fam,1.5Fin,5,5,1958,1958,Gable,CompShg,MetalSd,MetalSd,180.0,TA,TA,CBlock,TA,TA,No,BLQ,460,Unf,0,414,874,GasW,TA,Y,FuseA,874,650,0,1524,0,0,1,1,3,1,TA,7,Typ,0,,Attchd,1958.0,Unf,1,315,TA,TA,Y,0,0,0,0,0,0,0,7,2007,WD,Normal,144000,2398,1.5,0,4.780722891566265,0.1343441466854725,0.36447039199332776,49,0,1,1,7620,4.5,25,2322576
1271,40,RL,69.0,23595,Pave,Reg,Low,AllPub,Inside,Sev,ClearCr,Norm,Norm,1Fam,1Story,7,6,1979,1979,Shed,WdShake,Plywood,Plywood,0.0,Gd,TA,PConc,Gd,TA,Gd,GLQ,1258,Unf,0,74,1332,GasA,TA,Y,SBrkr,1332,192,0,1524,2,0,0,1,0,1,Gd,4,Typ,1,TA,Attchd,1979.0,Fin,2,586,TA,TA,Y,268,0,0,0,0,0,0,4,2010,WD,Normal,260000,2856,2.5,0,37.093333333333334,0.0645899554990464,0.46638655462184875,31,0,1,1,10668,0.0,49,2322576
1272,20,RL,69.0,9156,Pave,IR1,Lvl,AllPub,Inside,Gtl,NWAmes,PosN,Norm,1Fam,1Story,6,7,1968,1968,Hip,CompShg,BrkFace,BrkFace,0.0,TA,TA,CBlock,TA,TA,No,Unf,0,Unf,0,1489,1489,GasA,Gd,Y,SBrkr,1489,0,0,1489,0,0,2,0,3,1,Gd,7,Typ,1,Gd,Attchd,1968.0,RFn,2,462,TA,TA,Y,0,0,0,0,0,0,0,8,2009,WD,Normal,185750,2978,2.0,0,0.9993288590604027,0.1626256006989952,0.5,41,0,0,1,8934,6.0,36,2217121
1273,20,RL,69.0,13526,Pave,IR1,Lvl,AllPub,CulDSac,Gtl,Sawyer,Norm,Norm,1Fam,1Story,5,6,1965,1965,Hip,CompShg,HdBoard,Plywood,114.0,TA,TA,CBlock,TA,TA,No,BLQ,560,LwQ,375,0,935,GasA,TA,Y,SBrkr,935,0,0,935,1,0,1,0,3,1,TA,5,Typ,0,,Attchd,1965.0,Unf,1,288,TA,TA,Y,180,0,0,0,0,0,0,11,2006,WD,Normal,137000,1870,2.0,0,1870.0,0.0691261274582286,0.5,41,0,0,1,4675,6.0,25,874225
1274,80,RL,124.0,11512,Pave,IR1,Lvl,AllPub,Corner,Gtl,Edwards,Norm,Norm,1Fam,SLvl,6,7,1959,2006,Gable,CompShg,Plywood,Plywood,84.0,TA,TA,CBlock,TA,TA,Av,ALQ,719,Unf,0,300,1019,GasA,Gd,Y,SBrkr,1357,0,0,1357,1,0,1,0,2,1,Ex,5,Typ,1,Gd,Basment,1959.0,RFn,1,312,TA,TA,Y,0,0,0,0,163,0,0,5,2008,WD,Normal,177000,2376,2.0,163,6.897009966777409,0.1178769979152189,0.42887205387205385,49,0,0,1,8142,4.0,36,1841449
1275,50,RL,53.0,5362,Pave,Reg,Lvl,AllPub,Corner,Gtl,Crawfor,Norm,Norm,1Fam,1.5Fin,5,6,1910,2003,Gable,CompShg,Wd Sdng,Wd Shng,0.0,TA,TA,PConc,TA,TA,No,Unf,0,Unf,0,661,661,GasA,Ex,Y,SBrkr,661,589,0,1250,0,0,2,0,3,1,TA,8,Typ,1,Gd,Detchd,1985.0,Unf,2,552,TA,TA,Y,242,0,81,0,0,0,0,11,2007,WD,Normal,139000,1911,2.0,81,1.8882175226586102,0.2331219694143976,0.3458922030350602,97,0,1,1,6250,6.0,25,1562500
1276,90,RL,95.0,11345,Pave,Reg,Lvl,AllPub,Corner,Gtl,NAmes,Feedr,Norm,Duplex,2Story,5,5,1948,1950,Gable,Roll,AsbShng,AsbShng,567.0,TA,TA,CBlock,TA,TA,No,Rec,220,Unf,0,708,928,GasA,Gd,Y,FuseA,928,992,0,1920,0,0,2,0,4,2,TA,10,Typ,0,,Detchd,1948.0,Unf,2,400,TA,Fa,Y,0,0,0,0,0,0,0,7,2007,WD,Normal,137000,2848,2.0,0,3.0183356840620594,0.16923754958131335,0.3258426966292135,59,0,1,1,9600,8.0,25,3686400
1277,60,RL,69.0,12936,Pave,IR1,Lvl,AllPub,CulDSac,Gtl,NWAmes,Norm,Norm,1Fam,2Story,6,6,1972,1972,Gable,CompShg,HdBoard,Plywood,0.0,TA,TA,CBlock,TA,Gd,No,BLQ,593,Unf,0,130,723,GasA,TA,Y,SBrkr,735,660,0,1395,0,1,1,1,3,1,TA,6,Typ,1,TA,Attchd,1972.0,Unf,2,497,TA,TA,Y,294,116,0,0,0,0,0,12,2009,WD,Normal,162000,2118,2.0,116,15.17557251908397,0.10783858998144713,0.3413597733711048,37,0,1,1,8370,6.0,36,1946025
1278,80,RL,69.0,17871,Pave,IR1,Lvl,AllPub,CulDSac,Gtl,NWAmes,Norm,Norm,1Fam,SLvl,6,5,1967,1976,Gable,CompShg,HdBoard,HdBoard,359.0,TA,TA,CBlock,Gd,TA,Av,ALQ,528,Unf,0,1152,1680,GasA,Fa,Y,SBrkr,1724,0,0,1724,1,0,1,1,3,1,TA,7,Typ,1,Gd,Attchd,1967.0,RFn,2,480,TA,TA,Y,0,0,0,0,0,0,0,6,2009,WD,Normal,197900,3404,2.5,0,1.9531656548135299,0.09646913994740082,0.4935370152761457,42,0,0,1,10344,7.5,36,2972176
1279,60,RL,75.0,9473,Pave,Reg,Lvl,AllPub,Inside,Gtl,CollgCr,Norm,Norm,1Fam,2Story,8,5,2002,2002,Gable,CompShg,VinylSd,VinylSd,0.0,Gd,TA,PConc,Gd,TA,No,GLQ,804,Unf,0,324,1128,GasA,Ex,Y,SBrkr,1128,903,0,2031,1,0,2,1,3,1,Gd,7,Typ,1,Gd,Attchd,2002.0,RFn,2,577,TA,TA,Y,0,211,0,0,0,0,0,3,2008,WD,Normal,237000,3159,3.5,211,8.723076923076922,0.2143988176923889,0.3570750237416904,6,0,1,1,16248,10.5,64,4124961
1280,50,C (all),60.0,7500,Pave,Reg,Lvl,AllPub,Inside,Gtl,IDOTRR,Norm,Norm,1Fam,1.5Fin,4,4,1920,1950,Gable,CompShg,MetalSd,MetalSd,0.0,TA,Gd,CBlock,TA,TA,No,Unf,0,Unf,0,698,698,GasA,TA,Y,FuseA,698,430,0,1128,0,0,1,0,2,1,TA,6,Typ,0,,Detchd,1980.0,RFn,2,528,TA,TA,Y,30,0,164,0,0,0,0,4,2010,COD,Abnorml,68400,1826,1.0,164,1.613733905579399,0.1504,0.3822562979189485,90,0,1,1,4512,2.0,16,1272384
1281,20,RL,67.0,9808,Pave,IR1,Lvl,AllPub,Inside,Gtl,CollgCr,Norm,Norm,1Fam,1Story,7,5,2002,2002,Gable,CompShg,VinylSd,VinylSd,110.0,Gd,TA,PConc,Gd,TA,No,GLQ,788,Unf,0,785,1573,GasA,Ex,Y,SBrkr,1573,0,0,1573,1,0,2,0,3,1,Gd,6,Typ,0,,Attchd,2002.0,RFn,2,544,TA,TA,Y,0,72,0,0,0,0,0,3,2009,WD,Normal,227000,3146,3.0,72,3.00381679389313,0.16037928221859707,0.5,7,0,0,1,11011,9.0,49,2474329
1282,20,RL,50.0,8049,Pave,IR1,Lvl,AllPub,CulDSac,Gtl,Timber,Norm,Norm,1Fam,1Story,7,5,1990,1990,Hip,CompShg,HdBoard,HdBoard,54.0,TA,TA,CBlock,Gd,TA,No,ALQ,1053,Unf,0,256,1309,GasA,TA,Y,SBrkr,1339,0,0,1339,1,0,2,0,2,1,TA,6,Typ,1,TA,Attchd,1990.0,Fin,2,484,Gd,Gd,Y,0,58,0,0,90,0,0,7,2006,WD,Normal,180000,2648,3.0,148,9.30739299610895,0.16635606907690395,0.4943353474320242,16,0,0,1,9373,6.0,49,1792921
1283,20,RL,61.0,8800,Pave,IR1,Lvl,AllPub,Inside,Gtl,CollgCr,Norm,Norm,1Fam,1Story,5,7,1977,2008,Gable,CompShg,HdBoard,HdBoard,0.0,TA,TA,CBlock,Gd,TA,Mn,LwQ,532,Rec,144,364,1040,GasA,TA,Y,SBrkr,1040,0,0,1040,0,0,2,0,3,1,Gd,5,Typ,0,,Detchd,1977.0,Unf,2,484,TA,TA,Y,0,0,0,0,288,0,0,9,2009,WD,Normal,150500,2080,2.0,288,4.701369863013698,0.11818181818181818,0.5,32,0,0,1,5200,6.0,25,1081600
1284,90,RL,94.0,9400,Pave,Reg,Low,AllPub,Corner,Gtl,Mitchel,Norm,Norm,Duplex,2Story,6,5,1971,1971,Mansard,CompShg,MetalSd,Wd Shng,0.0,TA,TA,CBlock,TA,TA,Av,Unf,0,Unf,0,912,912,GasA,TA,Y,SBrkr,912,912,0,1824,0,0,2,2,4,2,TA,8,Typ,0,,,0.0,,0,0,,,Y,128,0,0,0,0,0,0,4,2010,WD,Normal,139000,2736,3.0,0,1.9978094194961664,0.19404255319148936,0.3333333333333333,39,0,1,0,10944,12.0,36,3326976
1285,50,RL,50.0,9638,Pave,Reg,Lvl,AllPub,Inside,Gtl,SWISU,Feedr,Norm,1Fam,1.5Fin,6,7,1919,1990,Gable,CompShg,Wd Sdng,Wd Shng,0.0,TA,TA,PConc,TA,TA,No,Unf,0,Unf,0,804,804,GasA,Ex,Y,SBrkr,1699,748,0,2447,0,0,2,0,4,1,Gd,10,Min2,1,Gd,Detchd,1969.0,Unf,1,336,TA,TA,Y,272,0,42,0,116,0,0,3,2010,WD,Normal,169000,3251,2.0,158,3.039751552795031,0.25389084872380163,0.24730852045524454,91,0,1,1,14682,8.0,36,5987809
1286,50,RM,50.0,6000,Pave,Reg,Lvl,AllPub,Inside,Gtl,BrkSide,Norm,Norm,1Fam,1.5Fin,6,6,1939,1950,Gable,CompShg,MetalSd,MetalSd,0.0,TA,Fa,CBlock,TA,TA,No,Unf,0,Unf,0,780,780,GasA,Ex,Y,FuseF,825,587,0,1412,0,0,1,0,4,1,TA,6,Typ,1,Gd,Detchd,1939.0,Unf,1,280,TA,TA,Y,45,0,0,0,0,0,0,5,2009,WD,Normal,132500,2192,1.0,0,1.8079385403329065,0.23533333333333334,0.35583941605839414,70,0,1,1,8472,4.0,36,1993744
1287,20,RL,69.0,9790,Pave,Reg,Lvl,AllPub,Inside,Gtl,NWAmes,Feedr,Norm,1Fam,1Story,6,5,1963,1963,Hip,CompShg,HdBoard,HdBoard,451.0,TA,TA,CBlock,TA,TA,No,ALQ,569,Rec,81,678,1328,GasA,TA,Y,SBrkr,1328,0,0,1328,1,0,1,1,3,1,TA,6,Typ,2,Gd,Attchd,1963.0,Unf,2,528,TA,TA,Y,0,26,0,0,0,0,0,6,2010,WD,Normal,143000,2656,2.5,26,2.9131075110456552,0.13564862104187947,0.5,47,0,0,1,7968,7.5,36,1763584
1288,20,RL,69.0,36500,Pave,IR1,Low,AllPub,Inside,Mod,ClearCr,Norm,Norm,1Fam,1Story,5,5,1964,1964,Gable,CompShg,Wd Sdng,Wd Sdng,621.0,TA,Gd,CBlock,TA,TA,Av,Rec,812,Unf,0,812,1624,GasA,Fa,Y,SBrkr,1582,0,0,1582,0,1,2,0,4,1,TA,7,Typ,0,,Attchd,1964.0,Unf,2,390,TA,TA,N,168,198,0,0,0,0,0,6,2006,WD,Normal,190000,3206,2.5,198,2.944649446494465,0.04334246575342466,0.5065502183406113,42,0,0,1,7910,10.0,25,2502724
1289,120,RL,40.0,5664,Pave,IR1,Lvl,AllPub,Inside,Gtl,StoneBr,Norm,Norm,TwnhsE,1Story,8,5,2000,2000,Gable,CompShg,CemntBd,CmentBd,0.0,Gd,TA,PConc,Gd,TA,No,GLQ,1158,Unf,0,343,1501,GasA,Ex,Y,SBrkr,1659,0,0,1659,1,0,2,0,2,1,Ex,5,Typ,1,Ex,Attchd,2000.0,Fin,2,499,TA,TA,Y,212,59,0,0,0,0,0,10,2009,WD,Normal,278000,3160,3.0,59,8.188953488372093,0.2929025423728814,0.475,9,0,0,1,13272,6.0,64,2752281
1290,60,RL,86.0,11065,Pave,IR1,Lvl,AllPub,Inside,Gtl,NridgHt,Norm,Norm,1Fam,2Story,8,5,2006,2006,Gable,CompShg,VinylSd,VinylSd,788.0,Gd,TA,PConc,Gd,TA,Mn,Unf,0,Unf,0,1085,1085,GasA,Ex,Y,SBrkr,1120,850,0,1970,0,0,2,1,3,1,Ex,8,Typ,1,Gd,BuiltIn,2006.0,Fin,3,753,TA,TA,Y,177,74,0,0,0,0,0,10,2006,New,Partial,281000,3055,2.5,74,1.8139963167587476,0.1780388612742883,0.35515548281505727,0,1,1,1,15760,7.5,64,3880900
1291,80,RL,69.0,14112,Pave,IR1,Lvl,AllPub,Corner,Gtl,NAmes,Norm,Norm,1Fam,SLvl,5,7,1964,1964,Hip,CompShg,Wd Sdng,HdBoard,86.0,TA,TA,PConc,TA,TA,Av,GLQ,1014,Unf,0,138,1152,GasA,TA,Y,SBrkr,1152,0,0,1152,1,0,1,0,3,1,TA,6,Typ,1,Gd,Attchd,1964.0,RFn,2,484,TA,TA,Y,227,0,0,0,0,0,0,4,2010,WD,Normal,180500,2304,2.0,0,15.582733812949641,0.08163265306122448,0.5,46,0,0,1,5760,6.0,25,1327104
1292,160,RM,21.0,1680,Pave,Reg,Lvl,AllPub,Inside,Gtl,BrDale,Norm,Norm,Twnhs,2Story,5,7,1972,1972,Gable,CompShg,CemntBd,CmentBd,268.0,TA,TA,CBlock,TA,TA,No,ALQ,231,Unf,0,399,630,GasA,TA,Y,SBrkr,630,672,0,1302,0,0,2,1,3,1,TA,6,Typ,0,,Detchd,1972.0,Unf,1,264,TA,TA,Y,185,0,0,0,0,0,0,2,2009,WD,Normal,119500,1932,2.5,0,3.8325,0.775,0.32608695652173914,37,0,1,1,6510,7.5,25,1695204
1293,70,RM,60.0,6600,Pave,Reg,Lvl,AllPub,Corner,Gtl,OldTown,Norm,Norm,1Fam,2Story,5,4,1892,1965,Gable,CompShg,Wd Sdng,Wd Sdng,0.0,TA,TA,Stone,TA,TA,No,Unf,0,Unf,0,994,994,GasA,TA,N,SBrkr,1378,994,0,2372,0,0,2,0,4,2,TA,11,Min2,0,,Attchd,1985.0,RFn,1,432,TA,TA,Y,0,287,0,0,0,0,0,12,2009,WD,Normal,107500,3366,2.0,287,2.3839195979899497,0.3593939393939394,0.29530600118835415,117,0,1,1,11860,8.0,25,5626384
1294,60,RL,78.0,10140,Pave,Reg,Lvl,AllPub,Inside,Gtl,NWAmes,Norm,Norm,1Fam,2Story,7,5,1976,1976,Gable,CompShg,HdBoard,HdBoard,0.0,TA,TA,PConc,Gd,TA,No,GLQ,194,Unf,0,638,832,GasA,TA,Y,SBrkr,832,832,0,1664,0,0,2,1,4,1,TA,8,Typ,1,TA,Attchd,1976.0,RFn,2,528,TA,TA,Y,0,28,0,0,259,0,0,3,2006,WD,Normal,162900,2496,2.5,287,2.907668231611894,0.1641025641025641,0.3333333333333333,30,0,1,1,11648,10.0,49,2768896
1295,20,RL,60.0,8172,Pave,Reg,Lvl,AllPub,Inside,Gtl,Edwards,Norm,Norm,1Fam,1Story,5,7,1955,1990,Hip,CompShg,WdShing,Plywood,0.0,TA,TA,CBlock,TA,TA,No,Rec,167,Unf,0,697,864,GasA,TA,Y,SBrkr,864,0,0,864,1,0,1,0,2,1,TA,5,Typ,0,,Detchd,1957.0,Unf,2,572,TA,TA,N,0,0,0,0,0,0,0,4,2006,WD,Normal,115000,1728,2.0,0,1.4770773638968482,0.10572687224669604,0.5,51,0,0,1,4320,4.0,25,746496
1296,20,RL,70.0,8400,Pave,Reg,Lvl,AllPub,Inside,Gtl,NAmes,Feedr,Norm,1Fam,1Story,5,5,1968,1968,Hip,CompShg,HdBoard,HdBoard,168.0,TA,TA,CBlock,TA,TA,Av,BLQ,1016,Unf,0,36,1052,GasA,Gd,Y,SBrkr,1052,0,0,1052,1,0,1,1,3,1,TA,5,Typ,0,,Attchd,1968.0,RFn,1,288,TA,TA,Y,356,0,0,0,0,0,0,11,2006,WD,Normal,138500,2104,2.5,0,55.891891891891895,0.12523809523809523,0.5,38,0,0,1,5260,7.5,25,1106704
1297,20,RL,80.0,8700,Pave,Reg,Lvl,AllPub,Inside,Gtl,NAmes,Norm,Norm,1Fam,1Story,5,6,1963,1963,Hip,CompShg,MetalSd,MetalSd,148.0,TA,Gd,CBlock,TA,TA,Mn,ALQ,776,Unf,0,344,1120,GasA,Gd,Y,SBrkr,1128,0,0,1128,1,0,2,0,3,1,TA,6,Typ,0,,Attchd,1963.0,RFn,2,525,TA,TA,Y,192,20,123,0,0,0,0,12,2008,WD,Normal,155000,2248,3.0,143,5.518840579710145,0.1296551724137931,0.498220640569395,45,0,0,1,5640,9.0,25,1272384
1298,180,RM,35.0,3675,Pave,Reg,Lvl,AllPub,Inside,Gtl,Edwards,Norm,Norm,TwnhsE,SFoyer,6,5,2005,2006,Gable,CompShg,VinylSd,VinylSd,82.0,TA,TA,PConc,Gd,TA,Gd,GLQ,547,Unf,0,0,547,GasA,Gd,Y,SBrkr,1072,0,0,1072,1,0,2,0,2,1,TA,5,Typ,0,,Basment,2005.0,Fin,2,525,TA,TA,Y,0,44,0,0,0,0,0,6,2006,New,Partial,140000,1619,3.0,44,1619.0,0.2917006802721088,0.3378628783199506,1,1,0,1,6432,6.0,36,1149184
1299,60,RL,313.0,63887,Pave,IR3,Bnk,AllPub,Corner,Gtl,Edwards,Feedr,Norm,1Fam,2Story,10,5,2008,2008,Hip,ClyTile,Stucco,Stucco,796.0,Ex,TA,PConc,Ex,TA,Gd,GLQ,5644,Unf,0,466,6110,GasA,Ex,Y,SBrkr,4692,950,0,5642,2,0,2,1,3,1,Ex,12,Typ,3,Gd,Attchd,2008.0,Fin,2,1418,TA,TA,Y,214,292,0,0,0,480,0,1,2008,New,Partial,160000,11752,4.5,292,24.167023554603855,0.08831217618607855,0.5199115044247787,0,1,1,1,56420,13.5,100,31832164
1300,20,RL,75.0,7500,Pave,Reg,Lvl,AllPub,Inside,Gtl,NAmes,Norm,Norm,1Fam,1Story,5,7,1959,1994,Hip,CompShg,BrkFace,BrkFace,0.0,TA,TA,CBlock,TA,TA,No,LwQ,340,Rec,906,0,1246,GasA,Ex,Y,SBrkr,1246,0,0,1246,1,0,1,1,3,1,Gd,6,Typ,0,,Attchd,1959.0,RFn,1,305,TA,TA,Y,218,0,0,0,0,0,0,5,2010,WD,Normal,154000,2492,2.5,0,2492.0,0.16613333333333333,0.5,51,0,0,1,6230,7.5,25,1552516
1301,60,RL,69.0,10762,Pave,IR1,Lvl,AllPub,CulDSac,Gtl,Gilbert,Norm,Norm,1Fam,2Story,7,5,1999,1999,Gable,CompShg,VinylSd,VinylSd,344.0,Gd,TA,PConc,Gd,TA,No,GLQ,694,Unf,0,284,978,GasA,Ex,Y,SBrkr,1005,978,0,1983,0,0,2,1,3,1,Gd,9,Typ,1,TA,Attchd,1999.0,Fin,2,490,TA,TA,Y,0,0,0,0,0,0,0,5,2009,WD,Normal,225000,2961,2.5,0,9.39298245614035,0.18425943133246608,0.3302938196555218,10,0,1,1,13881,7.5,49,3932289
1302,70,RL,69.0,7500,Pave,IR1,Bnk,AllPub,Inside,Gtl,Crawfor,Norm,Norm,1Fam,2Story,6,7,1942,1950,Gable,CompShg,Wd Sdng,Wd Sdng,0.0,TA,TA,CBlock,TA,TA,No,BLQ,547,Unf,0,224,771,GasA,Fa,Y,SBrkr,753,741,0,1494,0,0,1,0,3,1,Gd,7,Typ,2,Gd,Attchd,1942.0,Unf,1,213,TA,TA,P,0,0,0,0,224,0,0,11,2009,WD,Normal,177500,2265,1.0,224,9.071111111111112,0.1992,0.3403973509933775,67,0,1,1,8964,3.0,36,2232036
1303,60,RL,92.0,10120,Pave,Reg,Lvl,AllPub,Inside,Gtl,NoRidge,Norm,Norm,1Fam,2Story,8,5,1994,1994,Hip,CompShg,VinylSd,VinylSd,391.0,Gd,TA,PConc,Gd,TA,No,GLQ,740,Unf,0,425,1165,GasA,Ex,Y,SBrkr,1203,1323,0,2526,1,0,2,1,4,1,Gd,8,Typ,1,TA,Attchd,1994.0,RFn,3,844,TA,TA,Y,309,78,0,0,0,0,0,12,2006,WD,Normal,290000,3691,3.5,78,7.666666666666667,0.24960474308300395,0.3156326198862097,12,0,1,1,20208,14.0,64,6380676
1304,20,RL,73.0,8688,Pave,Reg,Lvl,AllPub,Inside,Gtl,Somerst,Norm,Norm,1Fam,1Story,7,5,2005,2005,Gable,CompShg,VinylSd,VinylSd,228.0,Gd,TA,PConc,Gd,TA,Av,Unf,0,Unf,0,1616,1616,GasA,Ex,Y,SBrkr,1616,0,0,1616,0,0,2,0,3,1,Gd,7,Typ,0,,Attchd,2005.0,RFn,3,834,TA,TA,Y,208,59,0,0,0,0,0,4,2006,WD,Normal,232000,3232,2.0,59,0.9993815708101422,0.1860036832412523,0.5,1,1,0,1,11312,6.0,49,2611456
1305,160,RM,32.0,3363,Pave,Reg,Lvl,AllPub,Inside,Gtl,Edwards,Norm,Norm,TwnhsE,2Story,7,5,2004,2004,Gable,CompShg,VinylSd,VinylSd,117.0,Gd,TA,PConc,Gd,TA,No,Unf,0,Unf,0,976,976,GasA,Ex,Y,SBrkr,976,732,0,1708,0,0,2,0,3,1,Gd,7,Maj1,0,,Detchd,2004.0,Unf,2,380,TA,TA,Y,0,40,0,0,0,0,0,4,2006,WD,Normal,130000,2684,2.0,40,1.7482088024564995,0.5078798691644365,0.36363636363636365,2,1,1,1,11956,6.0,49,2917264
1306,20,RL,108.0,13173,Pave,IR1,Lvl,AllPub,Corner,Gtl,NridgHt,Norm,Norm,1Fam,1Story,9,5,2006,2007,Hip,CompShg,VinylSd,VinylSd,300.0,Gd,TA,PConc,Ex,TA,No,GLQ,1572,Unf,0,80,1652,GasA,Ex,Y,SBrkr,1652,0,0,1652,1,0,2,0,2,1,Ex,6,Typ,2,Ex,Attchd,2006.0,Fin,2,840,TA,TA,Y,404,102,0,0,0,0,0,11,2009,WD,Normal,325000,3304,3.0,102,39.80246913580247,0.12540803157974645,0.5,3,1,0,1,14868,6.0,81,2729104
1307,120,RL,48.0,6955,Pave,IR1,Lvl,AllPub,Inside,Gtl,NridgHt,Norm,Norm,TwnhsE,1Story,7,5,2005,2006,Gable,CompShg,VinylSd,VinylSd,94.0,Gd,TA,PConc,Gd,TA,No,Unf,0,Unf,0,1368,1368,GasA,Ex,Y,SBrkr,1368,0,0,1368,0,0,2,0,2,1,Gd,6,Typ,1,Gd,Attchd,2005.0,RFn,2,474,TA,TA,Y,132,35,0,0,0,0,0,9,2006,New,Partial,202500,2736,2.0,35,0.9992695398100804,0.19669302659956867,0.5,1,1,0,1,9576,4.0,49,1871424
1308,20,RL,60.0,8072,Pave,Reg,Lvl,AllPub,Inside,Gtl,CollgCr,Norm,Norm,1Fam,1Story,5,5,1994,1995,Gable,CompShg,VinylSd,VinylSd,0.0,TA,Gd,PConc,Gd,Gd,No,ALQ,746,Unf,0,244,990,GasA,Ex,Y,SBrkr,990,0,0,990,1,0,1,0,3,1,TA,5,Typ,0,,Detchd,2000.0,Unf,2,480,TA,TA,Y,0,64,0,0,0,0,0,5,2009,WD,Normal,138000,1980,2.0,64,7.085714285714285,0.12264618434093162,0.5,15,0,0,1,4950,6.0,25,980100
1309,20,RM,100.0,12000,Pave,Reg,Lvl,AllPub,Inside,Gtl,OldTown,Norm,Norm,1Fam,1Story,5,7,1948,2005,Gable,CompShg,MetalSd,MetalSd,0.0,TA,TA,CBlock,TA,TA,No,GLQ,144,ALQ,608,172,924,GasA,Ex,Y,SBrkr,1122,0,0,1122,1,0,1,0,2,1,Gd,6,Typ,0,,Attchd,1948.0,Unf,2,528,TA,TA,Y,0,36,0,0,0,0,0,5,2008,WD,Normal,147000,2046,2.0,36,10.832369942196532,0.0935,0.45161290322580644,60,0,0,1,5610,4.0,25,1258884
1310,20,RL,69.0,7153,Pave,Reg,Lvl,AllPub,Inside,Gtl,SawyerW,Norm,Norm,1Fam,1Story,6,5,1991,1991,Gable,CompShg,HdBoard,HdBoard,88.0,TA,TA,CBlock,Gd,TA,No,GLQ,1200,Unf,0,78,1278,GasA,Gd,Y,SBrkr,1294,0,0,1294,1,0,2,0,3,1,Gd,6,Typ,0,,Attchd,1991.0,RFn,2,496,TA,TA,Y,112,51,0,0,0,0,0,6,2008,WD,Normal,179200,2572,3.0,51,31.569620253164558,0.18090311757304628,0.4968895800933126,17,0,0,1,7764,9.0,36,1674436
1311,20,RL,100.0,17500,Pave,Reg,Lvl,AllPub,Inside,Gtl,Crawfor,PosA,Norm,1Fam,1Story,7,8,1959,2002,Gable,CompShg,BrkFace,HdBoard,0.0,Gd,Gd,PConc,Gd,TA,Av,GLQ,1406,Unf,0,496,1902,GasA,TA,Y,SBrkr,1902,0,0,1902,1,0,2,0,3,1,Ex,7,Typ,2,TA,Attchd,1959.0,Fin,2,567,TA,TA,Y,0,207,162,0,0,0,0,5,2010,WD,Normal,335000,3804,3.0,369,6.655935613682092,0.10868571428571429,0.5,51,0,0,1,13314,9.0,49,3617604
1312,20,RL,68.0,8814,Pave,Reg,Lvl,AllPub,Inside,Gtl,CollgCr,Norm,Norm,1Fam,1Story,7,5,2005,2007,Gable,CompShg,VinylSd,VinylSd,80.0,Gd,TA,PConc,Gd,TA,No,GLQ,925,Unf,0,349,1274,GasA,Ex,Y,SBrkr,1274,0,0,1274,1,0,2,0,3,1,Gd,6,Typ,0,,Attchd,2005.0,RFn,2,508,TA,TA,Y,264,98,0,0,0,0,0,1,2007,New,Partial,203000,2548,3.0,98,6.282857142857143,0.14454277286135694,0.5,2,1,0,1,8918,9.0,49,1623076
1313,60,RL,69.0,9572,Pave,IR1,Lvl,AllPub,Inside,Gtl,NoRidge,Norm,Norm,1Fam,2Story,8,5,1990,1990,Gable,CompShg,Wd Sdng,Wd Sdng,336.0,Gd,TA,PConc,Ex,TA,No,GLQ,482,Unf,0,971,1453,GasA,Ex,Y,SBrkr,1453,1357,0,2810,0,0,2,1,4,1,Gd,9,Typ,1,Ex,Attchd,1990.0,RFn,2,750,Gd,Gd,Y,500,0,0,0,0,0,0,6,2007,WD,Normal,302000,4263,2.5,0,3.3868312757201644,0.29356456330965314,0.34083978418953786,17,0,1,1,22480,10.0,64,7896100
1314,60,RL,108.0,14774,Pave,IR1,Lvl,AllPub,Corner,Gtl,NoRidge,Norm,Norm,1Fam,2Story,9,5,1999,1999,Gable,CompShg,VinylSd,VinylSd,165.0,Gd,TA,PConc,Gd,TA,No,Unf,0,Unf,0,1393,1393,GasA,Ex,Y,SBrkr,1422,1177,0,2599,0,0,2,1,4,1,Gd,10,Typ,1,TA,BuiltIn,1999.0,Fin,3,779,TA,TA,Y,668,30,0,0,0,0,0,5,2010,WD,Normal,333168,3992,2.5,30,1.8644189383070302,0.17591715175307973,0.34894789579158314,11,0,1,1,23391,10.0,81,6754801
1315,20,RL,60.0,8190,Pave,Reg,Lvl,AllPub,Inside,Gtl,Edwards,Norm,Norm,1Fam,1Story,4,6,1954,1954,Hip,CompShg,Wd Sdng,Wd Sdng,0.0,TA,TA,CBlock,TA,TA,No,Rec,732,Unf,0,216,948,GasA,Ex,Y,SBrkr,948,0,0,948,1,0,1,0,3,1,TA,5,Typ,1,TA,Detchd,1956.0,Unf,1,280,TA,TA,Y,0,36,0,0,0,0,0,10,2007,WD,Normal,119000,1896,2.0,36,7.741935483870968,0.11575091575091576,0.5,53,0,0,1,3792,6.0,16,898704
1316,60,RL,85.0,11075,Pave,Reg,Lvl,AllPub,Inside,Gtl,NAmes,Norm,Norm,1Fam,2Story,6,5,1969,1969,Gable,CompShg,HdBoard,HdBoard,0.0,TA,TA,CBlock,Fa,TA,Mn,ALQ,500,LwQ,276,176,952,GasA,TA,Y,SBrkr,1092,1020,0,2112,0,0,2,1,4,1,TA,9,Typ,2,Gd,Attchd,1969.0,Unf,2,576,TA,TA,Y,280,0,0,0,0,0,0,6,2008,WD,Normal,206900,3064,2.5,0,16.316384180790962,0.1906997742663657,0.31070496083550914,39,0,1,1,12672,10.0,36,4460544
1317,20,RL,61.0,10226,Pave,IR1,Lvl,AllPub,Inside,Gtl,CollgCr,Norm,Norm,1Fam,1Story,8,5,2008,2008,Gable,CompShg,VinylSd,VinylSd,270.0,Gd,TA,PConc,Ex,TA,Gd,Unf,0,Unf,0,1622,1622,GasA,Ex,Y,SBrkr,1630,0,0,1630,1,0,2,0,3,1,Ex,8,Typ,1,Gd,Attchd,2008.0,RFn,3,860,TA,TA,Y,172,42,0,0,0,0,0,1,2009,WD,Normal,295493,3252,3.0,42,1.004313000616143,0.15939761392528848,0.498769987699877,1,1,0,1,13040,9.0,64,2656900
1318,120,FV,47.0,4230,Pave,Reg,Lvl,AllPub,Corner,Gtl,Somerst,Norm,Norm,TwnhsE,1Story,7,5,2006,2007,Gable,CompShg,VinylSd,VinylSd,0.0,Gd,TA,PConc,Ex,Gd,No,Unf,0,Unf,0,1352,1352,GasA,Ex,Y,SBrkr,1352,0,0,1352,0,0,2,0,2,1,Gd,5,Typ,1,Gd,Attchd,2006.0,RFn,2,466,TA,TA,Y,0,241,0,0,0,0,0,4,2007,New,Partial,208900,2704,2.0,241,0.9992609016999261,0.31962174940898347,0.5,1,1,0,1,9464,4.0,49,1827904
1319,20,RL,69.0,14781,Pave,IR2,Lvl,AllPub,CulDSac,Gtl,CollgCr,Norm,Norm,1Fam,1Story,8,5,2001,2002,Hip,CompShg,VinylSd,VinylSd,178.0,Gd,TA,PConc,Gd,TA,Gd,Unf,0,Unf,0,1753,1753,GasA,Ex,Y,SBrkr,1787,0,0,1787,0,0,2,0,3,1,Gd,7,Typ,1,TA,Attchd,2001.0,RFn,3,748,TA,TA,Y,198,150,0,0,0,0,0,8,2006,WD,Normal,275000,3540,2.0,150,1.0188141391106043,0.12089845071375414,0.49519774011299433,5,0,0,1,14296,6.0,64,3193369
1320,20,RL,75.0,10215,Pave,Reg,Bnk,AllPub,Inside,Gtl,Edwards,Norm,Norm,1Fam,1Story,4,5,1954,1954,Hip,CompShg,Wd Sdng,Wd Sdng,132.0,TA,TA,PConc,TA,TA,No,ALQ,492,Unf,0,372,864,GasA,Ex,Y,SBrkr,948,0,0,948,0,0,1,0,3,1,TA,5,Typ,0,,Attchd,1954.0,Unf,1,248,TA,TA,Y,0,0,0,0,0,0,0,2,2007,WD,Normal,111000,1812,1.0,0,3.8605898123324396,0.09280469897209985,0.4768211920529801,53,0,0,1,3792,3.0,16,898704
1321,20,RL,70.0,8400,Pave,Reg,Lvl,AllPub,Inside,Gtl,NAmes,Norm,Norm,1Fam,1Story,6,3,1957,1957,Hip,CompShg,BrkFace,BrkFace,0.0,TA,TA,CBlock,TA,TA,No,ALQ,189,Rec,661,628,1478,GasA,Gd,Y,SBrkr,1478,0,0,1478,1,0,1,1,3,1,TA,6,Typ,2,Gd,Attchd,1957.0,RFn,2,442,TA,TA,Y,114,0,0,0,216,0,0,6,2009,WD,Normal,156500,2956,2.5,216,3.7011128775834656,0.17595238095238094,0.5,52,0,0,1,8868,7.5,36,2184484
1322,20,RL,69.0,6627,Pave,IR1,Lvl,AllPub,Corner,Gtl,BrkSide,Feedr,Norm,1Fam,1Story,3,6,1949,1950,Hip,CompShg,VinylSd,VinylSd,0.0,TA,TA,CBlock,,,,,0,,0,0,0,Floor,TA,N,SBrkr,720,0,0,720,0,0,1,0,2,1,TA,4,Typ,0,,Detchd,1955.0,Unf,1,287,TA,Fa,Y,0,0,0,0,0,0,0,7,2008,WD,Normal,72500,720,1.0,0,720.0,0.1086464463558171,0.0,59,0,0,1,2160,2.0,9,518400
1323,60,RL,107.0,10186,Pave,IR1,Lvl,AllPub,Inside,Gtl,NoRidge,Norm,Norm,1Fam,2Story,7,5,1992,1992,Gable,CompShg,HdBoard,HdBoard,0.0,Gd,TA,PConc,Gd,TA,No,GLQ,674,Unf,0,76,750,GasA,Ex,Y,SBrkr,1061,862,0,1923,1,0,2,1,3,1,Gd,8,Typ,1,TA,Attchd,1992.0,RFn,2,564,TA,TA,Y,240,39,0,0,0,0,0,6,2010,WD,Normal,190000,2673,3.5,39,33.72727272727273,0.1887885332809739,0.28058361391694725,18,0,1,1,13461,10.5,49,3697929
1324,30,RL,50.0,5330,Pave,Reg,HLS,AllPub,Inside,Gtl,BrkSide,Norm,Norm,1Fam,1Story,4,7,1940,1950,Hip,CompShg,VinylSd,VinylSd,0.0,Fa,TA,CBlock,TA,TA,No,LwQ,280,Unf,0,140,420,GasA,Gd,Y,SBrkr,708,0,0,708,0,0,1,0,2,1,Fa,5,Typ,0,,,0.0,,0,0,,,Y,164,0,0,0,0,0,0,12,2009,WD,Normal,82500,1128,1.0,0,7.00709219858156,0.13283302063789867,0.3723404255319149,69,0,0,0,2832,2.0,16,501264
1325,20,RL,75.0,9986,Pave,Reg,Lvl,AllPub,Inside,Gtl,Somerst,Norm,Norm,1Fam,1Story,8,5,2006,2007,Gable,CompShg,VinylSd,VinylSd,428.0,Gd,TA,PConc,Ex,TA,Av,Unf,0,Unf,0,1795,1795,GasA,Ex,Y,SBrkr,1795,0,0,1795,0,0,2,0,2,1,Gd,7,Typ,1,Gd,Attchd,2007.0,RFn,3,895,TA,TA,Y,0,49,0,0,0,0,0,2,2007,New,Partial,147000,3590,2.0,49,0.9994432071269488,0.17975165231323853,0.5,1,1,0,1,14360,4.0,64,3222025
1326,30,RM,40.0,3636,Pave,Reg,Lvl,AllPub,Inside,Gtl,IDOTRR,Norm,Norm,1Fam,1Story,4,4,1922,1950,Gable,CompShg,AsbShng,AsbShng,0.0,TA,TA,BrkTil,TA,Fa,No,Unf,0,Unf,0,796,796,GasA,Fa,N,SBrkr,796,0,0,796,0,0,1,0,2,1,TA,5,Typ,0,,,0.0,,0,0,,,N,0,0,100,0,0,0,0,1,2008,WD,Normal,55000,1592,1.0,100,0.998745294855709,0.21892189218921893,0.5,86,0,0,0,3184,2.0,16,633616
1327,30,RH,70.0,4270,Pave,Reg,Bnk,AllPub,Inside,Mod,Edwards,Norm,Norm,1Fam,1Story,3,6,1931,2006,Gable,CompShg,MetalSd,MetalSd,0.0,TA,TA,BrkTil,TA,TA,No,Rec,544,Unf,0,0,544,GasA,Ex,Y,SBrkr,774,0,0,774,0,0,1,0,3,1,Gd,6,Typ,0,,,0.0,,0,0,,,Y,0,0,286,0,0,0,0,5,2007,WD,Normal,79000,1318,1.0,286,1318.0,0.1812646370023419,0.41274658573596357,76,0,0,0,2322,3.0,9,599076
1328,20,RL,60.0,6600,Pave,Reg,Lvl,AllPub,Inside,Gtl,Mitchel,Norm,Norm,1Fam,1Story,5,9,1982,2008,Gable,CompShg,VinylSd,VinylSd,0.0,Gd,Gd,CBlock,TA,TA,No,ALQ,641,Unf,0,175,816,GasA,Ex,Y,SBrkr,816,0,0,816,0,1,1,0,3,1,Gd,5,Typ,1,Ex,Attchd,1982.0,Unf,1,264,TA,TA,Y,0,0,0,0,0,0,0,10,2008,WD,Normal,130500,1632,1.5,0,8.278409090909092,0.12363636363636364,0.5,26,0,0,1,4080,4.5,25,665856
1329,50,RM,60.0,10440,Pave,Reg,Lvl,AllPub,Corner,Gtl,OldTown,Norm,Norm,1Fam,1.5Fin,6,7,1920,1950,Gable,CompShg,BrkFace,Wd Sdng,0.0,Gd,Gd,BrkTil,Gd,TA,No,LwQ,493,Unf,0,1017,1510,GasW,Ex,Y,SBrkr,1584,1208,0,2792,0,0,2,0,5,1,TA,8,Mod,2,TA,Detchd,1920.0,Unf,2,520,Fa,TA,Y,0,547,0,0,480,0,1150,6,2008,WD,Normal,256000,4302,2.0,1027,3.2269155206286837,0.2674329501915709,0.3509995350999535,88,0,1,1,16752,10.0,36,7795264
1330,60,RL,63.0,9084,Pave,IR1,Lvl,AllPub,Inside,Gtl,Gilbert,Norm,Norm,1Fam,2Story,7,5,1998,1998,Hip,CompShg,VinylSd,VinylSd,0.0,TA,TA,PConc,Gd,TA,No,Unf,0,Unf,0,935,935,GasA,Gd,Y,SBrkr,955,677,0,1632,0,0,2,1,3,1,TA,8,Typ,1,TA,Attchd,1998.0,Fin,2,462,TA,TA,Y,0,28,0,0,0,0,0,6,2006,WD,Normal,176500,2567,2.5,28,1.7435897435897436,0.17965653896961692,0.36423841059602646,8,0,1,1,11424,7.5,49,2663424
1331,20,RL,85.0,10000,Pave,Reg,Lvl,AllPub,Inside,Gtl,Somerst,Norm,Norm,1Fam,1Story,8,5,2006,2006,Hip,CompShg,VinylSd,VinylSd,410.0,Gd,TA,PConc,Gd,Gd,Av,Unf,0,Unf,0,1588,1588,GasA,Ex,Y,SBrkr,1588,0,0,1588,0,0,2,0,3,1,Gd,7,Typ,1,Gd,Attchd,2006.0,RFn,3,825,TA,TA,Y,144,45,0,0,0,0,0,12,2007,WD,Normal,227000,3176,2.0,45,0.9993706733794839,0.1588,0.5,1,1,0,1,12704,6.0,64,2521744
1332,80,RL,55.0,10780,Pave,IR1,Lvl,AllPub,Inside,Gtl,CollgCr,Norm,Norm,1Fam,SLvl,5,5,1976,1976,Gable,CompShg,MetalSd,MetalSd,0.0,TA,TA,CBlock,TA,TA,Av,ALQ,483,Unf,0,428,911,GasA,Gd,Y,SBrkr,954,0,0,954,0,0,1,0,3,1,TA,6,Typ,0,,Detchd,1976.0,Unf,2,576,TA,TA,Y,0,0,0,0,0,0,0,7,2006,WD,Normal,132500,1865,1.0,0,3.3496503496503496,0.08849721706864563,0.48847184986595177,30,0,0,1,4770,3.0,25,910116
1333,20,RL,67.0,8877,Pave,Reg,Lvl,AllPub,Inside,Mod,Edwards,Norm,Norm,1Fam,1Story,4,6,1938,1958,Gable,CompShg,MetalSd,MetalSd,0.0,TA,TA,CBlock,TA,TA,Mn,ALQ,690,Unf,0,126,816,GasA,Ex,Y,SBrkr,816,0,0,816,1,0,1,0,2,1,TA,3,Typ,1,Gd,Detchd,1958.0,Unf,1,288,Fa,Fa,Y,0,0,0,0,0,0,0,5,2009,WD,Normal,100000,1632,2.0,0,11.858267716535433,0.0919229469415343,0.5,71,0,0,1,3264,4.0,16,665856
1334,50,RM,60.0,7200,Pave,Reg,Lvl,AllPub,Corner,Gtl,IDOTRR,Norm,Norm,1Fam,1.5Fin,5,6,1938,1995,Gable,CompShg,Wd Sdng,Wd Sdng,0.0,TA,TA,CBlock,TA,TA,No,Unf,0,Unf,0,803,803,GasA,Ex,Y,SBrkr,803,557,0,1360,0,0,1,1,2,1,Gd,6,Typ,0,,Detchd,1951.0,Unf,1,297,TA,TA,Y,0,65,190,0,0,0,0,7,2006,WD,Normal,125500,2163,1.5,255,1.691542288557214,0.18888888888888888,0.37124364308830327,68,0,1,1,6800,3.0,25,1849600
1335,160,RM,24.0,2368,Pave,Reg,Lvl,AllPub,Inside,Gtl,BrDale,Norm,Norm,TwnhsE,2Story,5,6,1970,1970,Gable,CompShg,HdBoard,HdBoard,312.0,TA,TA,CBlock,TA,TA,No,LwQ,765,Unf,0,0,765,GasA,TA,Y,SBrkr,765,600,0,1365,0,0,1,1,3,1,TA,7,Min1,0,,Attchd,1970.0,Unf,2,440,TA,TA,Y,0,36,0,0,0,0,0,5,2009,WD,Normal,125000,2130,1.5,36,2130.0,0.5764358108108109,0.3591549295774648,39,0,1,1,6825,4.5,25,1863225
1336,20,RL,80.0,9650,Pave,Reg,Lvl,AllPub,Inside,Gtl,NWAmes,Norm,Norm,1Fam,1Story,6,5,1977,1977,Gable,CompShg,Plywood,Plywood,360.0,TA,TA,CBlock,Gd,TA,No,ALQ,686,Unf,0,664,1350,GasA,TA,Y,SBrkr,1334,0,0,1334,0,1,2,0,2,1,TA,6,Typ,1,TA,Attchd,1977.0,RFn,2,630,TA,TA,Y,0,16,0,0,0,0,0,4,2009,WD,Normal,167900,2684,2.5,16,3.037593984962406,0.1382383419689119,0.5029806259314457,32,0,0,1,8004,5.0,36,1779556
1337,90,RL,87.0,9246,Pave,IR1,Lvl,AllPub,Inside,Gtl,NWAmes,Feedr,Norm,Duplex,1Story,5,5,1973,1973,Gable,CompShg,Plywood,Plywood,564.0,TA,TA,CBlock,TA,TA,No,Unf,0,Unf,0,1656,1656,GasA,TA,Y,SBrkr,1656,0,0,1656,0,0,2,0,4,2,TA,8,Typ,0,,Detchd,1973.0,Unf,2,506,TA,TA,Y,0,211,0,0,0,0,0,11,2008,WD,Normal,135000,3312,2.0,211,0.9993964996982498,0.1791044776119403,0.5,35,0,0,1,8280,8.0,25,2742336
1338,30,RM,153.0,4118,Pave,IR1,Bnk,AllPub,Corner,Mod,OldTown,Feedr,Norm,1Fam,1Story,4,4,1941,1950,Gable,CompShg,Wd Sdng,Wd Sdng,0.0,TA,TA,CBlock,TA,TA,No,Unf,0,Unf,0,693,693,Grav,Fa,N,FuseA,693,0,0,693,0,0,1,0,2,1,Fa,4,Typ,0,,,0.0,,0,0,,,N,0,20,0,0,0,0,0,3,2006,WD,Normal,52500,1386,1.0,20,0.9985590778097982,0.1682855755220981,0.5,65,0,0,0,2772,2.0,16,480249
1339,60,RL,95.0,13450,Pave,IR1,Lvl,AllPub,Corner,Gtl,CollgCr,Norm,Norm,1Fam,2Story,7,5,2002,2002,Gable,CompShg,VinylSd,VinylSd,0.0,Gd,TA,PConc,Gd,TA,No,GLQ,700,Unf,0,216,916,GasA,Ex,Y,SBrkr,920,941,0,1861,1,0,2,1,3,1,Gd,8,Typ,0,,BuiltIn,2002.0,RFn,2,492,TA,TA,Y,146,91,0,0,0,0,0,6,2006,WD,Normal,200000,2777,3.5,91,11.80184331797235,0.138364312267658,0.3298523586604249,4,0,1,1,13027,10.5,49,3463321
1340,20,RL,120.0,9560,Pave,IR1,Lvl,AllPub,Corner,Gtl,CollgCr,Norm,Norm,1Fam,1Story,5,7,1972,1972,Hip,CompShg,MetalSd,MetalSd,0.0,TA,Gd,CBlock,TA,TA,Mn,Rec,360,Unf,0,504,864,GasA,Ex,Y,SBrkr,864,0,0,864,0,0,1,0,3,1,TA,5,Typ,0,,Attchd,1972.0,RFn,1,288,TA,TA,Y,0,0,0,0,0,0,0,6,2006,WD,Normal,128500,1728,1.0,0,2.4237623762376237,0.09037656903765691,0.5,34,0,0,1,4320,3.0,25,746496
1341,20,RL,70.0,8294,Pave,Reg,Lvl,AllPub,Inside,Gtl,NAmes,Norm,Norm,1Fam,1Story,4,5,1971,1971,Gable,CompShg,MetalSd,MetalSd,0.0,TA,TA,CBlock,TA,TA,No,Unf,0,Unf,0,858,858,GasA,TA,Y,SBrkr,872,0,0,872,0,0,1,0,3,1,TA,5,Typ,0,,Detchd,1974.0,Unf,4,480,TA,TA,Y,0,0,0,0,0,0,0,6,2007,WD,Normal,123000,1730,1.0,0,1.0151338766006985,0.10513624306727755,0.4959537572254335,36,0,0,1,3488,3.0,16,760384
1342,20,RL,66.0,13695,Pave,Reg,Lvl,AllPub,Inside,Gtl,SawyerW,RRAe,Norm,1Fam,1Story,6,5,2003,2004,Gable,CompShg,VinylSd,VinylSd,0.0,TA,TA,PConc,Gd,TA,No,GLQ,814,Unf,0,300,1114,GasA,Ex,Y,SBrkr,1114,0,0,1114,1,0,1,0,3,1,Gd,6,Typ,0,,Detchd,2004.0,Unf,2,576,TA,TA,Y,0,78,0,0,0,0,0,7,2008,WD,Normal,155000,2228,2.0,78,6.40531561461794,0.08134355604235122,0.5,5,0,0,1,6684,6.0,36,1240996
1343,60,RL,69.0,9375,Pave,Reg,Lvl,AllPub,Inside,Gtl,CollgCr,Norm,Norm,1Fam,2Story,8,5,2002,2002,Gable,CompShg,VinylSd,VinylSd,149.0,Gd,TA,PConc,Gd,TA,No,Unf,0,Unf,0,1284,1284,GasA,Ex,Y,SBrkr,1284,885,0,2169,0,0,2,1,3,1,Gd,7,Typ,1,Gd,Attchd,2002.0,RFn,2,647,TA,TA,Y,192,87,0,0,0,0,0,8,2007,WD,Normal,228500,3453,2.5,87,1.6879377431906615,0.23136,0.37185056472632494,5,0,1,1,17352,7.5,64,4704561
1344,50,RL,57.0,7558,Pave,Reg,Bnk,AllPub,Inside,Gtl,Crawfor,Norm,Norm,1Fam,1.5Fin,6,6,1928,1950,Gable,CompShg,BrkFace,Stone,0.0,TA,TA,BrkTil,TA,TA,No,Unf,0,Unf,0,896,896,GasA,Gd,Y,SBrkr,1172,741,0,1913,0,0,1,1,3,1,TA,9,Typ,1,TA,Detchd,1929.0,Unf,2,342,Fa,Fa,Y,0,0,0,0,0,0,0,3,2009,WD,Normal,177000,2809,1.5,0,2.132664437012263,0.25310928817147393,0.3189747241011036,81,0,1,1,11478,4.5,36,3659569
1345,60,RL,85.0,11103,Pave,IR1,Lvl,AllPub,Corner,Gtl,CollgCr,Norm,Norm,1Fam,2Story,7,5,2006,2006,Gable,CompShg,VinylSd,VinylSd,0.0,Gd,TA,PConc,Gd,TA,No,Unf,0,Unf,0,728,728,GasA,Ex,Y,SBrkr,728,728,0,1456,0,0,2,1,3,1,Gd,8,Typ,1,TA,Attchd,2006.0,Fin,2,440,TA,TA,Y,0,0,0,0,0,0,0,7,2007,New,Partial,155835,2184,2.5,0,1.9972565157750344,0.13113572908223003,0.3333333333333333,1,1,1,1,10192,7.5,49,2119936
1346,30,RM,50.0,6000,Pave,Reg,Lvl,AllPub,Inside,Gtl,OldTown,Norm,Norm,1Fam,1Story,4,4,1920,1950,Hip,CompShg,MetalSd,MetalSd,0.0,TA,TA,PConc,TA,TA,No,ALQ,250,Unf,0,710,960,GasA,Gd,Y,FuseA,960,0,0,960,0,0,1,0,2,1,Fa,5,Typ,0,,Detchd,1997.0,Unf,1,308,TA,TA,Y,0,0,168,0,0,0,0,7,2007,WD,Normal,108500,1920,1.0,168,1.7018284106891701,0.16,0.5,87,0,0,1,3840,2.0,16,921600
1347,20,RL,69.0,20781,Pave,IR2,Lvl,AllPub,CulDSac,Gtl,NWAmes,PosN,Norm,1Fam,1Story,7,7,1968,2003,Hip,CompShg,BrkFace,HdBoard,0.0,TA,TA,CBlock,TA,TA,No,BLQ,297,Rec,68,1203,1568,GasA,TA,Y,SBrkr,2156,0,0,2156,0,0,2,0,3,1,TA,9,Typ,1,Gd,Attchd,1968.0,RFn,2,508,Gd,TA,Y,0,80,0,290,0,0,0,6,2006,WD,Normal,262500,3724,2.0,370,2.0938538205980066,0.10374861652471007,0.42105263157894735,38,0,0,1,15092,6.0,49,4648336
1348,20,RL,93.0,15306,Pave,IR1,HLS,AllPub,Corner,Gtl,Timber,Norm,Norm,1Fam,1Story,8,5,2006,2007,Gable,CompShg,VinylSd,VinylSd,100.0,Gd,TA,PConc,Ex,TA,Gd,GLQ,80,Unf,0,1652,1732,GasA,Ex,Y,SBrkr,1776,0,0,1776,1,0,2,0,3,1,Gd,7,Typ,1,Gd,Attchd,2006.0,Fin,3,712,TA,TA,Y,0,0,0,0,0,0,0,5,2007,New,Partial,283463,3508,3.0,0,1.1228070175438596,0.11603292826342611,0.49372862029646525,1,1,0,1,14208,9.0,64,3154176
1349,20,RL,69.0,16196,Pave,IR3,Low,AllPub,Inside,Gtl,SawyerW,Norm,Norm,1Fam,1Story,7,5,1998,1998,Gable,CompShg,VinylSd,VinylSd,0.0,Gd,TA,PConc,Gd,TA,Gd,GLQ,1443,Unf,0,39,1482,GasA,Ex,Y,SBrkr,1494,0,0,1494,1,0,2,0,3,1,Gd,5,Typ,1,Fa,Attchd,1998.0,RFn,2,514,TA,TA,Y,402,25,0,0,0,0,0,8,2007,WD,Normal,215000,2976,3.0,25,73.425,0.09224499876512719,0.49798387096774194,9,0,0,1,10458,9.0,49,2232036
1350,70,RM,50.0,5250,Pave,Reg,Lvl,AllPub,Inside,Gtl,OldTown,Norm,Norm,1Fam,2Story,8,5,1872,1987,Gable,CompShg,MetalSd,MetalSd,0.0,TA,Gd,BrkTil,TA,Fa,No,LwQ,259,Unf,0,425,684,OthW,Fa,N,SBrkr,938,1215,205,2358,0,0,2,0,4,1,TA,8,Typ,0,,,0.0,,0,0,,,Y,0,54,20,0,0,0,0,12,2008,WD,Normal,122000,2837,2.0,74,6.143192488262911,0.4491428571428571,0.24109975326048644,136,0,1,0,18864,8.0,64,5560164
1351,90,RL,91.0,11643,Pave,Reg,Lvl,AllPub,Inside,Gtl,NAmes,Artery,Norm,Duplex,2Story,5,5,1969,1969,Gable,CompShg,MetalSd,MetalSd,368.0,TA,TA,CBlock,TA,TA,No,LwQ,500,Unf,0,748,1248,GasA,TA,Y,SBrkr,1338,1296,0,2634,1,1,2,2,6,2,TA,12,Typ,0,,Detchd,1969.0,Unf,4,968,TA,TA,Y,0,0,0,0,0,0,0,8,2009,WD,Normal,200000,3882,4.5,0,4.184245660881175,0.22623035300180366,0.321483771251932,40,0,1,1,13170,27.0,25,6937956
1352,60,RL,70.0,9247,Pave,IR1,Lvl,AllPub,Inside,Gtl,NAmes,Norm,Norm,1Fam,2Story,6,6,1962,1962,Gable,CompShg,HdBoard,HdBoard,318.0,TA,TA,CBlock,TA,TA,No,Rec,319,Unf,0,539,858,GasA,Ex,Y,SBrkr,858,858,0,1716,0,0,1,1,4,1,TA,8,Typ,1,Gd,Attchd,1962.0,Fin,2,490,TA,TA,Y,0,84,0,0,120,0,0,3,2008,WD,Normal,171000,2574,1.5,204,3.7685185185185186,0.1855736995782416,0.3333333333333333,46,0,1,1,10296,6.0,36,2944656
1353,50,RM,50.0,6000,Pave,Reg,Lvl,AllPub,Inside,Gtl,BrkSide,Norm,Norm,1Fam,1.5Fin,6,9,1937,2000,Gable,CompShg,MetalSd,MetalSd,0.0,Gd,TA,BrkTil,TA,TA,No,Unf,0,Unf,0,698,698,GasA,TA,Y,SBrkr,786,390,0,1176,0,0,1,0,2,1,TA,4,Typ,0,,Detchd,1999.0,Unf,2,624,TA,TA,N,210,0,0,0,0,0,0,7,2009,WD,Normal,134900,1874,1.0,0,1.6824034334763949,0.196,0.37246531483457845,72,0,1,1,7056,2.0,36,1382976
1354,50,RL,56.0,14720,Pave,IR1,Lvl,AllPub,CulDSac,Gtl,NoRidge,Norm,Norm,1Fam,1.5Fin,8,5,1995,1996,Hip,CompShg,VinylSd,VinylSd,579.0,Gd,TA,PConc,Gd,TA,Av,GLQ,816,Unf,0,1217,2033,GasA,Ex,Y,SBrkr,2053,1185,0,3238,1,0,2,1,4,1,Gd,9,Typ,1,Ex,Attchd,1996.0,Fin,3,666,TA,TA,Y,283,86,0,0,0,0,0,3,2010,WD,Normal,410000,5271,3.5,86,3.328407224958949,0.21997282608695654,0.38569531398216655,15,0,1,1,25904,14.0,64,10484644
1355,60,RL,69.0,10316,Pave,IR1,Lvl,AllPub,Inside,Gtl,CollgCr,Norm,Norm,1Fam,2Story,7,5,2000,2000,Gable,CompShg,VinylSd,VinylSd,0.0,Gd,TA,PConc,Gd,TA,No,GLQ,735,Unf,0,257,992,GasA,Ex,Y,SBrkr,992,873,0,1865,1,0,2,1,3,1,Gd,7,Typ,1,TA,Attchd,2000.0,RFn,3,839,TA,TA,Y,0,184,0,0,0,0,0,6,2008,WD,Normal,235000,2857,3.5,184,10.077519379844961,0.18078712679333075,0.3472173608680434,8,0,1,1,13055,10.5,49,3478225
1356,80,RL,102.0,10192,Pave,IR1,Lvl,AllPub,Inside,Gtl,NWAmes,Norm,Norm,1Fam,SLvl,7,6,1968,1992,Gable,CompShg,MetalSd,MetalSd,143.0,TA,TA,CBlock,TA,TA,No,Unf,0,Unf,0,570,570,GasA,Gd,Y,SBrkr,1222,698,0,1920,0,0,3,0,4,1,Gd,8,Typ,1,TA,Attchd,1968.0,RFn,2,487,TA,TA,Y,0,98,0,0,0,0,0,9,2006,WD,Normal,170000,2490,3.0,98,3.362521891418564,0.18838304552590268,0.2289156626506024,38,0,1,1,13440,12.0,49,3686400
1357,20,RL,69.0,9477,Pave,Reg,Lvl,AllPub,Corner,Gtl,NAmes,Norm,Norm,1Fam,1Story,5,5,1966,1966,Gable,CompShg,HdBoard,HdBoard,65.0,TA,TA,CBlock,TA,TA,No,Rec,340,Unf,0,524,864,GasA,TA,Y,SBrkr,892,0,0,892,0,0,1,0,3,1,TA,5,Typ,0,,Attchd,1966.0,RFn,1,264,TA,TA,Y,0,0,0,0,0,0,0,10,2008,WD,Normal,110000,1756,1.0,0,2.3466666666666667,0.09412261264113116,0.4920273348519362,42,0,0,1,4460,3.0,25,795664
1358,20,RL,69.0,12537,Pave,IR1,Lvl,AllPub,CulDSac,Gtl,NAmes,Norm,Norm,1Fam,1Story,5,6,1971,2008,Gable,CompShg,VinylSd,VinylSd,0.0,TA,TA,CBlock,TA,TA,No,GLQ,734,Unf,0,344,1078,GasA,Ex,Y,SBrkr,1078,0,0,1078,1,0,1,1,3,1,TA,6,Typ,1,Fa,Attchd,1971.0,Fin,2,500,TA,TA,Y,0,0,0,0,0,0,0,4,2010,WD,Normal,149900,2156,2.5,0,5.252173913043478,0.08598548297040759,0.5,39,0,0,1,5390,7.5,25,1162084
1359,160,FV,69.0,2117,Pave,Reg,Lvl,AllPub,Inside,Gtl,Somerst,Norm,Norm,Twnhs,2Story,6,5,2000,2000,Gable,CompShg,MetalSd,MetalSd,216.0,Gd,TA,PConc,Gd,TA,No,GLQ,378,Unf,0,378,756,GasA,Ex,Y,SBrkr,769,804,0,1573,0,0,2,1,3,1,Gd,5,Typ,0,,Detchd,2000.0,Unf,2,440,TA,TA,Y,0,32,0,0,0,0,0,6,2010,WD,Normal,177500,2329,2.5,32,5.147757255936676,0.7430325932923949,0.32460283383426364,10,0,1,1,9438,7.5,36,2474329
1360,20,RL,129.0,16737,Pave,Reg,Lvl,AllPub,FR3,Gtl,NridgHt,Norm,Norm,1Fam,1Story,9,5,2004,2005,Hip,CompShg,VinylSd,VinylSd,66.0,Gd,TA,PConc,Ex,TA,Av,GLQ,1447,Unf,0,533,1980,GasA,Ex,Y,SBrkr,1980,0,0,1980,1,0,2,0,3,1,Ex,8,Typ,1,Gd,Attchd,2004.0,Fin,3,770,TA,TA,Y,194,45,0,0,0,0,0,9,2006,WD,Normal,315000,3960,3.0,45,6.417602996254682,0.11830077074744579,0.5,2,1,0,1,17820,9.0,81,3920400
1361,70,RL,51.0,9842,Pave,Reg,Lvl,AllPub,Inside,Gtl,SWISU,Feedr,Norm,1Fam,2Story,5,6,1921,1998,Gable,CompShg,MetalSd,Wd Sdng,0.0,TA,TA,BrkTil,TA,Fa,No,Unf,0,Unf,0,612,612,GasA,Ex,Y,SBrkr,990,1611,0,2601,0,0,3,1,4,1,TA,8,Typ,0,,BuiltIn,1998.0,RFn,2,621,TA,TA,Y,183,0,301,0,0,0,0,5,2008,WD,Normal,189000,3213,3.5,301,4.243066884176183,0.26427555374923795,0.19047619047619047,87,0,1,1,13005,14.0,25,6765201
1362,20,RL,124.0,16158,Pave,IR1,Low,AllPub,Inside,Mod,StoneBr,Norm,Norm,1Fam,1Story,7,5,2005,2005,Hip,CompShg,VinylSd,VinylSd,16.0,Gd,TA,PConc,Ex,TA,Av,ALQ,1274,Unf,0,256,1530,GasA,Ex,Y,SBrkr,1530,0,0,1530,1,0,2,0,3,1,Gd,7,Typ,1,Gd,Attchd,2005.0,Fin,2,430,TA,TA,Y,168,36,0,0,0,0,0,6,2009,WD,Normal,260000,3060,3.0,36,10.910505836575876,0.09468993687337542,0.5,4,0,0,1,10710,9.0,49,2340900
1363,50,RL,69.0,12513,Pave,IR1,Lvl,AllPub,FR2,Gtl,NAmes,Feedr,Norm,1Fam,1.5Fin,4,4,1920,2007,Gable,CompShg,VinylSd,VinylSd,0.0,TA,Gd,BrkTil,TA,Fa,No,Unf,0,Unf,0,715,715,GasA,Gd,Y,SBrkr,1281,457,0,1738,0,0,2,0,4,1,TA,7,Typ,1,Gd,Attchd,1920.0,Unf,1,368,TA,TA,Y,55,0,0,0,0,0,0,6,2009,WD,Normal,104900,2453,2.0,0,2.4273743016759775,0.1388955486294254,0.2914798206278027,89,0,1,1,6952,8.0,16,3020644
1364,60,RL,73.0,8499,Pave,IR1,Lvl,AllPub,Inside,Gtl,Gilbert,Norm,Norm,1Fam,2Story,6,5,2006,2007,Gable,CompShg,VinylSd,VinylSd,0.0,TA,TA,PConc,Gd,TA,No,Unf,0,Unf,0,616,616,GasA,Ex,Y,SBrkr,616,796,0,1412,0,0,2,1,3,1,Gd,6,Typ,1,Gd,BuiltIn,2007.0,Fin,2,432,TA,TA,Y,0,36,0,0,0,0,0,3,2007,New,Partial,156932,2028,2.5,36,2.288492706645057,0.1661371926108954,0.3037475345167653,1,1,1,1,8472,7.5,36,1993744
1365,160,FV,30.0,3180,Pave,Reg,Lvl,AllPub,Inside,Gtl,Somerst,Norm,Norm,TwnhsE,2Story,7,5,2005,2005,Gable,CompShg,MetalSd,MetalSd,0.0,Gd,TA,PConc,Gd,TA,No,Unf,0,Unf,0,600,600,GasA,Ex,Y,SBrkr,520,600,80,1200,0,0,2,1,2,1,Gd,4,Typ,0,,Detchd,2005.0,RFn,2,480,TA,TA,Y,0,166,0,0,0,0,0,4,2006,WD,Abnorml,144152,1720,2.5,166,1.9966722129783694,0.37735849056603776,0.3488372093023256,1,1,1,1,8400,5.0,49,1440000
1366,60,FV,69.0,7500,Pave,Reg,Lvl,AllPub,Inside,Gtl,Somerst,Norm,Norm,1Fam,2Story,7,5,2000,2000,Gable,CompShg,VinylSd,VinylSd,0.0,Gd,TA,PConc,Gd,TA,No,GLQ,533,Unf,0,281,814,GasA,Ex,Y,SBrkr,814,860,0,1674,1,0,2,1,3,1,Gd,7,Typ,0,,Attchd,2000.0,RFn,2,663,TA,TA,Y,0,96,0,0,0,0,0,1,2010,WD,Normal,216000,2488,3.5,96,7.826241134751773,0.2232,0.3271704180064309,10,0,1,1,11718,10.5,49,2802276
1367,60,RL,68.0,9179,Pave,IR1,Lvl,AllPub,Inside,Gtl,CollgCr,Norm,Norm,1Fam,2Story,7,5,1999,1999,Gable,CompShg,VinylSd,VinylSd,158.0,Gd,TA,PConc,Gd,TA,No,GLQ,633,Unf,0,240,873,GasA,Ex,Y,SBrkr,882,908,0,1790,1,0,2,1,3,1,Gd,7,Typ,0,,Attchd,1999.0,RFn,2,588,TA,TA,Y,0,88,0,0,0,0,0,6,2008,WD,Abnorml,193000,2663,3.5,88,10.053941908713693,0.19501034971129752,0.3278257604205783,9,0,1,1,12530,10.5,49,3204100
1368,160,RM,41.0,2665,Pave,Reg,Lvl,AllPub,Inside,Gtl,MeadowV,Norm,Norm,TwnhsE,2Story,5,6,1977,1977,Gable,CompShg,CemntBd,CmentBd,0.0,TA,TA,PConc,TA,TA,No,ALQ,548,Rec,173,36,757,GasA,Ex,Y,SBrkr,925,550,0,1475,0,0,2,0,4,1,TA,6,Typ,1,TA,Attchd,1977.0,RFn,1,336,TA,TA,Y,104,26,0,0,0,0,0,7,2006,WD,Normal,127000,2232,2.0,26,59.351351351351354,0.5534709193245778,0.33915770609318996,29,0,1,1,7375,8.0,25,2175625
1369,120,RM,69.0,4435,Pave,Reg,Lvl,AllPub,Inside,Gtl,CollgCr,Norm,Norm,TwnhsE,1Story,6,5,2003,2004,Gable,CompShg,VinylSd,VinylSd,170.0,Gd,TA,PConc,Gd,TA,Av,GLQ,685,Unf,0,163,848,GasA,Ex,Y,SBrkr,848,0,0,848,1,0,1,0,1,1,Gd,4,Typ,0,,Attchd,2003.0,Fin,2,420,TA,TA,Y,140,0,0,0,0,0,0,6,2009,WD,Normal,144000,1696,2.0,0,9.347560975609756,0.19120631341600902,0.5,6,0,0,1,5088,2.0,36,719104
1370,20,RL,48.0,10635,Pave,IR2,Lvl,AllPub,FR2,Gtl,CollgCr,Norm,Norm,1Fam,1Story,8,5,2003,2003,Hip,CompShg,VinylSd,VinylSd,171.0,Gd,TA,PConc,Gd,TA,Av,BLQ,370,GLQ,972,315,1657,GasA,Ex,Y,SBrkr,1668,0,0,1668,1,0,2,0,3,1,Gd,8,Typ,1,TA,Attchd,2003.0,Fin,2,502,TA,TA,Y,0,262,0,0,0,0,0,5,2010,WD,Normal,232000,3325,3.0,262,9.525316455696203,0.15684062059238363,0.49834586466165415,7,0,0,1,13344,9.0,64,2782224
1371,50,RL,90.0,5400,Pave,Reg,Lvl,AllPub,Corner,Gtl,OldTown,Artery,Norm,1Fam,1.5Fin,4,6,1920,1950,Gable,CompShg,CBlock,CBlock,0.0,Fa,TA,PConc,TA,TA,No,ALQ,315,Rec,105,420,840,GasA,Ex,Y,SBrkr,840,534,0,1374,0,0,1,0,2,1,TA,6,Typ,0,,Detchd,1967.0,Fin,1,338,TA,TA,Y,0,0,198,0,0,0,0,10,2009,WD,Normal,105000,2214,1.0,198,4.261282660332542,0.2544444444444444,0.3794037940379404,89,0,1,1,5496,2.0,16,1887876
1372,80,RL,80.0,9600,Pave,Reg,Lvl,AllPub,Inside,Gtl,NAmes,Norm,Norm,1Fam,SLvl,6,6,1955,1996,Hip,CompShg,AsbShng,AsbShng,0.0,TA,TA,CBlock,TA,TA,Av,BLQ,831,Unf,0,161,992,GasA,Gd,Y,SBrkr,1661,0,0,1661,1,0,1,0,3,1,Gd,8,Typ,1,TA,BuiltIn,1955.0,RFn,1,377,TA,TA,Y,0,28,0,0,178,0,0,10,2008,WD,Normal,165500,2653,2.0,206,15.382716049382717,0.17302083333333335,0.3739163211458726,53,0,0,1,9966,6.0,36,2758921
1373,60,RL,75.0,9750,Pave,Reg,Lvl,AllPub,Corner,Gtl,CollgCr,Norm,Norm,1Fam,2Story,7,6,1998,1998,Gable,CompShg,VinylSd,VinylSd,0.0,TA,TA,PConc,Gd,TA,Av,GLQ,975,Unf,0,133,1108,GasA,Ex,Y,SBrkr,1108,989,0,2097,1,0,2,1,3,1,Gd,8,Typ,1,TA,Detchd,1998.0,RFn,2,583,TA,TA,Y,253,170,0,0,0,0,0,6,2006,WD,Normal,274300,3205,3.5,170,22.925373134328357,0.21507692307692308,0.34570982839313574,8,0,1,1,14679,10.5,49,4397409
1374,20,RL,69.0,11400,Pave,Reg,Lvl,AllPub,Inside,Gtl,NoRidge,Norm,Norm,1Fam,1Story,10,5,2001,2002,Hip,CompShg,VinylSd,VinylSd,705.0,Ex,TA,PConc,Ex,TA,Gd,GLQ,1282,Unf,0,1351,2633,GasA,Ex,Y,SBrkr,2633,0,0,2633,1,0,2,1,2,1,Ex,8,Typ,2,Gd,Attchd,2001.0,RFn,3,804,TA,TA,Y,314,140,0,0,0,0,0,3,2007,WD,Normal,466500,5266,3.5,140,2.8957100591715976,0.23096491228070176,0.5,6,0,0,1,26330,7.0,100,6932689
1375,60,FV,85.0,10625,Pave,Reg,Lvl,AllPub,Inside,Gtl,Somerst,Norm,Norm,1Fam,2Story,7,5,2005,2005,Gable,CompShg,CemntBd,CmentBd,0.0,Gd,TA,PConc,Gd,TA,No,Unf,0,Unf,0,1026,1026,GasA,Ex,Y,SBrkr,1026,932,0,1958,0,0,2,1,3,1,Gd,9,Typ,1,Gd,Attchd,2005.0,Fin,3,936,TA,TA,Y,154,210,0,0,0,0,0,7,2008,WD,Normal,250000,2984,2.5,210,1.9065238558909445,0.18428235294117648,0.3438337801608579,3,1,1,1,13706,7.5,49,3833764
1376,20,RL,89.0,10991,Pave,IR1,HLS,AllPub,Inside,Gtl,Timber,Norm,Norm,1Fam,1Story,8,5,2007,2007,Gable,CompShg,VinylSd,VinylSd,80.0,Gd,TA,PConc,Gd,TA,Gd,Unf,0,Unf,0,1571,1571,GasA,Ex,Y,SBrkr,1571,0,0,1571,0,0,2,0,3,1,Gd,7,Typ,1,Gd,Attchd,2007.0,Fin,3,722,TA,TA,Y,100,36,0,0,0,0,0,12,2007,New,Partial,239000,3142,2.0,36,0.9993638676844784,0.14293512874169775,0.5,0,1,0,1,12568,6.0,64,2468041
1377,30,RL,52.0,6292,Pave,Reg,Bnk,AllPub,Inside,Gtl,SWISU,Norm,Norm,1Fam,1Story,6,5,1930,1950,Gable,CompShg,Wd Sdng,Wd Sdng,0.0,TA,TA,BrkTil,Gd,TA,Mn,Rec,384,Unf,0,384,768,GasA,TA,N,SBrkr,790,0,0,790,0,0,1,0,2,1,TA,4,Typ,0,,Detchd,1925.0,Unf,1,160,Fa,TA,Y,0,141,0,0,0,0,0,4,2008,WD,Normal,91000,1558,1.0,141,3.0493506493506493,0.12555626191989827,0.49293966623876767,78,0,0,1,4740,2.0,36,624100
1378,50,RL,60.0,10998,Pave,Reg,Lvl,AllPub,Inside,Gtl,Edwards,Norm,Norm,1Fam,1.5Fin,5,5,1941,1960,Gable,CompShg,Wd Sdng,Wd Sdng,0.0,TA,TA,CBlock,TA,TA,No,LwQ,408,BLQ,420,156,984,GasA,Ex,Y,SBrkr,984,620,0,1604,0,0,2,0,3,1,TA,6,Min2,0,,Detchd,1977.0,Unf,2,660,TA,TA,Y,0,68,0,0,0,0,0,7,2009,WD,Normal,117000,2588,2.0,68,15.490445859872612,0.1458446990361884,0.3802163833075734,68,0,1,1,8020,6.0,25,2572816
1379,160,RM,21.0,1953,Pave,Reg,Lvl,AllPub,Inside,Gtl,BrDale,Norm,Norm,Twnhs,2Story,6,5,1973,1973,Gable,CompShg,HdBoard,HdBoard,408.0,TA,TA,CBlock,TA,Fa,No,BLQ,309,Unf,0,174,483,GasA,TA,Y,SBrkr,483,504,0,987,0,0,1,1,2,1,TA,5,Typ,0,,Detchd,1973.0,Unf,1,264,TA,TA,Y,72,0,0,0,0,0,0,6,2006,WD,Normal,83000,1470,1.5,0,7.405714285714286,0.5053763440860215,0.32857142857142857,33,0,1,1,5922,3.0,36,974169
1380,80,RL,73.0,9735,Pave,Reg,Lvl,AllPub,Inside,Gtl,Timber,Norm,Norm,1Fam,SLvl,5,5,2006,2007,Gable,CompShg,VinylSd,VinylSd,0.0,TA,TA,PConc,Gd,TA,No,Unf,0,Unf,0,384,384,GasA,Gd,Y,SBrkr,754,640,0,1394,0,0,2,1,3,1,Gd,7,Typ,0,,BuiltIn,2007.0,Fin,2,400,TA,TA,Y,100,0,0,0,0,0,0,5,2008,WD,Normal,167500,1778,2.5,0,3.620779220779221,0.14319465844889573,0.21597300337457817,2,1,1,1,6970,7.5,25,1943236
1381,30,RL,45.0,8212,Pave,Reg,Lvl,AllPub,Inside,Gtl,Edwards,Norm,Norm,1Fam,1Story,3,3,1914,1950,Gable,CompShg,Stucco,Stucco,0.0,TA,Fa,BrkTil,TA,Fa,No,Rec,203,Unf,0,661,864,GasA,TA,N,FuseF,864,0,0,864,1,0,1,0,2,1,TA,5,Typ,0,,Detchd,1938.0,Unf,1,200,TA,Fa,Y,0,0,96,0,0,0,0,6,2010,WD,Normal,58500,1728,2.0,96,1.6117824773413898,0.10521188504627374,0.5,96,0,0,1,2592,4.0,9,746496
1382,20,RL,69.0,12925,Pave,IR1,Lvl,AllPub,Corner,Gtl,NAmes,Norm,Norm,1Fam,1Story,6,7,1970,1970,Gable,CompShg,BrkFace,Plywood,0.0,TA,TA,CBlock,TA,TA,Mn,BLQ,865,Unf,0,340,1205,GasA,Ex,Y,SBrkr,2117,0,0,2117,0,0,2,1,4,1,TA,7,Typ,2,Gd,Attchd,1970.0,Fin,2,550,TA,TA,Y,0,42,0,0,0,0,0,5,2008,WD,Normal,237500,3322,2.5,42,8.744868035190615,0.16379110251450676,0.36273329319686937,38,0,0,1,12702,10.0,36,4481689
1383,70,RM,60.0,7200,Pave,Reg,Lvl,AllPub,Corner,Gtl,OldTown,Norm,Norm,1Fam,2Story,7,7,1920,1950,Hip,CompShg,Wd Sdng,Wd Sdng,0.0,TA,TA,BrkTil,Fa,TA,No,Unf,0,Unf,0,596,596,GasA,Ex,Y,SBrkr,998,764,0,1762,1,0,1,1,4,1,Gd,8,Typ,0,,Detchd,1989.0,Unf,2,576,TA,TA,N,36,0,221,0,0,0,0,10,2006,WD,Normal,157000,2358,2.5,221,2.9514237855946397,0.24472222222222223,0.2527565733672604,86,0,1,1,12334,10.0,49,3104644
1384,30,RL,69.0,25339,Pave,Reg,Lvl,AllPub,Inside,Gtl,Sawyer,Norm,Norm,1Fam,1Story,5,7,1918,2007,Gable,CompShg,Wd Sdng,Wd Sdng,0.0,TA,Gd,BrkTil,TA,TA,No,Unf,0,Unf,0,816,816,GasA,Ex,Y,SBrkr,1416,0,0,1416,0,0,2,0,3,1,Gd,7,Typ,0,,Attchd,2007.0,Unf,2,576,TA,TA,N,0,0,112,0,0,0,0,8,2007,WD,Normal,112000,2232,2.0,112,1.733170134638923,0.05588223686806899,0.3655913978494624,89,0,0,1,7080,6.0,25,2005056
1385,50,RL,60.0,9060,Pave,Reg,Lvl,AllPub,Inside,Gtl,Edwards,Norm,Norm,1Fam,1.5Fin,6,5,1939,1950,Gable,CompShg,WdShing,Wd Shng,0.0,TA,TA,BrkTil,TA,TA,Mn,Rec,204,Unf,0,356,560,GasA,TA,Y,SBrkr,698,560,0,1258,0,0,1,0,2,1,TA,6,Typ,0,,Detchd,1939.0,Unf,1,280,TA,TA,P,0,0,0,0,0,0,0,10,2009,WD,Normal,105000,1818,1.0,0,4.095238095238095,0.13885209713024282,0.30803080308030806,70,0,1,1,7548,2.0,36,1582564
1386,50,RM,40.0,5436,Pave,Reg,Lvl,AllPub,Inside,Gtl,IDOTRR,Norm,Norm,1Fam,1.5Fin,4,8,1922,2007,Gable,CompShg,VinylSd,VinylSd,0.0,TA,Gd,BrkTil,TA,TA,No,BLQ,735,Unf,0,61,796,GasA,Gd,Y,SBrkr,796,358,0,1154,1,0,1,0,3,1,Gd,7,Typ,0,,Detchd,1922.0,Unf,1,240,TA,TA,N,0,96,0,0,0,0,0,5,2010,WD,Normal,125500,1950,2.0,96,30.467741935483872,0.21228844738778513,0.4082051282051282,88,0,1,1,4616,6.0,16,1331716
1387,60,RL,80.0,16692,Pave,IR1,Lvl,AllPub,Inside,Gtl,NWAmes,RRAn,Norm,1Fam,2Story,7,5,1978,1978,Gable,CompShg,Plywood,Plywood,184.0,TA,TA,CBlock,Gd,TA,No,BLQ,790,LwQ,469,133,1392,GasA,TA,Y,SBrkr,1392,1392,0,2784,1,0,3,1,5,1,Gd,12,Typ,2,TA,Attchd,1978.0,RFn,2,564,TA,TA,Y,0,112,0,0,440,519,2000,7,2006,WD,Normal,250000,4176,4.5,552,30.171641791044777,0.1667864845434939,0.3333333333333333,28,0,1,1,19488,22.5,49,7750656
1388,50,RM,60.0,8520,Pave,Reg,Lvl,AllPub,Inside,Gtl,OldTown,Artery,Norm,1Fam,1.5Fin,6,7,1916,1950,Gable,CompShg,Stucco,Stucco,0.0,TA,Gd,BrkTil,TA,TA,No,Rec,168,LwQ,546,0,714,GasW,TA,N,SBrkr,1664,862,0,2526,0,0,2,0,5,1,Gd,10,Typ,1,Gd,Detchd,1916.0,Unf,1,216,TA,TA,Y,88,15,0,0,0,0,0,8,2007,CWD,Family,136000,3240,2.0,15,3240.0,0.2964788732394366,0.22037037037037038,91,0,1,1,15156,10.0,36,6380676
1389,20,RL,42.0,14892,Pave,IR1,HLS,AllPub,CulDSac,Gtl,Gilbert,Norm,Norm,1Fam,1Story,9,5,2006,2007,Gable,CompShg,VinylSd,VinylSd,160.0,Ex,TA,PConc,Ex,TA,Gd,GLQ,1320,Unf,0,426,1746,GasA,Ex,Y,SBrkr,1746,0,0,1746,1,0,2,0,3,1,Ex,7,Typ,2,Gd,Attchd,2006.0,Fin,3,758,TA,TA,Y,201,39,0,0,0,0,0,10,2009,WD,Normal,377500,3492,3.0,39,7.180327868852459,0.11724415793714746,0.5,3,1,0,1,15714,9.0,81,3048516
1390,50,RM,60.0,6000,Pave,Reg,Lvl,AllPub,Inside,Gtl,BrkSide,Norm,Norm,1Fam,1.5Fin,6,6,1941,1950,Gable,CompShg,Wd Sdng,Wd Sdng,0.0,TA,Gd,BrkTil,TA,Gd,No,ALQ,375,Unf,0,360,735,GasA,Ex,Y,SBrkr,869,349,0,1218,0,1,1,0,3,1,TA,6,Typ,1,Gd,Detchd,2003.0,Unf,2,440,TA,TA,Y,0,0,0,0,0,0,0,3,2007,WD,Normal,131000,1953,1.5,0,4.412742382271468,0.203,0.3763440860215054,66,0,1,1,7308,4.5,36,1483524
1391,20,RL,70.0,9100,Pave,Reg,Lvl,AllPub,Inside,Gtl,CollgCr,Norm,Norm,1Fam,1Story,7,5,2000,2000,Gable,CompShg,VinylSd,VinylSd,244.0,Gd,TA,PConc,Gd,TA,Av,GLQ,1400,Unf,0,125,1525,GasA,Ex,Y,SBrkr,1525,0,0,1525,1,0,2,0,3,1,Gd,6,Typ,0,,Attchd,2000.0,RFn,2,541,TA,TA,Y,219,36,0,0,0,0,0,9,2006,WD,Normal,235000,3050,3.0,36,23.214285714285715,0.16758241758241757,0.5,6,0,0,1,10675,9.0,49,2325625
1392,90,RL,65.0,8944,Pave,Reg,Lvl,AllPub,Inside,Gtl,NAmes,Norm,Norm,Duplex,1Story,5,5,1967,1967,Gable,CompShg,Plywood,Plywood,0.0,TA,TA,CBlock,TA,TA,No,Unf,0,Unf,0,1584,1584,GasA,TA,Y,SBrkr,1584,0,0,1584,0,0,2,0,4,2,TA,8,Mod,0,,Detchd,1967.0,Unf,3,792,TA,TA,Y,0,152,0,0,0,0,0,4,2009,WD,Normal,124000,3168,2.0,152,0.9993690851735015,0.1771019677996422,0.5,42,0,0,1,7920,8.0,25,2509056
1393,85,RL,68.0,7838,Pave,Reg,Lvl,AllPub,Inside,Gtl,NAmes,Norm,Norm,1Fam,SFoyer,5,5,1967,1967,Gable,CompShg,HdBoard,HdBoard,0.0,TA,TA,CBlock,TA,TA,Av,ALQ,769,Unf,0,95,864,GasA,TA,Y,SBrkr,900,0,0,900,1,0,1,0,3,1,TA,6,Typ,1,Po,Attchd,1967.0,RFn,1,288,TA,TA,Y,175,144,0,0,0,0,0,12,2006,WD,Normal,123000,1764,2.0,144,17.385416666666668,0.11482521051288594,0.4897959183673469,39,0,0,1,4500,6.0,25,810000
1394,190,RM,60.0,10800,Pave,Reg,Lvl,AllPub,Inside,Gtl,OldTown,Norm,Norm,2fmCon,1.5Fin,6,7,1905,2000,Gable,CompShg,Wd Sdng,Wd Sdng,0.0,TA,TA,BrkTil,Fa,TA,No,Unf,0,Unf,0,482,482,GasA,Ex,N,SBrkr,1221,691,0,1912,0,0,2,0,3,2,TA,7,Typ,1,TA,Detchd,2003.0,Unf,2,672,Gd,TA,Y,0,25,212,0,0,0,0,4,2008,WD,Normal,163000,2394,2.0,237,3.958592132505176,0.17703703703703705,0.20133667502088554,103,0,1,1,11472,6.0,36,3655744
1395,120,RL,53.0,4045,Pave,Reg,Lvl,AllPub,Inside,Gtl,Blmngtn,Norm,Norm,TwnhsE,1Story,7,5,2006,2006,Hip,CompShg,VinylSd,VinylSd,45.0,Gd,TA,PConc,Gd,TA,Av,GLQ,1070,Unf,0,286,1356,GasA,Ex,Y,SBrkr,1500,0,0,1500,1,0,2,0,2,1,Gd,6,Typ,1,Gd,Attchd,2006.0,Fin,3,648,TA,TA,Y,161,20,0,0,0,0,0,10,2006,New,Partial,246578,2856,3.0,20,8.954703832752614,0.37082818294190356,0.47478991596638653,0,1,0,1,10500,6.0,49,2250000
1396,60,RL,88.0,12665,Pave,IR1,Lvl,AllPub,Inside,Gtl,Timber,Norm,Norm,1Fam,2Story,8,5,2005,2006,Hip,CompShg,VinylSd,VinylSd,245.0,Gd,TA,PConc,Gd,Gd,Gd,Unf,0,Unf,0,1094,1094,GasA,Ex,Y,SBrkr,1133,1349,0,2482,0,0,2,1,4,1,Gd,9,Typ,1,Gd,BuiltIn,2005.0,Fin,3,642,TA,TA,Y,144,39,0,0,0,0,0,2,2007,WD,Normal,281213,3576,2.5,39,2.2666666666666666,0.1959731543624161,0.30592841163310963,2,1,1,1,19856,10.0,64,6160324
1397,20,RL,69.0,57200,Pave,IR1,Bnk,AllPub,Inside,Sev,Timber,Norm,Norm,1Fam,1Story,5,5,1948,1950,Gable,CompShg,Wd Sdng,Wd Sdng,0.0,TA,TA,CBlock,TA,TA,Av,BLQ,353,Rec,334,60,747,GasA,TA,Y,SBrkr,1687,0,0,1687,1,0,1,0,3,1,TA,7,Min1,2,TA,Detchd,1966.0,Unf,2,572,TA,TA,N,0,0,50,0,0,0,0,6,2010,WD,Normal,160000,2434,2.0,50,38.91803278688525,0.02949300699300699,0.30690221857025474,62,0,0,1,8435,6.0,25,2845969
1398,70,RM,51.0,6120,Pave,Reg,Lvl,AllPub,Inside,Gtl,BrkSide,Norm,Norm,1Fam,2Story,5,8,1920,2004,Gable,CompShg,MetalSd,MetalSd,0.0,TA,TA,BrkTil,TA,TA,Mn,Unf,0,Unf,0,939,939,GasA,Ex,Y,SBrkr,939,574,0,1513,0,0,1,1,4,1,TA,8,Typ,0,,Detchd,1933.0,Unf,1,180,Fa,Fa,N,24,0,150,0,0,0,0,5,2007,WD,Normal,137500,2452,1.5,150,1.6095744680851063,0.24722222222222223,0.382952691680261,87,0,1,1,7565,6.0,25,2289169
1399,50,RL,60.0,7200,Pave,Reg,Lvl,AllPub,Inside,Gtl,NAmes,Norm,Norm,1Fam,1.5Fin,5,4,1950,1982,Gable,CompShg,VinylSd,Wd Sdng,0.0,TA,TA,CBlock,TA,TA,No,Rec,180,BLQ,352,676,1208,GasA,Gd,Y,FuseA,1136,768,0,1904,1,0,1,1,3,1,TA,7,Min1,0,,Attchd,1950.0,Unf,1,240,TA,TA,Y,0,0,168,0,0,0,0,5,2009,WD,Normal,138000,3112,2.5,168,3.5982274741506646,0.2644444444444444,0.38817480719794345,59,0,1,1,9520,7.5,25,3625216
1400,50,RL,51.0,6171,Pave,Reg,Lvl,AllPub,Inside,Gtl,SWISU,Norm,Norm,1Fam,1.5Fin,6,6,1925,1990,Gable,CompShg,WdShing,Wd Shng,0.0,TA,TA,BrkTil,TA,TA,No,BLQ,264,Unf,0,712,976,GasA,Ex,Y,SBrkr,1160,448,0,1608,0,0,2,1,3,1,Gd,7,Typ,1,Gd,Detchd,1925.0,Unf,1,216,Fa,TA,Y,147,16,0,0,0,0,0,10,2009,WD,Normal,137450,2584,2.5,16,2.6255259467040672,0.2605736509479825,0.37770897832817335,84,0,1,1,9648,7.5,36,2585664
1401,50,RM,50.0,6000,Pave,Reg,Lvl,AllPub,Corner,Gtl,BrkSide,Norm,Norm,1Fam,1.5Fin,6,7,1929,1950,Gable,CompShg,WdShing,Wd Shng,0.0,TA,TA,BrkTil,TA,TA,No,Unf,0,Unf,0,862,862,GasA,TA,Y,SBrkr,950,208,0,1158,0,0,1,0,3,1,TA,5,Typ,1,Gd,BuiltIn,1929.0,RFn,1,208,TA,TA,Y,0,0,112,0,0,0,0,7,2008,WD,Normal,120000,2020,1.0,112,1.3418308227114717,0.193,0.4267326732673267,79,0,1,1,6948,3.0,36,1340964
1402,60,RL,62.0,7415,Pave,IR1,Lvl,AllPub,Inside,Gtl,Gilbert,Norm,Norm,1Fam,2Story,6,5,2004,2004,Gable,CompShg,VinylSd,VinylSd,0.0,TA,TA,PConc,TA,TA,No,GLQ,759,Unf,0,80,839,GasA,Ex,Y,SBrkr,864,729,0,1593,1,0,2,1,3,1,TA,8,Typ,1,TA,Attchd,2004.0,Fin,2,398,TA,TA,Y,100,75,0,0,0,0,0,4,2008,WD,Normal,193000,2432,3.5,75,29.037037037037038,0.2148347943358058,0.3449835526315789,4,0,1,1,9558,10.5,36,2537649
1403,20,RL,64.0,6762,Pave,Reg,Lvl,AllPub,Inside,Gtl,CollgCr,Norm,Norm,1Fam,1Story,7,5,2006,2006,Gable,CompShg,VinylSd,VinylSd,0.0,Gd,TA,PConc,Gd,Gd,Av,Unf,0,Unf,0,1286,1286,GasA,Ex,Y,SBrkr,1294,0,0,1294,0,0,2,0,2,1,Gd,6,Typ,1,Gd,Attchd,2006.0,RFn,2,662,TA,TA,Y,168,55,0,0,0,0,0,7,2006,New,Partial,193879,2580,2.0,55,1.0054390054390054,0.19136350192250814,0.49844961240310076,0,1,0,1,9058,4.0,49,1674436
1404,20,RL,49.0,15256,Pave,IR1,Lvl,AllPub,CulDSac,Gtl,Somerst,RRAn,Norm,1Fam,1Story,8,5,2007,2007,Gable,CompShg,VinylSd,VinylSd,84.0,Gd,TA,PConc,Gd,TA,Gd,GLQ,929,Unf,0,556,1485,GasA,Ex,Y,SBrkr,1464,0,0,1464,1,0,2,0,3,1,Gd,6,Typ,0,,Attchd,2007.0,Unf,3,754,TA,TA,Y,168,160,0,0,0,0,0,8,2007,WD,Normal,282922,2949,3.0,160,4.296229802513465,0.09596224436287362,0.503560528992879,0,1,0,1,11712,9.0,64,2143296
1405,50,RL,60.0,10410,Pave,Reg,Lvl,AllPub,Corner,Gtl,OldTown,Artery,Norm,1Fam,1.5Fin,3,4,1915,1950,Gable,CompShg,Wd Sdng,Wd Sdng,0.0,TA,TA,PConc,TA,TA,No,Unf,0,Unf,0,672,672,GasA,TA,Y,SBrkr,694,520,0,1214,0,0,1,0,3,1,TA,6,Typ,0,,Detchd,1998.0,Unf,3,936,TA,TA,Y,216,0,160,0,0,0,0,1,2006,WD,Family,105000,1886,1.0,160,1.8038632986627043,0.11661863592699327,0.3563096500530223,91,0,1,1,3642,3.0,9,1473796
1406,120,RM,44.0,3842,Pave,IR1,HLS,AllPub,Inside,Mod,Crawfor,Norm,Norm,TwnhsE,1Story,8,5,2004,2005,Hip,CompShg,CemntBd,CmentBd,174.0,Gd,TA,PConc,Ex,TA,Gd,GLQ,1373,Unf,0,221,1594,GasA,Ex,Y,SBrkr,1646,0,0,1646,1,1,2,0,2,1,Gd,5,Typ,1,Gd,Attchd,2004.0,Fin,2,482,TA,TA,Y,128,53,0,0,155,0,0,1,2008,WD,Normal,275000,3240,3.5,208,13.5990990990991,0.4284226965122332,0.4919753086419753,4,0,0,1,13168,7.0,64,2709316
1407,85,RL,70.0,8445,Pave,Reg,Lvl,AllPub,Corner,Gtl,CollgCr,Norm,Norm,1Fam,SFoyer,5,7,1972,2007,Gable,CompShg,HdBoard,Wd Shng,0.0,TA,TA,CBlock,Gd,TA,Av,GLQ,656,Unf,0,112,768,GasA,TA,Y,SBrkr,768,0,0,768,1,0,1,0,2,1,TA,5,Typ,0,,Detchd,1988.0,Unf,2,396,TA,TA,Y,58,0,0,0,0,0,0,3,2009,WD,Normal,133000,1536,2.0,0,12.601769911504425,0.09094138543516873,0.5,37,0,0,1,3840,4.0,25,589824
1408,20,RL,69.0,8780,Pave,IR1,Lvl,AllPub,Corner,Gtl,Mitchel,Norm,Norm,1Fam,1Story,5,5,1985,1985,Gable,CompShg,HdBoard,Plywood,0.0,TA,TA,CBlock,TA,TA,No,ALQ,625,Unf,0,208,833,GasA,Ex,Y,SBrkr,833,0,0,833,1,0,1,0,3,1,TA,5,Typ,0,,,0.0,,0,0,,,Y,0,0,0,0,0,0,0,3,2009,WD,Normal,112000,1666,2.0,0,6.976076555023924,0.094874715261959,0.5,24,0,0,0,4165,6.0,25,693889
1409,70,RM,60.0,7740,Pave,Reg,Lvl,AllPub,Inside,Gtl,OldTown,Norm,Norm,1Fam,2Story,4,7,1910,1950,Gable,CompShg,VinylSd,VinylSd,0.0,TA,TA,CBlock,Fa,TA,No,Unf,0,Unf,0,622,622,GasA,Gd,Y,SBrkr,741,622,0,1363,0,0,1,0,3,1,TA,6,Typ,0,,Detchd,1966.0,Unf,2,528,TA,TA,Y,0,0,0,0,168,0,0,6,2010,WD,Normal,125500,1985,1.0,168,2.187800963081862,0.1760981912144703,0.3133501259445844,100,0,1,1,5452,3.0,16,1857769
1410,60,RL,46.0,20544,Pave,IR1,Lvl,AllPub,CulDSac,Gtl,NWAmes,Norm,Norm,1Fam,2Story,7,6,1986,1991,Gable,CompShg,Plywood,Plywood,123.0,TA,Gd,CBlock,Gd,TA,No,Unf,0,Unf,0,791,791,GasA,Gd,Y,SBrkr,1236,857,0,2093,0,0,2,1,3,1,TA,7,Typ,1,TA,Attchd,1986.0,Fin,2,542,TA,TA,Y,364,63,0,0,0,0,0,11,2008,WD,Normal,215000,2884,2.5,63,2.6426767676767677,0.10187889408099689,0.27427184466019416,22,0,1,1,14651,7.5,49,4380649
1411,60,RL,79.0,12420,Pave,Reg,Lvl,AllPub,Inside,Gtl,CollgCr,Norm,Norm,1Fam,2Story,7,5,2001,2001,Gable,CompShg,VinylSd,VinylSd,0.0,Gd,TA,PConc,Gd,TA,No,GLQ,666,Unf,0,278,944,GasA,Ex,Y,SBrkr,944,896,0,1840,1,0,2,1,3,1,Gd,6,Typ,0,,Attchd,2001.0,RFn,2,622,TA,TA,Y,0,45,0,0,0,0,0,6,2009,WD,Normal,230000,2784,3.5,45,8.982078853046595,0.14814814814814814,0.3390804597701149,8,0,1,1,12880,10.5,49,3385600
1412,50,RL,80.0,9600,Pave,Reg,Lvl,AllPub,Inside,Gtl,NAmes,Norm,Norm,1Fam,1.5Fin,6,8,1950,2005,Gable,CompShg,VinylSd,VinylSd,0.0,TA,Gd,CBlock,TA,TA,No,BLQ,120,Unf,0,736,856,GasA,Ex,Y,SBrkr,1112,556,0,1668,0,0,1,1,3,1,TA,6,Min2,0,,Attchd,1950.0,Unf,1,271,TA,TA,Y,0,0,0,0,0,0,0,9,2009,WD,Normal,140000,2524,1.5,0,2.4260515603799186,0.17375,0.33914421553090335,59,0,1,1,10008,4.5,36,2782224
1413,90,RL,60.0,7200,Pave,Reg,Lvl,AllPub,Inside,Gtl,NAmes,Norm,Norm,Duplex,1Story,4,5,1949,1950,Gable,CompShg,BrkFace,Stone,0.0,TA,TA,Slab,,,,,0,,0,0,0,Wall,Fa,N,FuseF,1040,0,0,1040,0,0,2,0,2,2,TA,6,Typ,0,,Detchd,1956.0,Unf,2,420,TA,TA,Y,0,0,0,0,0,0,0,6,2009,WD,Normal,90000,1040,2.0,0,1040.0,0.14444444444444443,0.0,60,0,0,1,4160,4.0,16,1081600
1414,20,RL,88.0,10994,Pave,IR1,Lvl,AllPub,Corner,Gtl,SawyerW,Norm,Norm,1Fam,1Story,8,5,2005,2006,Gable,CompShg,VinylSd,VinylSd,366.0,Gd,TA,PConc,Gd,Gd,No,GLQ,976,Unf,0,868,1844,GasA,Ex,Y,SBrkr,1844,0,0,1844,1,0,2,0,2,1,Gd,7,Typ,1,Gd,Attchd,2005.0,Fin,2,620,TA,TA,Y,165,44,0,0,0,0,0,9,2009,COD,Abnorml,257000,3688,3.0,44,3.2451093210586883,0.16772785155539385,0.5,4,0,0,1,14752,6.0,64,3400336
1415,50,RL,64.0,13053,Pave,Reg,Bnk,AllPub,Inside,Gtl,BrkSide,Norm,Norm,1Fam,1.5Fin,6,7,1923,2000,Gambrel,CompShg,Wd Sdng,Wd Sdng,0.0,TA,TA,BrkTil,TA,TA,No,Unf,0,Unf,0,833,833,GasA,Gd,Y,SBrkr,1053,795,0,1848,0,0,1,1,4,1,Gd,8,Typ,1,Gd,Detchd,1922.0,Unf,2,370,TA,TA,N,0,0,0,0,220,0,0,6,2008,WD,Normal,207000,2681,1.5,220,2.2158273381294964,0.14157664904619627,0.31070496083550914,85,0,1,1,11088,6.0,36,3415104
1416,120,RL,51.0,3635,Pave,Reg,Lvl,AllPub,Inside,Gtl,Blmngtn,Norm,Norm,TwnhsE,1Story,7,5,2007,2007,Hip,CompShg,VinylSd,VinylSd,130.0,Gd,TA,PConc,Gd,TA,No,ALQ,988,Unf,0,398,1386,GasA,Ex,Y,SBrkr,1569,0,0,1569,0,1,2,0,1,1,Gd,7,Typ,1,TA,Attchd,2007.0,RFn,3,660,TA,TA,Y,143,20,0,0,0,0,0,5,2009,WD,Normal,175900,2955,2.5,20,6.408521303258145,0.43163686382393396,0.46903553299492384,2,1,0,1,10983,2.5,49,2461761
1417,190,RM,60.0,11340,Pave,Reg,Lvl,AllPub,Inside,Gtl,OldTown,Norm,Norm,2fmCon,2Story,4,6,1885,1950,Gable,CompShg,VinylSd,AsbShng,0.0,TA,TA,PConc,TA,TA,No,Unf,0,Unf,0,777,777,GasA,Gd,Y,SBrkr,1246,1044,0,2290,0,0,2,0,4,2,TA,11,Typ,0,,Detchd,1971.0,Unf,2,560,TA,TA,N,0,0,114,0,0,0,0,4,2010,WD,Normal,122500,3067,2.0,114,2.943444730077121,0.2019400352733686,0.2533420280404304,125,0,1,1,9160,8.0,16,5244100
1418,60,RL,69.0,16545,Pave,IR1,Lvl,AllPub,Inside,Gtl,NoRidge,Norm,Norm,1Fam,2Story,8,5,1998,1998,Gable,CompShg,VinylSd,VinylSd,731.0,Gd,TA,PConc,Gd,TA,Mn,GLQ,781,Unf,0,503,1284,GasA,Ex,Y,SBrkr,1310,1140,0,2450,1,0,2,1,3,1,Gd,7,Typ,1,TA,Attchd,1998.0,Fin,3,1069,TA,TA,Y,0,126,0,0,0,0,0,5,2009,WD,Normal,340000,3734,3.5,126,6.410714285714286,0.14808099123602297,0.3438671665773969,11,0,1,1,19600,10.5,64,6002500
1419,20,RL,71.0,9204,Pave,Reg,Lvl,AllPub,Inside,Gtl,NAmes,Norm,Norm,1Fam,1Story,5,5,1963,1963,Gable,CompShg,HdBoard,HdBoard,0.0,TA,TA,CBlock,TA,TA,No,BLQ,25,Rec,872,247,1144,GasA,TA,Y,SBrkr,1144,0,0,1144,1,0,1,1,3,1,TA,6,Typ,0,,Detchd,1962.0,Unf,1,336,TA,TA,Y,0,88,0,0,0,0,0,8,2008,COD,Normal,124000,2288,2.5,88,8.22983870967742,0.12429378531073447,0.5,45,0,0,1,5720,7.5,25,1308736
1420,20,RL,69.0,16381,Pave,IR1,Lvl,AllPub,Inside,Gtl,Crawfor,Norm,Norm,1Fam,1Story,6,5,1969,1969,Gable,CompShg,Plywood,Plywood,312.0,Gd,Gd,CBlock,TA,TA,Av,Rec,1110,Unf,0,734,1844,GasA,Gd,Y,SBrkr,1844,0,0,1844,1,0,2,0,3,1,Gd,7,Typ,1,TA,Attchd,1969.0,RFn,2,540,TA,TA,Y,0,73,216,0,0,0,0,12,2006,WD,Normal,223000,3688,3.0,289,4.019047619047619,0.11256944020511568,0.5,37,0,0,1,11064,9.0,36,3400336
1421,60,RL,90.0,11700,Pave,Reg,Lvl,AllPub,Corner,Gtl,NWAmes,Norm,Norm,1Fam,2Story,6,6,1968,1968,Gable,CompShg,HdBoard,HdBoard,420.0,TA,TA,CBlock,TA,TA,No,ALQ,404,Unf,0,304,708,GasA,Gd,Y,SBrkr,708,708,0,1416,0,0,2,1,3,1,TA,7,Typ,1,TA,Attchd,1968.0,RFn,2,776,TA,TA,Y,0,169,0,0,119,0,0,5,2006,WD,Normal,179900,2124,2.5,288,5.967213114754099,0.12102564102564102,0.3333333333333333,38,0,1,1,8496,7.5,36,2005056
1422,120,RL,53.0,4043,Pave,Reg,Lvl,AllPub,Inside,Gtl,NPkVill,Norm,Norm,TwnhsE,1Story,6,5,1977,1977,Gable,CompShg,Plywood,Plywood,0.0,TA,TA,CBlock,Gd,TA,No,ALQ,360,Unf,0,709,1069,GasA,TA,Y,SBrkr,1069,0,0,1069,0,0,2,0,2,1,TA,4,Typ,1,Fa,Attchd,1977.0,RFn,2,440,TA,TA,Y,0,55,0,0,165,0,0,7,2010,WD,Normal,127500,2138,2.0,220,2.0126760563380284,0.2644076181053673,0.5,33,0,0,1,6414,4.0,36,1142761
1423,120,RM,37.0,4435,Pave,Reg,Lvl,AllPub,Inside,Gtl,CollgCr,Norm,Norm,TwnhsE,1Story,6,5,2003,2003,Gable,CompShg,VinylSd,VinylSd,170.0,Gd,TA,PConc,Gd,TA,Av,GLQ,686,Unf,0,162,848,GasA,Ex,Y,SBrkr,848,0,0,848,1,0,1,0,1,1,Gd,3,Typ,0,,Attchd,2003.0,Fin,2,420,TA,TA,Y,140,0,0,0,0,0,0,3,2008,WD,Normal,136500,1696,2.0,0,9.411042944785276,0.19120631341600902,0.5,5,0,0,1,5088,2.0,36,719104
1424,80,RL,69.0,19690,Pave,IR1,Lvl,AllPub,CulDSac,Gtl,Edwards,Norm,Norm,1Fam,SLvl,6,7,1966,1966,Flat,Tar&Grv,Plywood,Plywood,0.0,Gd,Gd,CBlock,Gd,TA,Av,Unf,0,Unf,0,697,697,GasA,TA,Y,SBrkr,1575,626,0,2201,0,0,2,0,4,1,Gd,8,Typ,1,Gd,Attchd,1966.0,Unf,2,432,Gd,Gd,Y,586,236,0,0,0,738,0,8,2006,WD,Alloca,274970,2898,2.0,236,3.153295128939828,0.11178263077704419,0.24051069703243616,40,0,1,1,13206,8.0,36,4844401
1425,20,RL,69.0,9503,Pave,Reg,Lvl,AllPub,Inside,Gtl,NAmes,Norm,Norm,1Fam,1Story,5,5,1958,1983,Hip,CompShg,HdBoard,HdBoard,0.0,TA,TA,CBlock,TA,TA,No,ALQ,457,Rec,374,193,1024,GasA,TA,Y,SBrkr,1344,0,0,1344,1,0,1,0,2,1,TA,6,Min1,1,TA,Detchd,1970.0,Unf,1,484,TA,TA,Y,316,28,0,0,0,0,0,6,2007,WD,Normal,144000,2368,2.0,28,11.211340206185566,0.14142902241397454,0.43243243243243246,49,0,0,1,6720,4.0,25,1806336
1426,20,RL,80.0,10721,Pave,IR1,Lvl,AllPub,Inside,Gtl,NAmes,Norm,Norm,1Fam,1Story,6,6,1959,1959,Hip,CompShg,HdBoard,HdBoard,243.0,Gd,TA,CBlock,TA,TA,No,Unf,0,Unf,0,1252,1252,GasA,Ex,Y,SBrkr,1252,0,0,1252,0,0,1,0,3,1,Gd,7,Typ,0,,Detchd,1960.0,Unf,2,528,TA,TA,Y,0,39,0,0,0,0,0,10,2008,WD,Normal,142000,2504,1.0,39,0.9992019154030327,0.11678015110530734,0.5,49,0,0,1,7512,3.0,36,1567504
1427,60,RL,81.0,10944,Pave,IR1,Lvl,AllPub,Inside,Gtl,NoRidge,Norm,Norm,1Fam,2Story,7,5,1994,1994,Gable,CompShg,VinylSd,VinylSd,448.0,Gd,TA,PConc,Gd,TA,No,GLQ,1000,Unf,0,223,1223,GasA,Ex,Y,SBrkr,1223,904,0,2127,1,0,2,1,3,1,Gd,5,Typ,2,TA,Attchd,1994.0,RFn,2,525,TA,TA,Y,171,132,0,0,0,0,0,8,2008,WD,Normal,271000,3350,3.5,132,13.959821428571429,0.1943530701754386,0.36507462686567166,14,0,1,1,14889,10.5,49,4524129
1428,50,RL,60.0,10930,Pave,Reg,Bnk,AllPub,Inside,Gtl,NAmes,Artery,Norm,1Fam,1.5Fin,5,6,1945,1950,Gable,CompShg,MetalSd,MetalSd,0.0,TA,TA,CBlock,TA,TA,No,BLQ,580,Unf,0,333,913,GasA,TA,Y,FuseA,1048,510,0,1558,1,0,1,1,3,1,TA,6,Typ,1,TA,Attchd,1962.0,Unf,1,288,TA,TA,Y,0,0,0,0,0,0,0,4,2008,WD,Normal,140000,2471,2.5,0,6.401197604790419,0.1425434583714547,0.36948603804127883,63,0,1,1,7790,7.5,25,2427364
1429,30,RM,60.0,7200,Pave,Reg,Lvl,AllPub,Corner,Gtl,OldTown,Norm,Norm,1Fam,1Story,5,7,1940,1992,Gable,CompShg,MetalSd,MetalSd,294.0,TA,Gd,CBlock,TA,TA,No,BLQ,510,Unf,0,278,788,GasA,TA,Y,SBrkr,804,0,0,804,1,0,1,0,2,1,Gd,4,Typ,2,Gd,Attchd,1940.0,Unf,1,240,TA,TA,Y,0,0,154,0,0,0,0,2,2010,WD,Abnorml,119000,1592,2.0,154,4.709677419354839,0.11166666666666666,0.4949748743718593,70,0,0,1,4020,4.0,25,646416
1430,20,RL,69.0,12546,Pave,IR1,Lvl,AllPub,Corner,Gtl,NWAmes,Norm,Norm,1Fam,1Story,6,7,1981,1981,Gable,CompShg,MetalSd,MetalSd,310.0,Gd,Gd,CBlock,Gd,TA,No,BLQ,678,Unf,0,762,1440,GasA,Ex,Y,SBrkr,1440,0,0,1440,0,0,2,0,3,1,Gd,7,Typ,1,TA,Attchd,1981.0,Fin,2,467,TA,TA,Y,0,0,99,0,0,0,0,4,2007,WD,Normal,182900,2880,2.0,99,2.7758846657929226,0.11477761836441894,0.5,26,0,0,1,8640,6.0,36,2073600
1431,60,RL,60.0,21930,Pave,IR3,Lvl,AllPub,Inside,Gtl,Gilbert,RRAn,Norm,1Fam,2Story,5,5,2005,2005,Gable,CompShg,VinylSd,VinylSd,0.0,Gd,TA,PConc,Gd,Gd,Av,Unf,0,Unf,0,732,732,GasA,Ex,Y,SBrkr,734,1104,0,1838,0,0,2,1,4,1,TA,7,Typ,1,Gd,BuiltIn,2005.0,Fin,2,372,TA,TA,Y,100,40,0,0,0,0,0,7,2006,WD,Normal,192140,2570,2.5,40,2.5075034106412004,0.08381212950296398,0.2848249027237354,1,1,1,1,9190,10.0,25,3378244
1432,120,RL,69.0,4928,Pave,IR1,Lvl,AllPub,Inside,Gtl,NPkVill,Norm,Norm,TwnhsE,1Story,6,6,1976,1976,Gable,CompShg,Plywood,Plywood,0.0,TA,TA,CBlock,Gd,TA,No,LwQ,958,Unf,0,0,958,GasA,TA,Y,SBrkr,958,0,0,958,0,0,2,0,2,1,TA,5,Typ,0,,Attchd,1976.0,RFn,2,440,TA,TA,Y,0,60,0,0,0,0,0,10,2009,WD,Normal,143750,1916,2.0,60,1916.0,0.19439935064935066,0.5,33,0,0,1,5748,4.0,36,917764
1433,30,RL,60.0,10800,Pave,Reg,Lvl,AllPub,Inside,Gtl,OldTown,Norm,Norm,1Fam,1Story,4,6,1927,2007,Gable,CompShg,Wd Sdng,Wd Sdng,0.0,TA,TA,BrkTil,TA,TA,No,Unf,0,Unf,0,656,656,GasA,TA,Y,SBrkr,968,0,0,968,0,0,2,0,4,1,TA,5,Typ,0,,Detchd,1928.0,Unf,1,216,Fa,Fa,Y,0,0,0,0,0,0,0,8,2007,WD,Normal,64500,1624,2.0,0,1.4733637747336377,0.08962962962962963,0.4039408866995074,80,0,0,1,3872,8.0,16,937024
1434,60,RL,93.0,10261,Pave,IR1,Lvl,AllPub,Inside,Gtl,Gilbert,Norm,Norm,1Fam,2Story,6,5,2000,2000,Gable,CompShg,VinylSd,VinylSd,318.0,TA,TA,PConc,Gd,TA,No,Unf,0,Unf,0,936,936,GasA,Ex,Y,SBrkr,962,830,0,1792,1,0,2,1,3,1,TA,8,Typ,1,TA,Attchd,2000.0,Fin,2,451,TA,TA,Y,0,0,0,0,0,0,0,5,2008,WD,Normal,186500,2728,3.5,0,1.912486659551761,0.17464184777312153,0.34310850439882695,8,0,1,1,10752,10.5,36,3211264
1435,20,RL,80.0,17400,Pave,Reg,Low,AllPub,Inside,Mod,Mitchel,Norm,Norm,1Fam,1Story,5,5,1977,1977,Gable,CompShg,BrkFace,BrkFace,0.0,TA,TA,CBlock,TA,TA,No,ALQ,936,Unf,0,190,1126,GasA,Fa,Y,SBrkr,1126,0,0,1126,1,0,2,0,3,1,TA,5,Typ,1,Gd,Attchd,1977.0,RFn,2,484,TA,TA,P,295,41,0,0,0,0,0,5,2006,WD,Normal,160000,2252,3.0,41,10.795811518324607,0.06471264367816092,0.5,29,0,0,1,5630,9.0,25,1267876
1436,20,RL,80.0,8400,Pave,Reg,Lvl,AllPub,Inside,Gtl,NAmes,Norm,Norm,1Fam,1Story,6,9,1962,2005,Gable,CompShg,Wd Sdng,Wd Sdng,237.0,Gd,Gd,CBlock,TA,TA,No,Unf,0,Unf,0,1319,1319,GasA,TA,Y,SBrkr,1537,0,0,1537,1,0,1,1,3,1,Gd,7,Typ,1,Gd,Attchd,1962.0,RFn,2,462,TA,TA,Y,0,36,0,0,0,0,0,7,2008,COD,Abnorml,174000,2856,2.5,36,1.1643939393939393,0.1829761904761905,0.46183473389355745,46,0,0,1,9222,7.5,36,2362369
1437,20,RL,60.0,9000,Pave,Reg,Lvl,AllPub,FR2,Gtl,NAmes,Norm,Norm,1Fam,1Story,4,6,1971,1971,Gable,CompShg,HdBoard,HdBoard,0.0,TA,TA,PConc,TA,TA,No,ALQ,616,Unf,0,248,864,GasA,TA,Y,SBrkr,864,0,0,864,0,0,1,0,3,1,TA,5,Typ,0,,Detchd,1974.0,Unf,2,528,TA,TA,Y,0,0,0,0,0,0,0,5,2007,WD,Normal,120500,1728,1.0,0,5.943775100401607,0.096,0.5,36,0,0,1,3456,3.0,16,746496
1438,20,RL,96.0,12444,Pave,Reg,Lvl,AllPub,FR2,Gtl,NridgHt,Norm,Norm,1Fam,1Story,8,5,2008,2008,Hip,CompShg,VinylSd,VinylSd,426.0,Ex,TA,PConc,Ex,TA,Av,GLQ,1336,Unf,0,596,1932,GasA,Ex,Y,SBrkr,1932,0,0,1932,1,0,2,0,2,1,Ex,7,Typ,1,Gd,Attchd,2008.0,Fin,3,774,TA,TA,Y,0,66,0,304,0,0,0,11,2008,New,Partial,394617,3864,3.0,370,5.474036850921273,0.15525554484088716,0.5,0,1,0,1,15456,6.0,64,3732624
1439,20,RM,90.0,7407,Pave,Reg,Lvl,AllPub,Inside,Gtl,OldTown,Artery,Norm,1Fam,1Story,6,7,1957,1996,Gable,CompShg,MetalSd,MetalSd,0.0,TA,TA,CBlock,TA,TA,No,GLQ,600,Unf,0,312,912,GasA,TA,Y,FuseA,1236,0,0,1236,1,0,1,0,2,1,TA,6,Typ,0,,Attchd,1957.0,Unf,2,923,TA,TA,Y,0,158,158,0,0,0,0,4,2010,WD,Normal,149700,2148,2.0,316,5.865814696485623,0.16686917780477925,0.4245810055865922,53,0,0,1,7416,4.0,36,1527696
1440,60,RL,80.0,11584,Pave,Reg,Lvl,AllPub,Inside,Gtl,NWAmes,Norm,Norm,1Fam,SLvl,7,6,1979,1979,Hip,CompShg,HdBoard,HdBoard,96.0,TA,TA,CBlock,TA,TA,No,GLQ,315,Rec,110,114,539,GasA,TA,Y,SBrkr,1040,685,0,1725,0,0,2,1,3,1,TA,6,Typ,1,TA,Attchd,1979.0,RFn,2,550,TA,TA,Y,0,88,216,0,0,0,0,11,2007,WD,Normal,197000,2264,2.5,304,18.695652173913043,0.14891229281767956,0.23807420494699646,28,0,1,1,12075,7.5,49,2975625
1441,70,RL,79.0,11526,Pave,IR1,Bnk,AllPub,Inside,Mod,Crawfor,Norm,Norm,1Fam,2.5Fin,6,7,1922,1994,Gable,CompShg,MetalSd,MetalSd,0.0,TA,TA,BrkTil,Ex,TA,No,Unf,0,Unf,0,588,588,GasA,Fa,Y,SBrkr,1423,748,384,2555,0,0,2,0,3,1,TA,11,Min1,1,Gd,Detchd,1993.0,Fin,2,672,TA,TA,Y,431,0,0,0,0,0,0,9,2008,WD,Normal,191000,2759,2.0,0,4.33786078098472,0.22167273989241715,0.21312069590431315,86,0,1,1,15330,6.0,36,6528025
1442,120,RM,69.0,4426,Pave,Reg,Lvl,AllPub,Inside,Gtl,CollgCr,Norm,Norm,TwnhsE,1Story,6,5,2004,2004,Gable,CompShg,VinylSd,VinylSd,147.0,Gd,TA,PConc,Gd,TA,Av,GLQ,697,Unf,0,151,848,GasA,Ex,Y,SBrkr,848,0,0,848,1,0,1,0,1,1,Gd,3,Typ,1,TA,Attchd,2004.0,RFn,2,420,TA,TA,Y,149,0,0,0,0,0,0,5,2008,WD,Normal,149300,1696,2.0,0,10.164473684210526,0.19159511974694984,0.5,4,0,0,1,5088,2.0,36,719104
1443,60,FV,85.0,11003,Pave,Reg,Lvl,AllPub,Inside,Gtl,Somerst,Norm,Norm,1Fam,2Story,10,5,2008,2008,Gable,CompShg,VinylSd,VinylSd,160.0,Ex,TA,PConc,Ex,TA,Av,GLQ,765,Unf,0,252,1017,GasA,Ex,Y,SBrkr,1026,981,0,2007,1,0,2,1,3,1,Ex,10,Typ,1,Ex,Attchd,2008.0,Fin,3,812,TA,TA,Y,168,52,0,0,0,0,0,4,2009,WD,Normal,310000,3024,3.5,52,10.956521739130435,0.18240479869126602,0.33630952380952384,1,1,1,1,20070,10.5,100,4028049
1444,30,RL,69.0,8854,Pave,Reg,Lvl,AllPub,Inside,Gtl,BrkSide,Norm,Norm,1Fam,1.5Unf,6,6,1916,1950,Gable,CompShg,Wd Sdng,Wd Sdng,0.0,TA,TA,BrkTil,TA,TA,No,Unf,0,Unf,0,952,952,Grav,Fa,N,FuseF,952,0,0,952,0,0,1,0,2,1,Fa,4,Typ,1,Gd,Detchd,1916.0,Unf,1,192,Fa,Po,P,0,98,0,0,40,0,0,5,2009,WD,Normal,121000,1904,1.0,138,0.9989506820566632,0.10752202394398012,0.5,93,0,0,1,5712,2.0,36,906304
1445,20,RL,63.0,8500,Pave,Reg,Lvl,AllPub,FR2,Gtl,CollgCr,Norm,Norm,1Fam,1Story,7,5,2004,2004,Gable,CompShg,VinylSd,VinylSd,106.0,Gd,TA,PConc,Gd,TA,Av,Unf,0,Unf,0,1422,1422,GasA,Ex,Y,SBrkr,1422,0,0,1422,0,0,2,0,3,1,Gd,7,Typ,0,,Attchd,2004.0,RFn,2,626,TA,TA,Y,192,60,0,0,0,0,0,11,2007,WD,Normal,179600,2844,2.0,60,0.9992972593113141,0.16729411764705882,0.5,3,1,0,1,9954,6.0,49,2022084
1446,85,RL,70.0,8400,Pave,Reg,Lvl,AllPub,Inside,Gtl,Sawyer,Norm,Norm,1Fam,SFoyer,6,5,1966,1966,Gable,CompShg,VinylSd,VinylSd,0.0,TA,TA,CBlock,TA,TA,Gd,LwQ,187,Rec,627,0,814,GasA,Gd,Y,SBrkr,913,0,0,913,1,0,1,0,3,1,TA,6,Typ,0,,Detchd,1990.0,Unf,1,240,TA,TA,Y,0,0,252,0,0,0,0,5,2007,WD,Normal,129000,1727,2.0,252,1727.0,0.10869047619047618,0.4713375796178344,41,0,0,1,5478,6.0,36,833569
1447,20,RL,69.0,26142,Pave,IR1,Lvl,AllPub,CulDSac,Gtl,Mitchel,Norm,Norm,1Fam,1Story,5,7,1962,1962,Gable,CompShg,HdBoard,HdBoard,189.0,TA,TA,CBlock,TA,TA,No,Rec,593,Unf,0,595,1188,GasA,TA,Y,SBrkr,1188,0,0,1188,0,0,1,0,3,1,TA,6,Typ,0,,Attchd,1962.0,Unf,1,312,TA,TA,P,261,39,0,0,0,0,0,4,2010,WD,Normal,157900,2376,1.0,39,2.988255033557047,0.04544411292173514,0.5,48,0,0,1,5940,3.0,25,1411344
1448,60,RL,80.0,10000,Pave,Reg,Lvl,AllPub,Inside,Gtl,CollgCr,Norm,Norm,1Fam,2Story,8,5,1995,1996,Gable,CompShg,VinylSd,VinylSd,438.0,Gd,TA,PConc,Gd,TA,No,GLQ,1079,Unf,0,141,1220,GasA,Ex,Y,SBrkr,1220,870,0,2090,1,0,2,1,3,1,Gd,8,Typ,1,TA,Attchd,1995.0,RFn,2,556,TA,TA,Y,0,65,0,0,0,0,0,12,2007,WD,Normal,240000,3310,3.5,65,22.316901408450704,0.209,0.3685800604229607,12,0,1,1,16720,10.5,64,4368100
1449,50,RL,70.0,11767,Pave,Reg,Lvl,AllPub,Inside,Gtl,Edwards,Norm,Norm,1Fam,2Story,4,7,1910,2000,Gable,CompShg,MetalSd,HdBoard,0.0,TA,TA,CBlock,Fa,TA,No,Unf,0,Unf,0,560,560,GasA,Gd,N,SBrkr,796,550,0,1346,0,0,1,1,2,1,TA,6,Min2,0,,Detchd,1950.0,Unf,1,384,Fa,TA,Y,168,24,0,0,0,0,0,5,2007,WD,Normal,112000,1906,1.5,24,2.3992869875222818,0.11438769439959208,0.2938090241343127,97,0,1,1,5384,3.0,16,1811716
1450,180,RM,21.0,1533,Pave,Reg,Lvl,AllPub,Inside,Gtl,MeadowV,Norm,Norm,Twnhs,SFoyer,5,7,1970,1970,Gable,CompShg,CemntBd,CmentBd,0.0,TA,TA,CBlock,Gd,TA,Av,GLQ,553,Unf,0,77,630,GasA,Ex,Y,SBrkr,630,0,0,630,1,0,1,0,1,1,Ex,3,Typ,0,,,0.0,,0,0,,,Y,0,0,0,0,0,0,0,8,2006,WD,Abnorml,92000,1260,2.0,0,15.166666666666666,0.410958904109589,0.5,36,0,0,0,3150,2.0,25,396900
1451,90,RL,60.0,9000,Pave,Reg,Lvl,AllPub,FR2,Gtl,NAmes,Norm,Norm,Duplex,2Story,5,5,1974,1974,Gable,CompShg,VinylSd,VinylSd,0.0,TA,TA,CBlock,Gd,TA,No,Unf,0,Unf,0,896,896,GasA,TA,Y,SBrkr,896,896,0,1792,0,0,2,2,4,2,TA,8,Typ,0,,,0.0,,0,0,,,Y,32,45,0,0,0,0,0,9,2009,WD,Normal,136000,2688,3.0,45,1.9977703455964326,0.1991111111111111,0.3333333333333333,35,0,1,0,8960,12.0,25,3211264
1452,20,RL,78.0,9262,Pave,Reg,Lvl,AllPub,Inside,Gtl,Somerst,Norm,Norm,1Fam,1Story,8,5,2008,2009,Gable,CompShg,CemntBd,CmentBd,194.0,Gd,TA,PConc,Gd,TA,No,Unf,0,Unf,0,1573,1573,GasA,Ex,Y,SBrkr,1578,0,0,1578,0,0,2,0,3,1,Ex,7,Typ,1,Gd,Attchd,2008.0,Fin,3,840,TA,TA,Y,0,36,0,0,0,0,0,5,2009,New,Partial,287090,3151,2.0,36,1.0025412960609912,0.17037356942345067,0.49920660107902254,1,1,0,1,12624,6.0,64,2490084
1453,180,RM,35.0,3675,Pave,Reg,Lvl,AllPub,Inside,Gtl,Edwards,Norm,Norm,TwnhsE,SLvl,5,5,2005,2005,Gable,CompShg,VinylSd,VinylSd,80.0,TA,TA,PConc,Gd,TA,Gd,GLQ,547,Unf,0,0,547,GasA,Gd,Y,SBrkr,1072,0,0,1072,1,0,1,0,2,1,TA,5,Typ,0,,Basment,2005.0,Fin,2,525,TA,TA,Y,0,28,0,0,0,0,0,5,2006,WD,Normal,145000,1619,2.0,28,1619.0,0.2917006802721088,0.3378628783199506,1,1,0,1,5360,4.0,25,1149184
1454,20,RL,90.0,17217,Pave,Reg,Lvl,AllPub,Inside,Gtl,Mitchel,Norm,Norm,1Fam,1Story,5,5,2006,2006,Gable,CompShg,VinylSd,VinylSd,0.0,TA,TA,PConc,Gd,TA,No,Unf,0,Unf,0,1140,1140,GasA,Ex,Y,SBrkr,1140,0,0,1140,0,0,1,0,3,1,TA,6,Typ,0,,,0.0,,0,0,,,Y,36,56,0,0,0,0,0,7,2006,WD,Abnorml,84500,2280,1.0,56,0.9991235758106923,0.0662136260672591,0.5,0,1,0,0,5700,3.0,25,1299600
1455,20,FV,62.0,7500,Pave,Reg,Lvl,AllPub,Inside,Gtl,Somerst,Norm,Norm,1Fam,1Story,7,5,2004,2005,Gable,CompShg,VinylSd,VinylSd,0.0,Gd,TA,PConc,Gd,TA,No,GLQ,410,Unf,0,811,1221,GasA,Ex,Y,SBrkr,1221,0,0,1221,1,0,2,0,2,1,Gd,6,Typ,0,,Attchd,2004.0,RFn,2,400,TA,TA,Y,0,113,0,0,0,0,0,10,2009,WD,Normal,185000,2442,3.0,113,2.0086206896551726,0.1628,0.5,5,0,0,1,8547,6.0,49,1490841
1456,60,RL,62.0,7917,Pave,Reg,Lvl,AllPub,Inside,Gtl,Gilbert,Norm,Norm,1Fam,2Story,6,5,1999,2000,Gable,CompShg,VinylSd,VinylSd,0.0,TA,TA,PConc,Gd,TA,No,Unf,0,Unf,0,953,953,GasA,Ex,Y,SBrkr,953,694,0,1647,0,0,2,1,3,1,TA,7,Typ,1,TA,Attchd,1999.0,RFn,2,460,TA,TA,Y,0,40,0,0,0,0,0,8,2007,WD,Normal,175000,2600,2.5,40,1.7264150943396226,0.20803334596438045,0.36653846153846154,8,0,1,1,9882,7.5,36,2712609
1457,20,RL,85.0,13175,Pave,Reg,Lvl,AllPub,Inside,Gtl,NWAmes,Norm,Norm,1Fam,1Story,6,6,1978,1988,Gable,CompShg,Plywood,Plywood,119.0,TA,TA,CBlock,Gd,TA,No,ALQ,790,Rec,163,589,1542,GasA,TA,Y,SBrkr,2073,0,0,2073,1,0,2,0,3,1,TA,7,Min1,2,TA,Attchd,1978.0,Unf,2,500,TA,TA,Y,349,0,0,0,0,0,0,2,2010,WD,Normal,210000,3615,3.0,0,5.128813559322034,0.15734345351043644,0.42655601659751036,32,0,0,1,12438,9.0,36,4297329
1458,70,RL,66.0,9042,Pave,Reg,Lvl,AllPub,Inside,Gtl,Crawfor,Norm,Norm,1Fam,2Story,7,9,1941,2006,Gable,CompShg,CemntBd,CmentBd,0.0,Ex,Gd,Stone,TA,Gd,No,GLQ,275,Unf,0,877,1152,GasA,Ex,Y,SBrkr,1188,1152,0,2340,0,0,2,0,4,1,Gd,9,Typ,2,Gd,Attchd,1941.0,RFn,1,252,TA,TA,Y,0,60,0,0,0,0,2500,5,2010,WD,Normal,266500,3492,2.0,60,2.978359908883827,0.258792302587923,0.32989690721649484,69,0,1,1,16380,8.0,49,5475600
1459,20,RL,68.0,9717,Pave,Reg,Lvl,AllPub,Inside,Gtl,NAmes,Norm,Norm,1Fam,1Story,5,6,1950,1996,Hip,CompShg,MetalSd,MetalSd,0.0,TA,TA,CBlock,TA,TA,Mn,GLQ,49,Rec,1029,0,1078,GasA,Gd,Y,FuseA,1078,0,0,1078,1,0,1,0,2,1,Gd,5,Typ,0,,Attchd,1950.0,Unf,1,240,TA,TA,Y,366,0,112,0,0,0,0,4,2010,WD,Normal,142125,2156,2.0,112,2156.0,0.11093959040856231,0.5,60,0,0,1,5390,4.0,25,1162084
1460,20,RL,75.0,9937,Pave,Reg,Lvl,AllPub,Inside,Gtl,Edwards,Norm,Norm,1Fam,1Story,5,6,1965,1965,Gable,CompShg,HdBoard,HdBoard,0.0,Gd,TA,CBlock,TA,TA,No,BLQ,830,LwQ,290,136,1256,GasA,Gd,Y,SBrkr,1256,0,0,1256,1,0,1,1,3,1,TA,6,Typ,0,,Attchd,1965.0,Fin,1,276,TA,TA,Y,736,68,0,0,0,0,0,6,2008,WD,Normal,147500,2512,2.5,68,17.343065693430656,0.12639629666901478,0.5,43,0,0,1,6280,7.5,25,1577536
